county_fips,county_name,tract_fips,total_pop,rpl_themes,ep_pov150,ep_unemp,ep_hburd,ep_nohsdp,ep_uninsur,ep_age65,ep_age17,ep_crowd,ep_noveh,ep_noint
36001,Albany County,36001000100,2259,0.8673,48.0,15.2,42.8,22.7,6.0,16.3,28.4,7.2,21.5,14.5
36001,Albany County,36001000201,2465,0.7962,49.2,8.5,41.4,17.3,6.6,12.5,16.9,0.0,31.6,23.7
36001,Albany County,36001000202,2374,0.6734,46.7,5.2,46.8,13.2,2.8,8.2,25.8,0.0,32.6,22.6
36001,Albany County,36001000301,2837,0.7955,39.9,11.0,45.7,15.3,8.5,7.9,23.5,0.0,51.0,15.0
36001,Albany County,36001000302,3200,0.5451,26.6,6.2,47.6,4.3,3.3,19.7,15.3,0.0,19.8,20.9
36001,Albany County,36001000401,2301,0.3305,12.5,2.0,32.4,6.6,3.7,47.3,5.3,0.0,14.8,16.8
36001,Albany County,36001000403,4348,0.3174,22.2,7.2,40.0,11.7,2.4,13.7,10.7,0.0,11.5,13.2
36001,Albany County,36001000404,5126,0.2085,21.7,15.9,33.3,0.0,1.9,0.3,1.8,0.0,33.3,33.3
36001,Albany County,36001000501,3471,0.819,56.0,9.3,49.3,18.2,3.6,9.7,20.1,1.0,37.8,12.5
36001,Albany County,36001000502,3788,0.3914,46.9,6.5,42.1,5.2,5.4,4.4,6.3,0.0,16.5,15.6
36001,Albany County,36001000600,3352,0.9266,62.8,26.4,67.7,23.4,11.7,7.1,18.7,4.9,46.1,16.9
36001,Albany County,36001000700,3733,0.9416,38.3,14.9,52.5,15.9,2.9,16.3,27.7,2.8,44.6,12.5
36001,Albany County,36001000800,1800,0.9645,62.0,28.3,51.5,25.6,5.2,13.6,29.2,9.8,73.9,20.9
36001,Albany County,36001001100,2143,0.7639,45.2,4.4,38.5,11.7,14.4,14.0,5.3,2.0,40.5,29.1
36001,Albany County,36001001400,4054,0.2266,19.7,2.0,24.9,6.6,3.3,13.6,6.2,0.0,30.3,7.3
36001,Albany County,36001001500,5198,0.5771,48.5,3.9,46.0,13.4,2.2,4.0,12.7,0.8,23.5,20.3
36001,Albany County,36001001600,4759,0.4634,29.0,1.9,44.9,8.3,5.4,5.3,14.5,1.0,15.1,11.5
36001,Albany County,36001001700,4223,0.3701,17.6,7.2,35.7,2.3,0.7,16.5,16.4,0.5,14.3,7.9
36001,Albany County,36001001802,4042,0.2638,17.8,4.6,28.8,3.9,2.9,23.0,14.3,0.4,6.5,9.4
36001,Albany County,36001001803,3608,0.1378,6.3,0.3,12.6,5.6,4.4,38.7,4.4,0.0,8.6,27.1
36001,Albany County,36001001804,3522,0.5754,15.3,9.0,24.7,5.5,1.8,31.4,12.4,0.0,14.9,13.7
36001,Albany County,36001001901,2531,0.057,5.0,1.6,18.6,0.9,0.2,25.0,15.2,0.0,2.2,17.9
36001,Albany County,36001001902,2470,0.0555,6.9,2.5,19.2,4.0,0.4,16.8,15.3,0.0,6.0,4.5
36001,Albany County,36001002000,6576,0.5469,26.3,3.3,25.6,15.5,5.2,6.9,25.0,6.3,9.7,9.6
36001,Albany County,36001002100,3317,0.6425,37.2,11.4,40.1,16.0,8.1,7.2,7.7,0.0,28.1,7.6
36001,Albany County,36001002200,2409,0.3467,34.5,5.5,39.6,2.6,3.3,12.5,6.3,0.6,18.5,17.9
36001,Albany County,36001002300,1971,0.671,39.5,4.5,36.5,12.6,12.4,11.0,10.7,1.3,37.2,12.6
36001,Albany County,36001002500,3062,0.9683,52.0,7.7,50.6,22.9,5.3,5.8,28.4,8.7,42.0,20.1
36001,Albany County,36001002600,4753,0.816,24.0,24.8,18.6,20.0,5.9,15.7,19.2,1.4,24.4,12.8
36001,Albany County,36001012700,3464,0.4763,25.1,5.8,27.8,7.4,3.8,14.8,18.2,2.0,8.2,23.6
36001,Albany County,36001012800,3975,0.8061,50.8,15.3,48.8,19.8,1.9,11.9,34.8,1.2,22.9,17.8
36001,Albany County,36001012900,3491,0.637,33.7,6.5,22.7,15.8,3.8,10.1,18.6,0.6,22.4,15.2
36001,Albany County,36001013000,7030,0.3233,8.4,5.4,25.0,4.3,2.7,28.6,15.1,0.0,4.8,6.3
36001,Albany County,36001013100,2968,0.5239,35.7,13.0,32.7,13.4,4.9,15.0,18.2,1.4,15.5,20.3
36001,Albany County,36001013200,3492,0.7392,47.4,1.8,36.8,19.4,4.4,20.8,24.6,1.7,23.4,25.0
36001,Albany County,36001013300,3984,0.4995,31.6,5.3,44.2,5.5,2.1,16.3,17.7,0.5,8.0,6.2
36001,Albany County,36001013400,2849,0.3545,17.2,6.2,25.1,6.6,3.1,12.5,16.8,5.5,6.5,5.9
36001,Albany County,36001013503,5446,0.2097,13.6,3.0,23.9,4.5,1.6,12.2,28.1,0.0,0.8,2.8
36001,Albany County,36001013505,2883,0.2423,13.4,3.5,17.4,11.9,2.5,22.0,17.5,0.0,5.3,1.1
36001,Albany County,36001013507,2233,0.4134,16.3,7.1,22.5,6.6,0.9,11.9,19.8,0.6,5.0,1.7
36001,Albany County,36001013509,3411,0.184,4.6,0.0,21.6,5.0,0.4,16.2,21.1,0.0,9.0,4.4
36001,Albany County,36001013510,3556,0.2176,6.2,6.3,16.7,4.9,0.6,14.4,18.6,1.5,4.4,6.3
36001,Albany County,36001013511,3592,0.295,5.9,3.4,17.2,3.8,1.4,12.9,25.9,2.0,0.0,12.4
36001,Albany County,36001013512,3658,0.1348,11.2,4.1,13.1,2.9,2.2,25.4,22.1,0.0,5.5,7.4
36001,Albany County,36001013602,4512,0.6263,10.7,3.1,21.0,8.8,4.7,14.0,22.1,3.5,11.9,4.7
36001,Albany County,36001013603,3232,0.0515,3.7,2.1,13.4,3.2,4.5,16.7,19.6,0.0,4.2,10.3
36001,Albany County,36001013604,7286,0.2519,11.6,3.4,20.6,7.1,1.0,14.2,14.1,0.8,10.7,12.8
36001,Albany County,36001013703,2293,0.3484,12.9,8.0,22.2,13.3,1.1,23.7,12.3,3.2,5.6,10.5
36001,Albany County,36001013706,2159,0.0198,4.0,1.7,9.4,1.8,2.3,19.9,25.9,0.0,7.0,9.6
36001,Albany County,36001013707,5879,0.2222,7.4,3.3,11.9,4.5,5.3,26.2,17.5,2.2,9.4,10.8
36001,Albany County,36001013708,3251,0.0844,6.2,0.9,23.4,2.8,2.3,41.6,8.6,0.0,15.6,11.0
36001,Albany County,36001013709,2916,0.0437,2.1,0.0,8.3,2.3,0.0,19.6,19.8,3.3,1.6,5.2
36001,Albany County,36001013802,4452,0.0627,6.6,3.8,14.4,6.6,0.7,20.7,16.2,1.3,1.8,6.7
36001,Albany County,36001013803,3747,0.3676,19.0,4.0,32.5,13.9,0.6,21.1,17.9,1.0,4.2,29.3
36001,Albany County,36001013804,4004,0.5818,13.9,7.2,25.3,3.5,1.0,27.2,21.2,7.1,10.2,17.5
36001,Albany County,36001013901,2363,0.1659,10.9,3.9,16.5,5.1,2.6,23.0,14.1,1.1,4.1,4.5
36001,Albany County,36001013902,5404,0.1011,8.1,2.1,13.7,10.5,2.4,21.6,21.5,1.1,5.8,8.9
36001,Albany County,36001014001,3562,0.4737,17.5,3.3,28.2,9.1,3.0,18.6,14.5,0.0,18.0,12.4
36001,Albany County,36001014002,5567,0.4005,12.0,5.9,22.9,10.5,1.6,9.6,30.6,5.7,15.6,10.7
36001,Albany County,36001014100,5770,0.1893,4.6,1.4,19.4,4.1,0.9,24.0,17.5,0.7,5.4,9.5
36001,Albany County,36001014201,5828,0.0384,7.2,1.7,16.0,1.1,2.3,15.4,23.8,0.0,3.4,2.5
36001,Albany County,36001014202,6259,0.0551,6.6,4.2,16.4,2.3,2.1,19.3,21.2,0.0,5.3,7.2
36001,Albany County,36001014203,6209,0.0323,2.7,0.5,8.3,0.5,1.1,26.6,21.1,0.0,4.1,8.7
36001,Albany County,36001014301,2996,0.5484,21.6,2.1,19.8,7.6,4.3,24.1,13.7,1.6,7.6,8.7
36001,Albany County,36001014303,4886,0.1047,5.7,7.1,11.1,3.4,0.0,16.0,24.0,2.0,2.0,5.2
36001,Albany County,36001014304,3091,0.2342,7.7,1.6,20.7,6.2,6.5,20.5,18.8,3.5,1.9,6.5
36001,Albany County,36001014401,3994,0.2059,14.5,3.0,20.7,10.8,1.5,17.8,17.0,0.7,2.8,8.4
36001,Albany County,36001014402,3259,0.4556,20.5,2.9,30.5,13.3,5.0,15.1,16.4,0.7,3.1,15.1
36001,Albany County,36001014501,2831,0.0008,4.9,4.1,14.3,1.2,0.3,20.1,14.0,0.0,1.7,11.6
36001,Albany County,36001014502,3416,0.0658,11.3,7.9,15.2,6.3,0.6,22.4,16.1,0.0,0.0,6.2
36001,Albany County,36001014503,2840,0.1553,8.1,3.0,14.1,1.1,1.0,19.4,24.0,0.7,1.2,6.6
36001,Albany County,36001014606,3892,0.022,4.0,5.2,15.2,4.2,0.5,16.4,21.5,0.0,0.8,9.9
36001,Albany County,36001014608,4243,0.2536,13.5,3.6,35.3,8.0,2.2,15.3,10.6,2.1,14.4,12.9
36001,Albany County,36001014609,4626,0.104,7.3,1.4,24.9,3.9,2.7,17.4,11.5,1.7,8.8,13.2
36001,Albany County,36001014611,2440,0.0819,2.9,1.3,12.0,2.6,5.0,15.6,20.0,0.0,4.2,3.0
36001,Albany County,36001014612,1745,0.1504,18.6,0.8,22.2,3.0,1.3,19.4,24.0,1.2,2.8,16.4
36001,Albany County,36001014613,2895,0.1735,7.4,7.0,22.1,5.9,0.8,31.1,16.8,0.0,0.7,18.8
36001,Albany County,36001014614,5660,0.1667,5.3,1.5,13.6,1.6,2.7,16.7,22.5,3.2,4.0,6.6
36001,Albany County,36001014615,3016,0.4773,16.1,3.3,28.0,2.8,4.1,24.2,15.9,6.5,12.1,7.7
36001,Albany County,36001014616,6037,0.1275,8.9,2.0,14.0,1.2,3.0,18.1,23.2,0.0,1.0,4.0
36001,Albany County,36001014617,2378,0.0374,5.8,4.0,19.1,2.4,2.8,19.5,16.9,0.0,4.1,12.8
36001,Albany County,36001014700,2679,0.0228,7.8,4.7,13.8,2.4,1.7,15.6,18.5,0.0,1.1,8.1
36001,Albany County,36001014801,2695,0.3682,23.2,11.2,26.1,3.6,6.2,21.3,21.2,2.7,1.3,13.7
36001,Albany County,36001014802,1798,0.0926,7.6,3.4,16.0,3.8,0.7,30.0,13.8,1.5,3.4,20.3
36001,Albany County,36001014803,3207,0.2608,19.8,4.0,18.5,4.9,3.9,24.1,22.0,2.1,0.0,13.6
36003,Allegany County,36003940200,0,,,,,,,,,,,
36003,Allegany County,36003950100,2394,0.2937,18.7,5.5,18.1,6.4,3.7,20.1,22.1,2.2,3.7,17.8
36003,Allegany County,36003950300,5075,0.6236,23.9,7.5,13.8,11.3,8.5,16.4,26.5,4.2,7.9,17.4
36003,Allegany County,36003950401,1627,0.555,24.8,4.8,17.6,17.0,15.1,26.6,24.7,0.7,5.1,29.5
36003,Allegany County,36003950402,2198,0.5613,30.2,6.4,21.4,18.8,16.2,16.9,24.7,3.4,11.2,24.7
36003,Allegany County,36003950500,3820,0.4104,23.8,5.1,19.6,6.1,2.5,22.7,22.1,0.0,4.2,20.1
36003,Allegany County,36003950600,3334,0.6457,33.4,6.4,24.5,8.2,3.0,17.4,23.4,2.2,7.7,16.0
36003,Allegany County,36003950700,3735,0.5126,28.9,5.6,32.2,4.7,4.7,25.7,13.0,0.7,10.5,10.6
36003,Allegany County,36003950800,6821,0.4429,26.9,11.4,23.6,5.5,3.1,9.8,10.2,1.4,6.6,10.9
36003,Allegany County,36003950900,3816,0.6271,35.4,12.9,23.2,6.7,6.2,22.8,21.7,0.0,7.8,9.3
36003,Allegany County,36003951000,3075,0.4113,24.0,5.9,11.5,9.7,9.2,20.7,19.7,4.1,7.5,18.5
36003,Allegany County,36003951100,3626,0.4208,20.5,5.3,20.5,4.9,1.9,21.4,17.7,0.2,7.2,13.6
36003,Allegany County,36003951201,2332,0.4435,32.9,4.3,18.1,13.8,0.8,20.9,20.4,2.1,9.8,19.8
36003,Allegany County,36003951202,2237,0.4391,24.9,12.0,22.6,10.0,2.9,21.9,18.4,0.0,7.4,14.9
36003,Allegany County,36003951301,1105,0.2606,20.4,4.1,16.2,6.1,3.3,23.2,19.1,0.8,2.6,17.5
36003,Allegany County,36003951302,2027,0.4718,26.2,3.9,15.3,11.3,4.8,20.4,23.2,2.9,5.9,15.2
36005,Bronx County,36005000100,4446,,,,,38.7,,0.7,1.3,,,
36005,Bronx County,36005000200,4870,0.6206,18.7,4.5,24.2,14.8,6.9,16.7,16.9,6.3,21.1,12.2
36005,Bronx County,36005000400,6257,0.6871,10.4,8.3,37.0,19.5,2.8,13.2,22.1,3.1,26.0,1.9
36005,Bronx County,36005001600,6177,0.9561,31.6,11.9,53.8,27.6,3.5,20.5,19.4,18.3,54.1,16.4
36005,Bronx County,36005001901,2181,0.8896,39.9,6.2,56.6,16.8,11.9,0.9,21.8,4.3,74.4,12.2
36005,Bronx County,36005001902,1883,0.9443,41.5,19.5,43.8,39.1,9.0,4.4,18.4,21.1,54.5,19.0
36005,Bronx County,36005001903,0,,,,,,,,,,,
36005,Bronx County,36005001904,0,,,,,,,,,,,
36005,Bronx County,36005002001,4461,0.9793,50.5,22.9,45.7,33.1,8.9,12.6,30.3,4.1,76.8,35.4
36005,Bronx County,36005002002,3915,0.9245,42.6,17.1,45.0,44.0,10.4,22.8,17.6,4.4,64.8,19.8
36005,Bronx County,36005002300,4528,0.999,68.3,17.1,47.8,38.6,6.5,12.7,27.0,13.1,86.3,27.5
36005,Bronx County,36005002400,0,,,,,,,,,,,
36005,Bronx County,36005002500,5642,0.9922,51.9,12.2,54.5,37.4,16.2,10.2,23.2,22.3,82.6,29.6
36005,Bronx County,36005002701,3335,0.9996,68.7,16.8,67.5,47.7,6.8,12.4,36.6,23.9,78.2,27.9
36005,Bronx County,36005002702,5000,0.9998,59.0,8.0,64.2,46.7,14.1,6.7,26.1,22.7,71.0,20.7
36005,Bronx County,36005002800,5230,0.662,4.2,2.6,29.1,13.6,2.6,18.5,13.5,11.2,32.5,12.6
36005,Bronx County,36005003100,2559,0.9331,39.7,10.8,51.9,28.1,6.1,6.5,28.6,12.0,77.4,6.0
36005,Bronx County,36005003300,3559,0.9787,69.0,10.6,51.7,40.2,5.1,11.3,33.4,11.4,68.0,22.9
36005,Bronx County,36005003500,3899,0.974,57.5,12.1,56.3,38.2,4.2,7.3,31.2,10.2,66.4,11.1
36005,Bronx County,36005003700,331,0.7871,37.7,0.0,16.0,42.7,8.5,13.9,13.0,0.0,86.7,23.4
36005,Bronx County,36005003800,1182,0.9304,32.2,20.5,38.0,28.0,6.5,16.4,21.7,10.9,23.2,21.9
36005,Bronx County,36005003900,6227,0.996,47.3,9.4,59.7,33.4,14.1,14.8,27.6,20.8,71.0,41.8
36005,Bronx County,36005004001,1409,0.6016,14.3,2.8,26.7,20.7,2.1,19.3,22.0,5.1,31.8,8.1
36005,Bronx County,36005004100,6583,0.9818,51.9,20.0,60.6,42.7,8.4,9.5,22.8,10.4,64.6,22.7
36005,Bronx County,36005004200,8179,0.8322,33.7,7.6,41.8,22.3,1.9,11.9,31.5,3.7,37.6,12.5
36005,Bronx County,36005004300,5627,0.9802,43.2,14.0,44.9,32.5,8.1,9.5,28.4,9.3,74.8,16.3
36005,Bronx County,36005004400,4592,0.9983,60.3,18.4,57.1,36.8,3.0,14.0,27.0,7.4,70.4,30.1
36005,Bronx County,36005004600,1763,0.9785,63.0,4.5,49.0,26.3,3.4,13.8,34.8,6.1,54.8,16.8
36005,Bronx County,36005004800,4261,0.9971,44.7,7.0,44.4,35.8,16.5,8.6,27.9,15.3,73.8,23.0
36005,Bronx County,36005005001,4565,0.993,60.6,17.8,66.5,30.8,16.4,9.0,28.7,22.7,67.4,19.8
36005,Bronx County,36005005002,6466,0.9831,56.8,14.7,60.2,39.9,21.9,7.9,32.7,24.0,78.8,24.2
36005,Bronx County,36005005100,6492,0.9878,77.2,12.3,68.8,38.6,3.3,14.8,33.5,10.1,85.7,14.0
36005,Bronx County,36005005200,1931,0.9173,42.8,5.3,48.4,23.6,6.3,13.3,30.1,5.5,70.4,27.0
36005,Bronx County,36005005300,5379,0.9551,68.8,14.4,76.7,37.2,5.7,5.0,42.6,14.1,76.8,3.6
36005,Bronx County,36005005400,5715,0.9607,45.1,9.6,51.8,33.9,13.9,12.2,30.4,15.1,66.2,29.6
36005,Bronx County,36005005600,2311,0.9511,46.7,13.6,51.3,34.3,8.7,18.1,23.2,11.0,59.5,35.5
36005,Bronx County,36005005902,2938,0.9012,37.2,8.7,45.1,22.9,7.4,18.0,18.3,5.8,70.5,27.6
36005,Bronx County,36005006000,1297,0.9093,32.9,15.6,59.5,34.1,1.7,16.9,25.1,20.8,50.1,11.7
36005,Bronx County,36005006100,3868,0.7052,14.5,9.8,31.8,13.3,2.8,20.5,11.6,6.2,60.5,14.2
36005,Bronx County,36005006200,6217,0.9694,63.3,12.9,46.0,39.4,10.9,15.2,21.6,13.1,70.8,36.4
36005,Bronx County,36005006301,5845,0.9276,40.4,6.0,50.0,20.1,12.8,7.8,18.7,23.2,72.0,16.5
36005,Bronx County,36005006302,0,,,,,,,,,,,
36005,Bronx County,36005006400,3928,0.9684,53.0,13.2,59.6,34.7,11.0,13.4,23.2,8.2,63.5,26.1
36005,Bronx County,36005006500,5627,0.9848,70.6,13.7,56.1,29.8,7.1,7.0,31.1,12.8,85.6,22.8
36005,Bronx County,36005006700,6777,0.9829,64.8,2.9,69.0,52.0,4.2,12.6,33.5,29.1,86.2,29.0
36005,Bronx County,36005006800,2493,0.9703,52.2,11.7,70.9,39.1,7.7,21.2,30.4,14.6,73.9,1.5
36005,Bronx County,36005006900,7118,0.978,44.4,12.9,59.6,26.8,6.5,12.0,22.1,12.7,71.0,21.4
36005,Bronx County,36005007000,3869,0.911,35.9,5.7,34.9,40.2,9.0,16.7,20.6,9.8,52.5,17.9
36005,Bronx County,36005007100,2872,0.9378,29.7,9.0,54.0,18.7,12.9,10.6,23.6,8.6,58.8,16.6
36005,Bronx County,36005007200,6176,0.842,34.6,4.6,32.3,22.2,13.5,14.4,21.3,27.2,42.0,9.8
36005,Bronx County,36005007300,4444,0.9901,69.6,14.0,67.6,25.3,8.1,9.7,29.6,16.4,77.5,24.9
36005,Bronx County,36005007400,3192,0.8107,33.2,11.0,50.9,19.4,1.8,21.1,19.3,2.6,30.1,12.9
36005,Bronx County,36005007500,6670,0.9772,46.6,12.5,50.4,28.1,7.7,10.8,26.9,15.0,73.7,16.9
36005,Bronx County,36005007600,5109,0.9508,34.1,9.0,49.1,21.0,17.3,14.4,23.0,14.4,54.8,22.3
36005,Bronx County,36005007700,2166,0.9472,43.4,10.5,46.3,27.5,17.5,6.7,21.3,17.9,49.3,9.1
36005,Bronx County,36005007800,6241,0.8962,37.4,3.5,49.4,23.9,7.6,7.6,27.0,14.8,34.7,9.3
36005,Bronx County,36005007900,7086,0.9968,51.6,14.1,49.7,26.4,9.5,11.1,35.3,11.4,82.8,22.4
36005,Bronx County,36005008300,6564,0.965,31.7,20.5,47.6,30.3,12.5,8.8,25.0,7.2,69.2,19.1
36005,Bronx County,36005008400,2811,0.8016,15.4,12.8,43.9,10.3,7.1,21.9,16.7,4.4,40.3,4.9
36005,Bronx County,36005008500,5746,0.9808,50.9,15.5,45.6,34.3,9.7,9.5,24.0,10.8,71.5,20.5
36005,Bronx County,36005008600,4304,0.9656,56.9,11.7,45.9,36.4,17.3,14.1,27.1,4.1,77.1,41.8
36005,Bronx County,36005008700,6677,0.9964,52.6,18.7,52.8,28.4,11.5,11.0,29.1,12.9,68.8,19.5
36005,Bronx County,36005008900,3239,0.9924,35.5,19.1,57.0,47.7,8.5,23.9,16.5,10.0,79.5,34.2
36005,Bronx County,36005009000,3692,0.9734,52.3,11.0,51.1,30.1,4.5,12.6,31.3,2.5,55.6,18.9
36005,Bronx County,36005009200,5959,0.8747,37.5,8.5,52.1,17.9,8.9,11.5,25.3,16.7,45.3,6.8
36005,Bronx County,36005009301,5066,0.9776,37.2,11.3,54.0,21.7,11.9,9.4,28.6,10.4,68.6,20.3
36005,Bronx County,36005009302,463,,,,,42.7,,1.9,0.0,,,
36005,Bronx County,36005009600,2740,0.9626,32.6,13.8,54.1,27.8,7.2,20.9,20.3,10.8,51.6,29.2
36005,Bronx County,36005009800,4715,0.904,21.4,15.2,46.8,32.3,2.4,27.7,19.2,4.4,22.0,14.8
36005,Bronx County,36005011000,0,,,,,,,,,,,
36005,Bronx County,36005011502,4242,0.9884,48.4,15.5,63.1,21.7,3.1,12.6,30.5,14.8,72.7,19.1
36005,Bronx County,36005011701,1509,0.9688,45.1,8.5,44.8,35.1,13.0,7.4,35.9,25.3,70.6,20.7
36005,Bronx County,36005011702,0,,,,,,,,,,,
36005,Bronx County,36005011800,5798,0.5007,13.5,7.5,29.5,9.7,4.3,10.5,20.2,2.7,5.2,8.5
36005,Bronx County,36005011900,6159,0.9764,44.8,14.8,56.7,32.2,4.8,9.2,31.7,19.1,76.5,16.3
36005,Bronx County,36005012101,3415,0.9711,37.6,11.3,40.2,26.3,11.6,10.5,23.5,14.6,60.9,12.4
36005,Bronx County,36005012102,1337,0.9814,38.3,15.3,53.1,39.1,7.9,17.7,15.9,10.7,70.1,28.5
36005,Bronx County,36005012300,4915,0.919,35.8,4.7,49.3,31.9,3.9,7.2,23.7,22.1,50.7,12.9
36005,Bronx County,36005012500,4030,0.9375,41.2,12.9,45.8,29.5,5.3,6.6,27.2,9.0,54.0,9.6
36005,Bronx County,36005012701,2460,0.9669,52.0,9.2,38.3,30.3,5.4,8.9,26.4,12.8,54.4,17.6
36005,Bronx County,36005012901,5469,0.9909,48.3,22.8,50.5,34.8,3.4,10.5,31.8,28.4,76.4,15.1
36005,Bronx County,36005013000,1262,0.5811,27.7,2.6,43.7,19.6,2.3,21.1,10.1,4.7,30.7,12.9
36005,Bronx County,36005013100,4822,0.9715,54.1,18.3,63.1,26.0,5.4,10.0,21.7,5.8,75.1,16.5
36005,Bronx County,36005013200,7249,0.5142,12.5,1.3,26.1,11.7,2.7,15.9,21.1,5.4,18.2,9.4
36005,Bronx County,36005013300,6038,0.9462,32.5,17.5,37.5,36.7,7.0,9.1,25.1,0.9,69.4,23.7
36005,Bronx County,36005013500,3125,0.97,50.6,12.0,60.4,24.8,4.6,12.6,32.7,1.8,67.2,13.6
36005,Bronx County,36005013800,2969,0.6862,15.8,16.4,27.1,13.1,4.8,18.2,16.3,5.4,21.3,12.7
36005,Bronx County,36005014100,7133,0.9618,43.6,7.3,58.8,26.2,4.8,7.7,26.3,11.5,78.4,10.3
36005,Bronx County,36005014300,1715,0.9863,50.2,9.6,63.2,23.0,5.0,11.0,28.3,13.8,73.7,19.7
36005,Bronx County,36005014400,6253,0.9897,39.6,15.6,36.7,28.3,4.0,16.2,30.8,11.8,71.6,13.1
36005,Bronx County,36005014500,6425,0.9985,70.2,11.6,66.2,47.2,10.4,11.3,27.5,12.0,88.8,26.4
36005,Bronx County,36005014701,5645,0.9905,65.7,19.1,68.7,44.0,10.6,15.0,21.8,1.9,82.8,34.4
36005,Bronx County,36005014702,5232,0.9506,59.3,19.0,35.8,42.8,2.2,16.4,28.4,9.3,77.8,18.7
36005,Bronx County,36005014900,4917,0.9778,54.5,22.1,57.8,31.0,4.1,8.9,37.0,13.9,73.7,14.5
36005,Bronx County,36005015100,5143,0.9821,49.9,12.1,62.0,38.7,12.3,12.8,20.5,7.3,70.0,21.8
36005,Bronx County,36005015200,2666,0.4697,22.8,3.5,36.3,11.2,1.5,13.8,24.7,1.4,18.5,4.6
36005,Bronx County,36005015300,4161,0.9576,42.4,11.0,55.9,25.0,5.9,8.6,28.3,3.9,72.9,12.4
36005,Bronx County,36005015500,2943,0.9882,48.9,18.6,48.4,33.6,6.7,12.5,25.4,15.5,71.1,17.3
36005,Bronx County,36005015700,5520,0.9795,46.0,12.3,58.3,26.3,6.5,9.5,29.9,9.1,73.4,11.0
36005,Bronx County,36005015800,1461,0.8768,30.0,13.2,45.5,14.6,0.7,15.3,20.5,12.4,38.1,15.2
36005,Bronx County,36005015900,2218,0.9067,42.7,4.1,38.8,38.6,7.0,19.4,19.4,9.3,42.7,18.8
36005,Bronx County,36005016000,3903,0.426,8.1,6.9,28.5,10.1,2.4,20.8,14.8,1.1,12.0,8.7
36005,Bronx County,36005016100,4490,0.9992,65.1,15.5,57.6,40.3,7.1,22.5,22.1,10.8,77.2,20.3
36005,Bronx County,36005016200,1826,0.6415,12.7,9.3,18.8,13.2,2.5,19.6,19.2,4.5,15.2,7.1
36005,Bronx County,36005016300,0,,,,,,,,,,,
36005,Bronx County,36005016400,1029,0.6054,31.3,1.6,44.7,5.3,2.3,25.7,25.4,0.0,28.2,20.9
36005,Bronx County,36005016500,1134,0.9827,42.5,6.3,57.4,21.8,7.0,5.2,36.2,14.7,64.3,3.6
36005,Bronx County,36005016600,2417,0.6588,18.2,8.5,30.5,14.7,4.1,6.9,27.1,6.9,8.8,5.9
36005,Bronx County,36005016700,3599,0.9937,47.3,9.3,42.6,26.6,9.8,6.6,31.7,13.5,58.7,12.2
36005,Bronx County,36005016900,1894,0.9553,50.5,19.4,46.5,25.9,3.1,11.5,23.2,8.7,65.2,11.3
36005,Bronx County,36005017100,0,,,,,,,,,,,
36005,Bronx County,36005017300,6411,0.9949,51.0,10.4,49.7,39.0,10.9,17.6,26.3,11.6,75.7,32.6
36005,Bronx County,36005017500,6116,0.9608,44.7,3.4,56.0,26.2,5.8,17.2,28.8,2.4,85.2,24.8
36005,Bronx County,36005017701,4717,0.9973,56.3,13.6,44.0,42.6,5.6,13.8,20.0,4.6,56.8,9.5
36005,Bronx County,36005017702,5480,0.9783,48.0,19.8,44.8,31.3,9.1,9.2,25.4,22.5,55.8,13.8
36005,Bronx County,36005017901,5096,0.9698,29.8,11.4,60.5,41.1,12.4,6.7,20.9,18.8,82.3,11.7
36005,Bronx County,36005017902,3816,0.9517,50.8,7.1,59.5,39.3,3.7,4.2,38.8,24.8,80.2,23.5
36005,Bronx County,36005018101,3215,0.9823,42.5,15.4,57.1,23.0,10.4,7.9,34.7,17.8,57.7,12.7
36005,Bronx County,36005018102,5453,0.997,41.3,8.4,53.1,24.8,7.9,19.9,26.7,22.1,86.1,25.3
36005,Bronx County,36005018301,4665,0.9015,19.2,12.1,47.5,21.5,5.3,18.8,19.7,13.5,63.5,19.9
36005,Bronx County,36005018302,3680,0.8631,23.2,11.4,56.0,22.4,8.4,8.7,26.1,15.5,74.7,8.3
36005,Bronx County,36005018400,4085,0.666,16.8,3.8,25.7,20.9,5.3,11.4,26.2,8.6,23.4,6.9
36005,Bronx County,36005018501,2783,0.9616,38.6,6.7,50.4,31.8,6.0,6.5,27.2,9.9,85.3,18.2
36005,Bronx County,36005018502,6314,0.992,66.5,30.1,68.5,24.6,6.5,8.7,24.9,8.1,88.0,33.5
36005,Bronx County,36005018900,8460,0.9705,49.4,6.1,51.4,29.0,9.5,5.0,32.5,25.3,76.4,16.6
36005,Bronx County,36005019300,5933,0.9664,40.7,5.8,37.3,25.9,8.6,13.6,25.2,9.1,84.0,23.0
36005,Bronx County,36005019400,2070,0.8187,32.9,5.6,45.3,14.5,3.3,15.4,25.1,9.3,26.8,15.1
36005,Bronx County,36005019500,7143,0.984,53.6,22.7,64.9,27.1,3.9,11.3,24.8,23.4,90.1,28.3
36005,Bronx County,36005019700,7830,0.9846,59.9,11.9,77.1,37.4,11.5,7.1,28.3,38.0,83.3,17.3
36005,Bronx County,36005019900,7496,0.9639,46.0,6.6,56.7,26.5,5.4,9.1,29.3,18.7,72.4,25.6
36005,Bronx County,36005020000,4935,0.9599,42.7,6.1,57.2,24.3,8.8,9.6,29.8,22.3,57.3,13.3
36005,Bronx County,36005020100,3868,0.9873,48.8,24.3,63.7,36.1,5.1,10.6,23.6,15.6,75.4,25.0
36005,Bronx County,36005020200,2578,0.9004,31.6,4.4,54.9,31.8,7.8,20.8,20.5,8.2,54.7,21.3
36005,Bronx County,36005020400,3012,0.9529,43.4,7.4,55.2,25.0,7.6,9.2,28.0,12.3,49.6,9.6
36005,Bronx County,36005020501,7271,0.9962,66.7,18.1,49.1,40.3,4.0,13.7,35.1,15.1,81.9,25.2
36005,Bronx County,36005020502,2605,0.9894,37.6,9.7,50.2,32.6,12.1,14.7,15.4,11.6,74.2,14.2
36005,Bronx County,36005020601,2528,0.9038,36.6,5.2,51.2,21.5,7.3,15.7,19.5,10.1,51.5,22.7
36005,Bronx County,36005020900,4867,0.9536,39.0,7.1,53.0,18.1,5.5,9.2,26.1,16.3,81.8,23.2
36005,Bronx County,36005021001,7895,0.9268,37.2,19.6,47.8,11.7,5.1,16.1,21.6,11.4,65.4,14.6
36005,Bronx County,36005021002,7925,0.8485,31.2,11.6,40.3,10.0,6.6,12.9,27.4,19.9,69.3,11.2
36005,Bronx County,36005021100,6268,0.9895,48.6,15.0,50.1,32.9,6.6,13.0,27.6,15.1,72.1,19.7
36005,Bronx County,36005021200,4975,0.8633,26.4,6.6,40.8,17.1,6.1,14.8,22.8,7.9,74.0,16.3
36005,Bronx County,36005021301,1323,0.9713,54.6,20.4,68.8,31.4,3.4,7.3,24.3,13.4,51.7,1.1
36005,Bronx County,36005021302,5947,0.9861,68.8,20.5,63.0,35.3,1.6,24.3,23.6,14.9,85.1,16.3
36005,Bronx County,36005021501,4665,0.9662,50.6,8.2,56.7,24.5,5.1,8.0,28.1,21.2,70.1,10.1
36005,Bronx County,36005021502,6986,0.9932,55.1,19.2,63.0,31.1,7.6,4.8,35.6,20.9,65.6,12.3
36005,Bronx County,36005021601,4421,0.9194,42.3,8.5,57.4,17.9,12.3,8.0,28.9,14.3,64.3,14.1
36005,Bronx County,36005021602,6093,0.8105,21.0,8.1,54.6,13.5,4.0,12.8,21.5,23.9,69.0,4.5
36005,Bronx County,36005021700,5371,0.9675,52.0,7.6,59.3,31.2,8.0,8.6,21.6,22.5,78.9,11.4
36005,Bronx County,36005021800,6037,0.9255,39.0,6.1,51.5,28.7,5.2,12.4,17.5,6.8,57.9,12.0
36005,Bronx County,36005021900,949,0.947,37.1,6.3,65.9,15.3,5.7,17.6,16.9,6.0,68.5,28.6
36005,Bronx County,36005022000,2142,1.0,53.0,14.6,54.6,40.3,9.8,6.0,36.5,27.3,64.8,22.3
36005,Bronx County,36005022101,4424,0.934,45.4,15.4,44.7,33.9,4.9,7.0,33.2,40.4,71.7,12.6
36005,Bronx County,36005022102,6143,0.9954,49.8,13.0,58.3,35.4,10.8,8.0,32.1,37.2,82.4,15.2
36005,Bronx County,36005022200,3333,0.9741,43.1,8.0,55.6,25.5,9.7,9.8,30.5,27.6,67.9,8.4
36005,Bronx County,36005022300,5447,0.9819,41.7,8.5,50.8,31.2,7.3,11.1,24.0,21.8,90.5,20.8
36005,Bronx County,36005022401,2640,0.8327,23.5,12.2,45.0,14.4,1.0,16.9,20.0,9.3,44.6,10.4
36005,Bronx County,36005022403,2998,0.8964,17.6,14.3,32.9,17.0,6.4,7.8,23.5,9.2,57.0,12.6
36005,Bronx County,36005022404,4795,0.8977,27.3,6.0,44.3,23.7,8.2,12.5,20.8,9.9,55.8,11.0
36005,Bronx County,36005022500,9093,0.9867,35.5,23.9,52.6,33.3,10.3,6.7,27.6,29.4,67.4,14.9
36005,Bronx County,36005022701,4876,0.9933,54.5,21.5,62.5,32.1,6.1,9.2,27.6,11.0,78.7,10.6
36005,Bronx County,36005022702,1449,0.9386,64.7,5.2,66.0,36.7,9.9,13.9,18.8,20.0,76.7,11.3
36005,Bronx County,36005022703,2050,0.9401,44.4,9.9,45.6,25.2,10.5,9.6,35.9,20.9,72.5,8.4
36005,Bronx County,36005022800,5693,0.6046,16.2,2.3,35.2,9.6,3.7,10.6,21.4,10.8,44.0,8.1
36005,Bronx County,36005022901,5466,0.9521,42.8,7.1,55.9,24.2,17.4,4.1,23.3,10.4,74.7,16.9
36005,Bronx County,36005022902,3501,0.9679,38.3,10.4,48.8,24.3,14.4,7.4,29.0,19.4,63.9,9.8
36005,Bronx County,36005023000,2773,0.8943,34.6,7.4,44.6,17.3,6.0,7.1,32.8,22.2,40.9,14.5
36005,Bronx County,36005023100,1675,0.9865,48.9,15.0,49.2,37.9,9.4,16.1,23.8,30.2,62.8,17.6
36005,Bronx County,36005023200,2378,0.9692,37.0,12.8,54.9,26.1,7.3,11.7,26.0,7.2,52.6,25.6
36005,Bronx County,36005023301,4067,0.9869,48.8,20.8,55.9,33.5,11.6,12.9,18.5,15.2,79.0,16.4
36005,Bronx County,36005023302,3746,0.9857,55.0,12.8,49.0,29.9,12.9,6.4,27.9,25.9,77.7,19.3
36005,Bronx County,36005023501,3294,0.9274,42.4,9.3,46.6,36.1,8.9,13.3,19.4,7.5,75.7,21.3
36005,Bronx County,36005023502,4455,0.9766,33.0,14.8,48.3,31.2,10.9,11.8,27.7,19.3,77.4,23.9
36005,Bronx County,36005023600,1714,0.9105,19.6,3.7,40.2,29.0,8.1,9.7,31.9,14.8,47.9,9.8
36005,Bronx County,36005023702,1156,0.9527,39.0,8.1,56.6,31.2,6.5,7.8,29.5,19.5,58.7,9.5
36005,Bronx County,36005023703,5214,0.9977,65.8,20.2,72.5,35.0,4.8,8.4,30.8,20.6,88.9,15.3
36005,Bronx County,36005023704,3750,0.9789,56.2,16.8,57.7,24.4,5.3,6.9,24.7,10.8,81.6,19.5
36005,Bronx County,36005023800,2349,0.7626,17.5,10.1,41.0,20.2,12.3,7.5,21.5,6.7,35.8,7.6
36005,Bronx County,36005023900,9197,0.9916,39.1,12.3,48.0,28.9,17.3,4.2,34.6,37.2,78.9,19.9
36005,Bronx County,36005024000,4575,0.8369,26.6,20.6,41.6,12.8,10.9,9.4,22.7,7.0,34.5,17.4
36005,Bronx County,36005024100,6473,0.9681,39.8,13.2,49.5,29.0,16.8,9.8,24.5,10.0,80.6,8.8
36005,Bronx County,36005024300,5062,0.9911,48.0,18.8,60.1,27.6,8.8,6.2,25.1,26.3,76.5,12.2
36005,Bronx County,36005024400,2271,0.697,20.9,11.1,46.0,11.5,6.2,10.7,20.1,5.1,29.0,8.1
36005,Bronx County,36005024501,4737,0.9871,35.0,7.7,50.5,37.2,14.1,12.2,27.0,13.5,65.3,12.9
36005,Bronx County,36005024502,3742,0.9584,42.5,8.8,56.4,37.9,6.3,8.4,24.3,11.6,70.2,9.6
36005,Bronx County,36005024600,2041,0.7894,23.9,7.2,28.8,15.9,4.5,19.3,19.0,3.5,26.4,3.9
36005,Bronx County,36005024700,1929,0.8706,22.7,11.3,52.6,34.0,6.2,11.6,19.3,9.5,59.4,14.2
36005,Bronx County,36005024800,3242,0.8477,13.3,3.2,42.6,19.7,8.9,24.1,13.3,7.5,47.1,13.7
36005,Bronx County,36005024900,0,,,,,,,,,,,
36005,Bronx County,36005025000,2532,0.4646,13.2,2.9,26.4,13.7,2.6,16.5,24.2,2.5,39.4,16.5
36005,Bronx County,36005025100,6601,0.9569,39.3,7.2,46.0,28.6,18.5,11.1,20.7,11.6,69.0,14.9
36005,Bronx County,36005025200,2525,0.658,21.5,13.0,35.1,11.4,6.9,10.6,22.3,7.8,22.2,14.1
36005,Bronx County,36005025300,6014,0.9928,33.5,16.9,43.7,32.7,13.5,6.2,24.0,13.6,72.5,10.7
36005,Bronx County,36005025400,2002,0.7504,19.3,5.7,45.1,22.0,2.2,21.6,19.5,2.2,31.6,10.5
36005,Bronx County,36005025500,7275,0.9987,41.3,11.4,67.7,37.5,9.0,15.8,26.0,23.8,73.8,34.5
36005,Bronx County,36005025600,1541,0.8502,13.0,7.8,66.1,25.3,3.9,18.3,16.8,3.3,32.6,16.0
36005,Bronx County,36005025700,1725,0.7453,26.5,9.7,46.3,18.2,3.4,7.6,14.6,13.8,61.9,8.8
36005,Bronx County,36005026100,1996,0.6866,18.8,6.7,42.5,3.0,1.8,20.3,13.0,0.9,69.7,8.1
36005,Bronx County,36005026300,6904,0.9892,36.1,13.4,53.8,30.5,4.8,20.1,24.7,23.0,73.1,8.1
36005,Bronx County,36005026400,6076,0.6731,18.7,5.8,41.8,15.2,6.2,9.0,25.4,3.0,20.4,9.4
36005,Bronx County,36005026500,7240,0.9728,28.9,12.4,57.1,32.2,9.7,9.7,28.0,21.0,65.4,16.4
36005,Bronx County,36005026601,2943,0.8709,36.1,8.8,54.5,22.4,9.1,19.1,21.0,7.9,40.3,20.0
36005,Bronx County,36005026602,5273,0.8772,40.4,12.6,49.0,21.1,3.1,20.3,20.0,5.6,61.9,17.7
36005,Bronx County,36005026701,3632,0.9314,33.5,6.8,51.3,17.2,7.7,9.8,33.4,23.1,72.9,5.0
36005,Bronx County,36005026702,7869,0.931,27.3,9.0,49.6,29.3,10.9,13.4,23.2,15.8,59.0,9.7
36005,Bronx County,36005026900,3964,0.9852,38.4,12.2,56.0,29.8,3.9,9.5,19.1,8.5,70.4,11.7
36005,Bronx County,36005027300,7410,0.9812,35.6,7.8,45.5,28.8,7.2,15.5,23.7,16.0,69.9,12.2
36005,Bronx County,36005027401,4894,0.3539,9.7,0.9,37.8,13.1,2.8,15.5,24.2,0.0,13.4,13.4
36005,Bronx County,36005027402,3512,0.6134,14.8,4.8,33.0,11.8,4.6,23.5,20.4,0.5,7.3,9.3
36005,Bronx County,36005027600,57,0.7647,36.8,0.0,65.2,22.6,0.0,12.3,31.6,34.8,87.0,60.9
36005,Bronx County,36005027700,4091,0.961,46.8,10.8,52.4,27.9,9.1,12.9,18.0,12.3,75.1,14.0
36005,Bronx County,36005027900,7635,0.9485,25.1,15.5,48.3,17.9,8.3,14.4,24.5,13.6,51.4,7.0
36005,Bronx County,36005028100,3490,0.7577,14.6,5.2,27.1,14.0,1.2,33.5,12.3,4.2,60.1,15.4
36005,Bronx County,36005028300,2932,0.9574,62.5,16.3,58.4,18.5,6.5,4.0,31.8,39.0,55.3,14.8
36005,Bronx County,36005028400,517,,94.0,0.0,,35.7,0.0,37.3,0.0,,,
36005,Bronx County,36005028500,3619,0.613,18.6,6.7,35.2,7.0,2.5,16.9,13.5,5.0,40.6,8.5
36005,Bronx County,36005028600,950,0.3513,6.8,8.3,26.2,7.0,0.5,36.0,14.7,2.4,15.5,19.3
36005,Bronx County,36005028700,3330,0.9029,24.0,13.3,48.0,18.4,7.0,14.1,18.6,13.2,53.7,10.0
36005,Bronx County,36005028800,2784,0.5984,22.3,6.2,34.8,15.4,3.6,15.4,19.6,3.3,16.7,6.1
36005,Bronx County,36005028900,4865,0.9886,45.0,5.6,46.4,28.7,5.1,16.2,25.3,14.6,63.3,17.1
36005,Bronx County,36005029301,1862,0.3859,4.4,4.9,12.1,6.3,3.5,44.8,12.2,0.3,16.5,4.2
36005,Bronx County,36005029302,5475,0.6337,12.9,6.5,20.6,4.0,2.9,26.1,23.8,3.0,21.8,5.9
36005,Bronx County,36005029500,4609,0.4516,17.6,1.5,19.8,15.7,0.0,21.6,14.7,1.9,39.0,15.2
36005,Bronx County,36005029600,2171,0.77,22.0,18.2,42.1,17.0,3.0,13.3,17.1,11.9,44.0,21.3
36005,Bronx County,36005029700,4047,0.7328,6.8,8.0,27.6,4.4,2.2,33.0,22.6,2.0,34.9,8.5
36005,Bronx County,36005030000,6702,0.785,18.9,13.5,29.9,11.1,5.1,12.3,17.4,11.8,30.1,8.6
36005,Bronx County,36005030100,1567,0.5052,10.2,4.1,18.7,14.9,0.8,39.4,17.5,1.2,32.4,15.2
36005,Bronx County,36005030201,3522,0.7291,11.7,3.6,25.8,21.1,5.5,21.6,16.6,3.2,47.9,16.8
36005,Bronx County,36005030202,5417,0.8025,22.6,3.9,39.2,12.4,3.2,26.0,18.2,6.2,47.5,17.5
36005,Bronx County,36005030701,5586,0.3275,2.9,7.9,15.2,4.3,0.7,28.9,26.9,0.6,24.3,7.1
36005,Bronx County,36005030900,3562,0.4841,8.0,1.1,31.2,6.0,2.3,54.4,11.4,3.3,29.7,7.8
36005,Bronx County,36005031000,4572,0.3511,5.8,6.9,19.5,16.3,0.6,31.7,10.8,2.9,3.2,2.6
36005,Bronx County,36005031200,1775,0.5862,9.2,4.9,23.2,15.6,7.2,18.0,28.7,6.0,15.7,6.7
36005,Bronx County,36005031400,2244,0.5925,6.9,8.4,22.2,12.0,3.7,21.3,17.0,8.6,20.1,11.2
36005,Bronx County,36005031600,1907,0.6607,14.2,13.3,28.8,20.4,7.3,20.3,14.5,0.4,31.6,8.2
36005,Bronx County,36005031800,1924,0.421,19.0,9.2,21.0,13.2,2.0,25.4,14.1,5.2,3.6,4.7
36005,Bronx County,36005031900,773,,100.0,22.0,,16.7,4.0,5.6,1.2,,,
36005,Bronx County,36005032300,4583,0.4474,10.6,2.2,19.5,4.3,2.9,43.8,12.7,2.2,44.7,8.2
36005,Bronx County,36005032400,3091,0.9483,45.0,10.3,57.7,37.8,4.0,10.5,20.3,15.5,59.3,9.0
36005,Bronx County,36005032600,3350,0.6772,20.4,6.4,28.2,19.6,7.5,16.4,16.4,6.4,21.9,8.7
36005,Bronx County,36005032800,4003,0.9555,44.2,15.4,43.4,29.0,8.5,12.4,27.6,15.0,60.3,8.3
36005,Bronx County,36005033000,5278,0.9432,36.0,16.8,46.6,24.8,9.4,16.3,24.2,8.8,58.1,27.4
36005,Bronx County,36005033201,5059,0.9359,32.3,14.9,54.4,16.7,8.6,15.6,23.5,8.0,66.3,9.6
36005,Bronx County,36005033202,3664,0.9751,25.3,1.4,53.8,25.6,5.7,31.2,17.5,7.8,62.2,17.6
36005,Bronx County,36005033400,38,0.621,10.5,41.2,100.0,0.0,18.4,0.0,15.8,0.0,100.0,0.0
36005,Bronx County,36005033500,2085,0.6643,18.6,11.4,21.2,8.5,3.8,19.0,16.0,5.0,27.9,9.6
36005,Bronx County,36005033601,5005,0.9667,48.8,13.6,52.5,26.8,4.5,11.7,20.2,8.9,76.1,28.5
36005,Bronx County,36005033602,1269,0.6217,29.8,6.0,40.2,19.0,2.6,21.2,18.3,0.0,35.1,6.7
36005,Bronx County,36005033700,2570,0.5273,6.0,5.0,16.6,10.0,3.0,29.4,19.9,3.4,17.4,10.5
36005,Bronx County,36005033801,2262,0.7375,25.0,5.0,34.7,16.7,4.2,9.3,27.2,8.6,34.2,5.1
36005,Bronx County,36005033802,1829,0.9491,33.9,14.5,42.3,28.8,11.6,5.1,25.2,26.4,62.7,10.7
36005,Bronx County,36005034000,5580,0.9761,31.2,5.9,51.2,22.6,13.1,11.7,28.7,19.8,45.8,8.7
36005,Bronx County,36005034200,1639,0.5948,15.4,1.0,51.2,21.2,5.1,15.4,19.4,0.0,29.4,9.7
36005,Bronx County,36005034300,1800,0.6444,7.9,10.1,28.1,9.8,3.7,18.5,22.6,5.9,13.3,3.4
36005,Bronx County,36005034400,1993,0.7742,32.3,5.5,43.1,12.2,11.0,14.2,26.8,5.6,32.4,16.6
36005,Bronx County,36005034500,3816,0.8375,17.8,5.7,26.3,12.0,6.8,18.3,20.7,7.6,35.8,15.8
36005,Bronx County,36005034800,6177,0.8403,31.8,5.5,32.9,14.4,2.6,12.4,28.0,7.2,53.1,15.2
36005,Bronx County,36005035000,2093,0.5197,11.9,1.5,47.5,10.7,3.4,7.5,30.3,4.3,29.0,12.8
36005,Bronx County,36005035100,3836,0.4706,14.1,3.9,15.1,8.8,3.9,11.4,16.3,2.3,25.1,12.0
36005,Bronx County,36005035600,2195,0.6373,13.9,14.1,25.1,13.2,6.8,11.8,19.9,2.6,20.1,10.2
36005,Bronx County,36005035800,7781,0.6428,22.9,8.8,35.7,11.2,2.1,16.8,18.4,4.2,33.4,26.0
36005,Bronx County,36005035900,2814,0.9947,63.6,21.4,70.3,36.6,6.1,11.0,33.3,6.5,73.8,15.1
36005,Bronx County,36005036000,3176,0.7968,9.2,8.3,28.5,18.6,8.5,25.6,19.5,9.8,28.5,10.3
36005,Bronx County,36005036100,5672,0.9797,57.5,20.1,53.7,29.2,3.7,16.9,27.8,4.8,80.6,33.0
36005,Bronx County,36005036300,6601,0.9859,56.5,12.7,56.0,39.5,3.7,7.0,25.7,20.1,82.4,24.2
36005,Bronx County,36005036400,2489,0.7951,14.1,8.6,48.1,25.3,10.4,17.5,15.9,3.3,37.7,14.7
36005,Bronx County,36005036501,4196,0.9966,47.0,19.8,38.9,21.2,6.2,9.2,25.1,10.1,68.9,13.4
36005,Bronx County,36005036502,2600,0.9888,53.8,14.7,67.6,30.8,8.9,4.7,31.7,10.5,68.8,21.8
36005,Bronx County,36005036700,2440,0.9578,44.4,15.8,49.8,18.7,2.7,4.0,26.8,9.5,55.5,13.5
36005,Bronx County,36005036800,2282,0.9582,26.4,18.2,46.2,23.5,3.5,13.5,26.4,21.4,37.2,14.4
36005,Bronx County,36005036901,2036,0.9914,56.4,9.8,49.3,37.1,7.4,9.3,28.8,9.3,69.7,23.5
36005,Bronx County,36005036902,2399,0.988,58.7,18.5,58.9,46.7,3.5,7.2,33.5,16.3,76.2,25.4
36005,Bronx County,36005037000,2479,0.7438,21.5,7.7,18.0,19.2,8.8,12.6,26.5,10.8,32.2,9.2
36005,Bronx County,36005037100,4099,0.9994,53.7,8.3,52.9,25.6,6.9,19.6,24.4,8.4,78.2,33.2
36005,Bronx County,36005037200,2264,0.8432,21.1,4.6,46.4,18.0,9.9,12.5,24.5,8.0,43.4,13.8
36005,Bronx County,36005037300,6404,0.9952,49.2,10.8,55.7,22.2,12.6,10.2,34.2,27.3,75.4,21.4
36005,Bronx County,36005037400,3649,0.888,36.4,12.3,53.5,22.8,3.6,12.1,21.5,4.8,68.0,26.1
36005,Bronx County,36005037504,3790,0.9658,53.2,5.6,51.6,31.8,2.7,13.5,26.5,9.2,70.8,22.0
36005,Bronx County,36005037600,2028,0.912,31.5,5.2,45.7,27.4,8.8,19.0,17.9,11.1,35.9,15.0
36005,Bronx County,36005037800,2882,0.9627,30.2,18.4,49.4,22.0,9.1,14.1,22.4,6.2,47.7,12.3
36005,Bronx County,36005037900,6374,0.9941,65.4,12.4,63.8,40.0,6.5,7.6,33.2,19.4,75.6,17.4
36005,Bronx County,36005038000,4327,0.9614,48.2,9.3,45.2,27.0,8.7,17.1,24.1,9.0,69.0,25.2
36005,Bronx County,36005038100,7644,0.9956,50.3,12.2,70.1,30.9,10.6,13.0,33.1,28.4,70.0,13.0
36005,Bronx County,36005038200,2879,0.8803,22.6,8.9,35.0,23.9,7.5,19.1,22.1,5.7,36.0,15.8
36005,Bronx County,36005038301,4970,0.9696,38.4,10.3,50.7,30.1,8.9,5.9,23.9,18.1,68.6,13.2
36005,Bronx County,36005038303,3730,0.9396,43.1,11.7,62.3,41.8,4.9,11.2,28.6,8.6,80.7,17.9
36005,Bronx County,36005038304,2138,0.9875,65.0,15.8,72.1,29.9,8.2,4.2,29.5,6.0,81.2,7.9
36005,Bronx County,36005038500,5401,0.985,68.3,29.1,63.8,34.4,5.4,5.9,40.5,19.3,75.9,15.0
36005,Bronx County,36005038600,8233,0.8915,31.1,9.8,43.0,16.5,4.8,16.9,27.7,8.0,56.4,15.4
36005,Bronx County,36005038700,3707,0.9717,46.0,18.0,66.4,32.0,11.3,7.7,26.4,11.5,77.3,9.9
36005,Bronx County,36005038800,2967,0.8749,36.0,9.5,49.0,20.8,5.5,11.1,33.9,11.4,28.4,23.0
36005,Bronx County,36005038900,5440,0.9466,45.5,17.4,57.6,33.3,11.1,5.8,21.9,14.5,67.2,8.5
36005,Bronx County,36005039000,2953,0.7307,27.8,17.7,49.4,23.7,1.4,9.8,20.3,14.4,37.1,8.4
36005,Bronx County,36005039100,7187,0.9724,47.9,5.8,51.4,40.9,20.0,16.5,19.8,15.6,66.7,7.7
36005,Bronx County,36005039200,1758,0.9365,19.6,13.2,44.6,24.6,11.5,12.6,21.6,15.9,43.7,14.5
36005,Bronx County,36005039300,8678,0.9926,51.8,10.9,60.3,34.1,9.4,8.0,35.6,17.9,78.2,12.8
36005,Bronx County,36005039400,4613,0.9707,34.9,9.4,46.0,22.4,17.6,14.0,22.0,10.0,59.5,20.5
36005,Bronx County,36005039500,4597,0.9975,54.8,11.3,58.4,29.6,9.4,9.7,28.3,13.6,78.9,25.5
36005,Bronx County,36005039600,4205,0.9479,34.9,14.1,55.1,38.5,10.8,14.4,20.6,12.7,64.5,20.8
36005,Bronx County,36005039700,3771,0.8075,46.7,22.5,47.8,42.1,4.2,6.9,3.9,2.3,86.3,24.4
36005,Bronx County,36005039800,3802,0.7588,34.1,4.6,62.4,16.1,2.7,15.1,28.4,3.1,31.1,13.6
36005,Bronx County,36005039901,5120,0.9806,35.3,15.6,62.6,37.2,8.6,10.1,29.6,23.1,79.2,10.3
36005,Bronx County,36005039902,5589,0.9838,38.6,18.1,56.9,32.2,15.2,4.9,31.0,26.5,72.3,5.0
36005,Bronx County,36005040100,4759,0.9876,63.5,15.4,70.2,24.1,11.2,11.3,20.7,12.6,77.1,7.4
36005,Bronx County,36005040302,4921,0.9804,51.8,14.7,64.0,37.9,5.2,13.9,26.4,34.7,69.9,3.3
36005,Bronx County,36005040303,4291,0.9791,56.4,12.4,66.6,28.8,6.3,11.6,24.6,16.5,70.3,9.9
36005,Bronx County,36005040304,3766,0.9504,49.5,13.6,62.1,37.8,8.7,8.4,29.1,20.7,81.2,12.6
36005,Bronx County,36005040400,3310,0.6187,12.5,8.2,25.2,9.9,10.5,13.3,25.8,6.8,30.9,15.5
36005,Bronx County,36005040501,4047,0.9637,48.7,16.0,58.6,40.8,7.5,14.3,25.3,16.6,80.5,10.1
36005,Bronx County,36005040502,6590,0.9918,48.8,17.7,64.9,29.7,6.0,8.0,27.6,8.2,66.7,7.9
36005,Bronx County,36005040600,3770,0.8744,33.6,9.9,59.4,9.6,7.2,11.4,25.5,8.1,43.9,20.3
36005,Bronx County,36005040701,3055,0.9622,39.7,11.0,60.2,27.9,14.0,8.9,25.0,10.2,77.8,5.5
36005,Bronx County,36005040702,7046,0.9842,46.9,14.6,53.2,29.1,8.0,13.1,23.6,17.5,67.6,12.6
36005,Bronx County,36005040800,4907,0.957,44.6,10.4,68.0,37.1,9.4,8.2,25.8,20.0,63.3,13.7
36005,Bronx County,36005040900,3460,0.8538,20.7,11.1,38.7,10.8,4.2,18.0,24.6,14.2,52.7,15.5
36005,Bronx County,36005041100,3752,0.9643,35.4,13.2,53.9,33.3,10.6,12.7,22.1,13.6,70.0,16.8
36005,Bronx County,36005041300,8232,0.9181,30.3,5.6,50.7,20.9,11.1,9.9,23.8,22.8,59.9,5.8
36005,Bronx County,36005041400,4842,0.7949,23.2,5.7,46.5,17.4,2.6,17.7,12.2,10.4,36.9,8.1
36005,Bronx County,36005041500,5627,0.9464,48.3,20.6,65.9,20.4,8.7,11.9,23.0,14.6,79.0,6.2
36005,Bronx County,36005041800,3899,0.9702,30.3,11.4,57.0,15.7,11.8,12.7,28.7,8.6,46.8,22.8
36005,Bronx County,36005041900,6320,0.9287,35.5,14.1,58.9,24.7,11.2,6.1,17.8,8.5,66.9,13.7
36005,Bronx County,36005042000,4396,0.9907,58.6,16.5,61.8,25.1,9.0,12.6,25.1,17.1,63.8,31.4
36005,Bronx County,36005042100,5621,0.9299,35.3,15.2,48.5,19.7,7.0,7.5,25.8,18.4,68.0,13.4
36005,Bronx County,36005042200,2860,0.5505,9.9,2.1,40.2,20.4,7.9,14.1,15.6,7.7,33.9,13.2
36005,Bronx County,36005042300,4627,0.942,31.3,9.1,47.3,32.0,12.8,5.8,33.0,36.7,74.4,8.7
36005,Bronx County,36005042400,2682,0.7924,25.2,14.6,24.7,19.9,10.9,15.0,26.8,1.1,28.1,16.1
36005,Bronx County,36005042500,5890,0.9329,29.0,8.4,54.5,23.3,7.6,8.7,22.5,13.9,68.5,17.4
36005,Bronx County,36005042600,6844,0.7386,13.4,7.1,28.3,18.9,16.5,20.8,16.5,10.1,23.5,13.2
36005,Bronx County,36005042800,2014,0.6539,19.0,11.2,35.7,5.9,4.7,33.9,18.1,1.6,19.4,15.0
36005,Bronx County,36005042901,3048,0.8215,45.3,1.8,59.4,20.6,10.5,8.1,28.8,8.4,54.3,13.6
36005,Bronx County,36005042902,4043,0.9747,29.7,10.3,55.8,28.2,9.4,11.2,24.7,12.8,75.7,17.4
36005,Bronx County,36005043000,3532,0.7778,21.4,15.4,29.9,18.9,5.4,18.4,21.9,5.5,35.4,22.9
36005,Bronx County,36005043101,5578,0.989,48.9,8.3,56.5,43.5,10.3,13.2,22.5,19.4,67.5,26.1
36005,Bronx County,36005043102,4532,0.9601,40.7,5.7,63.3,27.1,8.5,11.7,24.1,12.9,68.3,10.0
36005,Bronx County,36005043400,3946,0.8996,31.1,10.1,37.0,18.9,4.9,12.5,17.4,10.1,41.1,17.5
36005,Bronx County,36005043501,1083,0.9238,56.1,14.6,65.4,22.2,2.2,7.4,44.3,10.0,78.0,9.1
36005,Bronx County,36005043502,0,,,,,,,,,,,
36005,Bronx County,36005043503,16,0.0753,18.8,0.0,0.0,0.0,0.0,0.0,0.0,0.0,38.5,0.0
36005,Bronx County,36005043600,1891,0.9652,33.3,13.0,51.0,22.8,5.7,14.4,25.6,9.0,44.4,20.8
36005,Bronx County,36005044200,3947,0.9943,48.0,7.2,57.6,27.2,22.3,14.0,21.9,11.1,47.4,20.0
36005,Bronx County,36005044400,4504,0.6664,12.2,14.3,19.6,12.7,5.0,21.3,20.3,11.5,40.1,15.8
36005,Bronx County,36005044800,2361,0.7204,19.3,7.9,30.1,4.1,6.5,18.0,24.0,22.7,27.3,2.0
36005,Bronx County,36005044901,1815,0.4092,11.6,0.8,25.7,4.3,6.0,21.3,14.9,1.3,30.4,11.7
36005,Bronx County,36005044902,2146,0.7377,16.3,8.4,27.8,11.7,8.4,14.5,18.6,2.8,29.1,18.1
36005,Bronx County,36005045101,1541,0.1429,5.8,2.5,13.9,8.7,2.4,15.4,15.6,0.4,46.0,7.3
36005,Bronx County,36005045102,2027,0.3562,5.7,0.6,17.0,7.1,3.8,16.2,24.6,7.0,30.4,6.8
36005,Bronx County,36005045600,3518,0.2501,2.6,2.3,29.3,9.0,2.2,10.7,18.4,5.2,16.1,8.5
36005,Bronx County,36005045800,5315,0.9531,67.1,23.3,40.9,36.5,6.2,9.8,28.1,8.3,78.8,15.7
36005,Bronx County,36005046000,2739,0.9316,43.9,12.8,41.6,27.3,6.6,13.5,21.8,4.4,63.9,19.6
36005,Bronx County,36005046203,7762,0.9171,20.7,14.8,32.6,23.6,5.7,36.2,19.4,3.4,40.0,28.8
36005,Bronx County,36005046204,6483,0.7274,13.9,3.1,21.2,8.7,4.0,19.0,24.8,9.1,29.1,14.3
36005,Bronx County,36005046205,2702,0.835,26.7,9.3,43.4,21.7,4.2,42.2,5.8,0.0,50.8,35.2
36005,Bronx County,36005046206,4094,0.8464,17.6,6.6,41.0,13.6,9.1,29.4,4.5,11.3,48.3,31.5
36005,Bronx County,36005046207,6671,0.5647,19.7,14.6,19.9,7.2,4.7,18.1,20.2,2.4,45.5,14.8
36005,Bronx County,36005046208,5483,0.7098,15.6,3.3,34.4,10.6,2.9,18.3,23.1,7.5,19.2,6.0
36005,Bronx County,36005046209,4966,0.9078,47.8,15.6,61.5,13.5,3.5,6.4,36.5,14.0,59.0,8.4
36005,Bronx County,36005048401,3815,0.7746,12.2,6.5,37.6,13.8,7.2,10.7,24.6,6.8,26.0,14.1
36005,Bronx County,36005048402,0,,,,,,,,,,,
36005,Bronx County,36005050400,0,,,,,,,,,,,
36005,Bronx County,36005051601,4292,0.4999,10.7,7.9,23.7,4.7,6.2,28.9,15.0,0.0,12.7,11.8
36005,Bronx County,36005051602,0,,,,,,,,,,,
36007,Broome County,36007000100,3052,0.4452,45.4,7.1,36.8,4.2,1.8,11.3,12.6,0.0,21.7,17.4
36007,Broome County,36007000200,3221,0.7354,33.6,15.0,33.6,18.2,6.2,21.0,15.9,0.3,25.4,24.3
36007,Broome County,36007000300,2404,0.651,36.4,10.4,29.5,10.7,4.3,13.8,18.4,1.3,16.2,16.2
36007,Broome County,36007000400,2005,0.7221,40.4,4.0,31.3,17.1,6.2,13.0,19.7,0.0,23.7,15.8
36007,Broome County,36007000500,1914,0.9228,55.8,7.4,48.3,20.2,4.2,20.4,18.7,0.7,34.3,14.6
36007,Broome County,36007000600,2286,0.8842,45.8,24.0,24.2,33.7,3.9,11.2,29.3,14.8,19.1,12.8
36007,Broome County,36007000700,3545,0.7381,27.3,12.7,28.7,17.3,4.0,24.2,16.8,1.2,10.1,9.0
36007,Broome County,36007000900,1906,0.7136,47.3,23.0,40.2,17.7,2.6,13.0,23.3,2.0,13.5,12.6
36007,Broome County,36007001100,1834,0.9629,58.2,6.7,48.3,34.6,6.2,20.9,21.5,6.9,67.4,36.2
36007,Broome County,36007001200,1311,0.5851,75.8,20.6,49.3,22.8,3.1,15.9,0.0,0.0,65.1,39.6
36007,Broome County,36007001300,3639,0.9175,77.3,19.3,57.7,14.8,7.5,15.6,16.0,10.6,34.9,17.0
36007,Broome County,36007001401,1963,0.587,69.3,2.8,51.0,9.3,12.9,10.6,3.2,2.1,22.8,15.1
36007,Broome County,36007001402,3283,0.4575,60.1,7.3,32.8,2.9,1.3,12.3,9.0,6.7,22.1,10.1
36007,Broome County,36007001500,4485,0.1543,11.1,4.1,15.3,7.4,2.4,24.2,14.4,0.0,10.2,10.5
36007,Broome County,36007001600,2292,0.1148,17.8,3.0,16.4,2.1,3.4,22.5,16.4,0.0,17.6,18.0
36007,Broome County,36007001700,4491,0.7396,35.0,9.4,40.2,13.6,7.0,15.9,25.0,1.9,28.3,13.9
36007,Broome County,36007001800,3986,0.6942,37.4,7.8,21.0,10.3,4.7,14.0,19.1,0.5,18.9,15.0
36007,Broome County,36007010200,5153,0.3286,20.9,4.1,22.4,6.9,1.6,22.2,21.8,1.2,2.1,3.9
36007,Broome County,36007011901,2802,0.471,27.9,14.9,20.0,7.3,4.2,18.1,19.3,1.5,5.7,13.9
36007,Broome County,36007011902,2697,0.3667,26.4,6.4,21.9,6.9,3.0,17.1,26.1,3.3,1.8,16.2
36007,Broome County,36007011903,2680,0.43,28.2,10.0,23.1,13.5,2.5,15.1,28.2,5.4,3.5,12.8
36007,Broome County,36007012000,1514,0.2828,14.3,3.9,28.5,5.7,5.7,26.3,20.9,0.0,8.8,9.1
36007,Broome County,36007012101,3822,0.2154,15.3,2.5,14.9,9.0,2.7,22.1,19.7,4.1,3.7,8.9
36007,Broome County,36007012102,3896,0.3629,10.9,11.1,26.0,3.0,3.3,22.8,23.6,0.0,3.2,8.1
36007,Broome County,36007012103,3184,0.4545,24.2,0.7,19.0,11.0,4.1,20.3,20.3,3.5,6.3,12.4
36007,Broome County,36007012201,2168,0.0861,8.5,0.0,8.3,5.6,1.4,21.2,22.9,0.0,1.4,18.2
36007,Broome County,36007012202,4241,0.5727,32.6,6.9,24.5,12.6,2.3,20.6,31.4,6.8,3.2,12.2
36007,Broome County,36007012300,4856,0.5459,19.3,4.5,20.5,11.6,4.8,23.3,27.3,4.3,5.5,11.2
36007,Broome County,36007012400,2115,0.2825,16.3,4.3,16.2,5.0,5.2,28.6,18.4,0.4,3.9,20.2
36007,Broome County,36007012501,2744,0.4041,14.1,9.4,24.8,7.3,6.6,27.3,18.4,1.8,0.2,12.9
36007,Broome County,36007012502,3044,0.2612,19.8,5.6,16.5,7.2,0.7,17.2,22.4,0.3,5.1,11.5
36007,Broome County,36007012600,5483,0.6216,18.3,4.5,30.7,8.2,8.6,20.3,22.8,0.0,6.2,13.0
36007,Broome County,36007012701,4999,0.342,20.8,7.7,22.6,12.3,3.6,23.4,15.1,0.0,7.0,6.4
36007,Broome County,36007012702,4606,0.315,19.9,5.6,19.5,4.4,3.0,20.6,18.4,0.5,6.5,6.5
36007,Broome County,36007012800,5057,0.3891,21.3,2.1,26.9,11.0,2.7,23.6,14.6,0.6,5.3,12.3
36007,Broome County,36007012900,1379,0.4256,6.4,4.5,28.5,2.8,2.7,48.6,10.9,0.0,19.6,26.1
36007,Broome County,36007013000,4208,0.1038,14.0,2.9,13.1,2.0,2.9,21.4,24.6,0.0,2.7,5.7
36007,Broome County,36007013100,2727,0.5814,30.7,6.1,45.6,11.6,2.2,15.8,12.9,3.0,23.1,21.5
36007,Broome County,36007013201,2056,0.1245,16.0,2.1,22.6,5.1,0.4,20.9,22.1,0.6,4.2,9.0
36007,Broome County,36007013202,3392,0.2393,17.7,1.1,20.0,5.5,0.6,24.6,22.5,0.7,7.8,13.1
36007,Broome County,36007013301,4726,0.1857,13.9,0.1,23.0,5.5,4.4,19.7,20.4,0.0,4.0,7.8
36007,Broome County,36007013303,2859,0.3053,9.8,1.4,10.9,7.2,4.0,21.4,22.8,3.8,3.0,4.2
36007,Broome County,36007013304,5659,0.2327,13.0,1.4,21.7,3.3,3.1,26.0,19.5,4.7,3.5,8.5
36007,Broome County,36007013400,4371,0.6793,40.0,2.2,33.7,13.9,6.7,19.1,21.2,2.4,13.4,14.1
36007,Broome County,36007013500,1898,0.9358,71.3,19.5,61.5,25.9,11.2,6.3,25.3,3.9,30.8,11.0
36007,Broome County,36007013600,3890,0.8042,34.1,8.0,36.5,10.2,5.8,15.4,25.3,4.1,18.5,15.6
36007,Broome County,36007013700,3381,0.6617,30.5,7.1,33.3,6.9,3.9,24.3,16.4,1.9,23.0,24.9
36007,Broome County,36007013800,3544,0.4668,24.2,6.2,20.7,3.8,6.1,25.4,20.7,0.0,10.7,18.5
36007,Broome County,36007013900,2252,0.9057,58.4,43.5,53.6,23.1,1.9,8.4,24.4,1.7,14.8,7.1
36007,Broome County,36007014000,3016,0.7835,45.4,10.0,46.9,19.8,4.1,9.7,24.4,4.3,42.9,23.5
36007,Broome County,36007014100,3346,0.6514,27.1,3.1,37.8,10.8,6.6,20.4,14.4,0.0,11.4,9.9
36007,Broome County,36007014200,3071,0.2686,16.7,4.7,26.7,4.4,1.7,36.2,13.7,0.0,4.4,7.9
36007,Broome County,36007014301,6387,0.6039,25.7,2.7,31.2,9.7,3.3,20.8,17.0,3.7,9.7,4.5
36007,Broome County,36007014302,9264,0.3309,40.4,14.6,26.1,8.6,1.8,6.0,4.9,0.0,18.6,18.9
36007,Broome County,36007014400,5089,0.1424,18.4,4.6,22.2,1.7,0.4,23.7,22.7,0.0,3.1,4.0
36007,Broome County,36007014500,3435,0.3068,11.1,3.8,19.0,5.2,2.2,29.5,16.0,0.0,8.3,8.5
36007,Broome County,36007014600,5737,0.3096,12.9,6.0,19.4,5.4,1.5,20.0,20.4,0.8,2.5,11.9
36009,Cattaraugus County,36009940000,177,0.3739,10.7,22.7,6.5,13.1,9.0,11.3,38.4,0.0,0.0,32.6
36009,Cattaraugus County,36009940200,0,,,,,,,,,,,
36009,Cattaraugus County,36009940301,2697,0.9139,45.7,9.0,33.7,16.8,6.9,19.1,26.2,2.3,20.9,25.0
36009,Cattaraugus County,36009940302,3438,0.7445,36.6,6.7,24.9,10.6,8.5,12.4,23.5,1.6,15.1,18.3
36009,Cattaraugus County,36009960100,3595,0.3632,26.2,3.1,18.4,9.6,3.9,19.1,21.1,1.8,11.9,24.1
36009,Cattaraugus County,36009960200,4453,0.6993,32.6,7.1,29.9,12.3,5.9,23.5,20.1,0.5,4.7,14.4
36009,Cattaraugus County,36009960300,4415,0.3353,15.9,2.9,20.4,7.3,4.7,22.7,16.4,1.4,3.6,20.1
36009,Cattaraugus County,36009960400,4435,0.6624,24.8,4.0,25.0,12.5,4.9,24.4,18.5,0.2,8.0,18.0
36009,Cattaraugus County,36009960500,5125,0.7835,31.4,5.7,18.4,22.5,20.3,12.8,33.2,5.5,16.8,35.4
36009,Cattaraugus County,36009960600,3416,0.5873,29.0,6.5,23.8,11.0,7.9,17.3,17.1,0.2,6.1,28.8
36009,Cattaraugus County,36009960703,1612,0.3309,13.4,4.1,14.5,7.0,3.8,24.9,20.5,0.0,5.5,23.2
36009,Cattaraugus County,36009960704,991,0.5067,14.3,11.1,30.4,4.8,5.4,31.2,15.1,0.8,3.1,15.4
36009,Cattaraugus County,36009960800,3850,0.5619,20.1,4.5,17.6,10.5,5.0,18.9,23.1,2.0,10.0,24.0
36009,Cattaraugus County,36009961000,4543,0.3564,16.3,4.3,17.1,4.4,4.1,23.6,19.3,1.0,4.5,12.5
36009,Cattaraugus County,36009961100,4304,0.4203,20.3,4.3,19.2,7.1,3.6,27.1,17.3,1.0,2.2,16.0
36009,Cattaraugus County,36009961200,3292,0.6465,25.9,8.4,24.5,8.9,1.7,21.5,23.3,2.4,4.2,19.0
36009,Cattaraugus County,36009961301,2305,0.4828,25.9,5.4,18.3,6.9,2.4,21.3,21.6,1.5,5.2,15.5
36009,Cattaraugus County,36009961302,2385,0.16,24.1,3.0,17.2,2.6,3.2,13.0,8.2,0.0,7.6,20.2
36009,Cattaraugus County,36009961400,5111,0.6805,27.8,4.0,13.9,14.1,15.0,19.5,26.7,4.0,12.7,26.4
36009,Cattaraugus County,36009961500,2292,0.5706,29.0,18.3,27.3,15.5,1.6,17.5,22.7,4.4,7.4,13.4
36009,Cattaraugus County,36009961600,3812,0.5953,30.2,1.8,33.4,6.1,5.4,16.8,26.7,0.5,13.3,16.7
36009,Cattaraugus County,36009961700,3117,0.6189,50.0,0.4,40.8,11.1,4.3,14.4,20.7,5.1,38.9,13.9
36009,Cattaraugus County,36009961800,4669,0.728,25.9,8.5,29.4,12.4,6.6,21.0,24.1,0.9,15.4,11.7
36009,Cattaraugus County,36009962200,2966,0.6103,27.4,3.3,20.6,12.3,6.0,22.8,23.0,2.2,6.1,22.9
36011,Cayuga County,36011040101,1902,0.6122,42.9,8.4,26.3,10.1,13.1,12.0,34.5,7.9,5.4,16.4
36011,Cayuga County,36011040102,3218,0.4273,27.8,2.9,26.2,7.9,7.7,24.0,17.3,0.0,11.9,12.1
36011,Cayuga County,36011040201,2615,0.3689,23.0,4.8,22.0,5.8,7.3,18.8,15.8,1.4,6.7,17.4
36011,Cayuga County,36011040202,2094,0.065,16.1,3.7,15.8,2.5,3.0,14.1,23.6,0.0,2.8,9.9
36011,Cayuga County,36011040300,3886,0.6698,28.1,4.4,25.4,16.6,9.9,19.3,22.3,0.3,9.0,20.1
36011,Cayuga County,36011040400,4305,0.4531,20.9,0.8,23.8,7.9,2.2,17.6,17.4,6.4,10.8,18.4
36011,Cayuga County,36011040500,3167,0.1456,15.9,1.9,20.1,11.5,3.1,19.1,19.3,0.0,3.5,18.5
36011,Cayuga County,36011040600,3302,0.1859,6.7,5.5,17.6,7.2,1.5,24.4,19.7,0.0,1.6,8.7
36011,Cayuga County,36011040700,3564,0.02,4.5,2.0,15.2,3.5,0.8,26.4,16.9,1.5,1.5,8.2
36011,Cayuga County,36011040800,4370,0.5833,20.6,3.2,27.7,20.9,1.7,18.1,19.0,1.8,9.7,11.6
36011,Cayuga County,36011040900,3517,0.3659,26.8,2.3,21.6,9.6,3.9,18.5,23.0,1.6,4.7,20.3
36011,Cayuga County,36011041001,2942,0.4583,15.7,4.8,13.7,10.8,8.9,16.9,19.5,1.4,5.7,15.0
36011,Cayuga County,36011041002,1784,0.2488,18.4,2.8,14.9,4.3,5.2,20.3,14.7,1.2,1.8,8.9
36011,Cayuga County,36011041101,2452,0.1163,10.1,2.0,12.1,5.8,3.4,24.6,19.9,0.6,2.6,8.3
36011,Cayuga County,36011041102,1465,0.2043,13.8,2.3,19.1,13.8,9.5,19.2,22.4,0.5,1.8,12.0
36011,Cayuga County,36011041201,2299,0.2574,11.6,4.9,13.1,4.9,1.4,23.0,23.4,0.0,3.4,14.7
36011,Cayuga County,36011041202,2615,0.363,13.1,5.5,14.7,11.2,2.1,30.3,18.6,0.4,4.7,14.0
36011,Cayuga County,36011041300,3362,0.5626,39.3,5.8,38.1,18.9,5.3,15.3,19.1,1.3,16.0,16.9
36011,Cayuga County,36011041400,4937,0.5495,27.0,2.7,34.8,10.3,2.0,21.8,15.2,1.6,24.5,17.8
36011,Cayuga County,36011041500,2780,0.3028,27.6,0.6,32.2,4.1,2.7,17.9,19.6,0.0,8.5,6.1
36011,Cayuga County,36011041600,2730,0.0239,20.3,1.6,24.5,3.0,0.8,13.2,25.3,0.0,3.9,3.9
36011,Cayuga County,36011041700,3873,0.7158,27.2,16.5,32.5,6.4,2.4,24.7,17.8,0.3,9.5,16.0
36011,Cayuga County,36011041800,5072,0.7168,32.2,7.5,38.7,14.0,3.8,22.7,22.3,0.0,18.0,14.7
36011,Cayuga County,36011042100,3920,0.7609,55.6,4.5,48.1,40.7,4.8,14.3,11.4,2.2,33.0,23.6
36013,Chautauqua County,36013030100,3631,0.8789,55.7,14.7,51.2,15.2,5.1,20.3,26.5,0.0,29.1,33.3
36013,Chautauqua County,36013030200,4243,0.8413,47.5,7.2,29.9,9.7,5.5,13.8,32.1,8.9,15.4,18.2
36013,Chautauqua County,36013030300,1913,0.8841,54.0,10.5,43.9,26.3,7.6,10.0,27.0,3.8,31.5,27.0
36013,Chautauqua County,36013030400,4091,0.3389,16.2,1.5,27.9,6.9,1.7,14.5,21.1,0.0,5.6,14.6
36013,Chautauqua County,36013030500,3345,0.8496,60.2,9.7,51.6,20.4,6.6,15.8,17.0,3.7,47.8,22.4
36013,Chautauqua County,36013030600,3163,0.6989,53.9,12.1,28.6,13.4,5.3,16.0,25.3,0.5,25.0,16.6
36013,Chautauqua County,36013030700,4253,0.6575,26.5,8.7,29.7,12.5,3.7,17.8,20.1,0.0,15.1,10.6
36013,Chautauqua County,36013030800,4040,0.6818,38.8,12.8,25.8,10.8,4.3,17.8,23.1,3.0,17.8,14.6
36013,Chautauqua County,36013035100,4301,0.6001,22.7,6.7,21.2,8.3,4.2,25.8,18.6,1.3,6.9,7.1
36013,Chautauqua County,36013035300,2552,0.2826,12.2,1.0,18.9,8.5,2.7,21.3,17.4,1.8,5.3,13.6
36013,Chautauqua County,36013035400,2797,0.6717,42.5,5.2,33.6,14.4,3.4,17.7,18.9,0.0,23.7,21.0
36013,Chautauqua County,36013035500,3138,0.5721,27.7,5.0,27.7,17.6,2.5,21.7,11.2,0.5,17.5,11.4
36013,Chautauqua County,36013035600,3264,0.5982,38.2,6.9,24.6,6.7,5.4,17.2,20.1,0.0,14.6,17.2
36013,Chautauqua County,36013035700,3469,0.3047,32.6,2.2,23.7,9.5,2.3,15.4,21.9,0.0,10.8,8.9
36013,Chautauqua County,36013035800,3293,0.2283,33.6,1.7,37.5,3.7,5.3,16.7,14.1,0.0,6.2,11.5
36013,Chautauqua County,36013035901,4678,0.659,24.6,3.4,30.2,8.2,4.6,34.0,15.5,3.9,9.9,16.9
36013,Chautauqua County,36013035902,2112,0.2562,68.6,6.0,61.0,0.0,7.5,2.1,2.6,0.0,19.0,7.0
36013,Chautauqua County,36013036000,4312,0.4875,19.5,1.4,22.9,10.7,4.5,31.4,14.1,0.0,5.0,11.4
36013,Chautauqua County,36013036100,4344,0.4577,22.4,3.4,19.9,10.0,2.0,21.1,19.6,2.3,4.6,17.7
36013,Chautauqua County,36013036300,4208,0.7322,20.8,10.2,27.0,17.6,4.2,20.7,17.7,3.8,7.2,10.8
36013,Chautauqua County,36013036401,2575,0.6396,28.9,7.1,31.9,8.1,2.9,28.0,13.9,0.0,12.7,18.6
36013,Chautauqua County,36013036402,3531,0.3809,22.6,2.4,14.2,10.5,4.8,18.9,20.5,0.9,4.7,11.4
36013,Chautauqua County,36013036500,4556,0.7462,33.3,7.2,30.8,10.9,4.3,23.8,21.2,0.6,14.0,24.5
36013,Chautauqua County,36013036600,3289,0.4978,29.3,3.9,19.5,12.0,12.0,18.8,24.5,2.7,5.7,19.2
36013,Chautauqua County,36013036700,4472,0.5546,22.5,1.9,15.8,24.3,27.7,12.0,34.7,6.0,22.5,29.9
36013,Chautauqua County,36013036801,2529,0.49,20.6,3.5,16.7,11.9,10.5,21.0,27.2,2.8,5.7,13.1
36013,Chautauqua County,36013036802,2037,0.4339,17.0,2.9,15.5,15.8,11.8,20.1,20.9,1.3,11.2,18.0
36013,Chautauqua County,36013036901,2642,0.3879,16.0,0.8,15.8,5.6,2.5,28.6,19.4,0.9,3.7,21.2
36013,Chautauqua County,36013036902,2937,0.204,11.6,7.4,13.0,2.1,3.3,32.7,12.1,0.0,1.0,9.3
36013,Chautauqua County,36013037000,3420,0.0635,19.0,1.5,18.9,2.5,2.1,18.7,20.9,1.8,2.5,10.5
36013,Chautauqua County,36013037100,4084,0.5617,15.4,6.7,23.6,2.2,2.0,27.7,18.0,0.0,12.6,12.5
36013,Chautauqua County,36013037200,3971,0.4936,19.4,1.2,26.8,8.5,3.2,28.4,20.3,1.1,3.5,9.4
36013,Chautauqua County,36013037300,4764,0.2615,16.5,3.8,18.4,6.2,2.0,24.0,17.0,0.4,9.3,11.8
36013,Chautauqua County,36013037400,3620,0.5193,22.8,3.7,19.6,10.1,11.3,19.2,23.2,1.8,5.9,12.2
36013,Chautauqua County,36013037500,5214,0.3214,18.7,7.5,17.6,7.7,5.5,20.1,21.6,0.3,1.6,8.6
36013,Chautauqua County,36013037600,2652,0.4148,21.0,7.8,16.6,7.0,3.5,22.1,21.6,0.0,0.0,13.7
36015,Chemung County,36015000100,2890,0.809,47.7,7.9,31.8,24.0,5.2,21.5,22.8,0.0,26.4,27.1
36015,Chemung County,36015000200,2607,0.4746,37.9,1.6,24.9,17.6,2.1,11.9,30.1,3.0,14.4,16.1
36015,Chemung County,36015000300,1377,,,,,54.3,,1.2,0.0,,,
36015,Chemung County,36015000400,2142,0.7706,39.5,5.8,34.5,10.5,4.9,21.8,24.0,1.9,5.4,10.2
36015,Chemung County,36015000500,2876,0.6544,26.4,9.9,29.4,7.1,7.8,17.2,22.8,3.6,14.8,8.5
36015,Chemung County,36015000600,3347,0.624,47.8,21.2,43.5,8.7,8.5,5.2,17.9,0.0,27.7,14.6
36015,Chemung County,36015000700,2304,0.8953,66.0,10.0,63.9,23.6,3.0,24.2,22.2,0.0,51.2,34.7
36015,Chemung County,36015000900,2846,0.4281,22.7,4.8,24.6,18.1,2.6,19.3,24.7,0.8,8.0,21.2
36015,Chemung County,36015001000,2717,0.855,48.8,12.7,43.5,20.1,6.3,11.0,28.0,1.9,41.2,18.6
36015,Chemung County,36015001100,3388,0.3448,30.7,10.6,28.0,9.2,3.3,12.8,22.6,0.0,6.1,11.5
36015,Chemung County,36015010100,3284,0.413,20.8,4.4,21.9,8.3,3.5,18.1,23.5,2.0,5.5,16.6
36015,Chemung County,36015010200,5952,0.3545,14.5,5.4,16.5,6.3,3.5,21.4,24.1,0.9,4.0,13.5
36015,Chemung County,36015010301,4764,0.0675,6.4,2.9,12.5,2.4,1.9,24.5,17.9,0.0,0.0,6.1
36015,Chemung County,36015010302,2951,0.0103,6.8,5.9,13.3,1.5,2.8,21.8,20.5,0.0,0.0,6.4
36015,Chemung County,36015010400,3410,0.4562,14.4,2.5,22.1,4.6,2.4,31.7,12.3,0.4,10.7,20.0
36015,Chemung County,36015010500,3062,0.4856,26.8,4.8,38.6,6.9,3.0,13.7,23.1,2.0,10.1,17.0
36015,Chemung County,36015010600,2744,0.3017,32.7,4.0,30.2,5.0,5.7,13.6,23.9,8.3,2.4,10.3
36015,Chemung County,36015010701,3223,0.5735,17.2,5.1,28.5,7.2,7.6,26.0,20.5,0.6,0.0,11.6
36015,Chemung County,36015010702,4296,0.2699,12.7,1.3,14.1,2.9,1.5,22.0,23.3,1.9,1.2,6.1
36015,Chemung County,36015010800,3834,0.5423,24.2,10.8,24.6,7.2,5.6,16.0,17.9,0.7,12.1,19.5
36015,Chemung County,36015010900,4875,0.1359,8.0,4.2,16.9,2.6,2.1,23.8,22.2,0.5,2.6,4.1
36015,Chemung County,36015011000,3629,0.5744,18.5,5.0,23.0,13.3,5.8,21.7,21.4,0.7,3.7,20.8
36015,Chemung County,36015011101,2457,0.5887,29.9,9.8,31.9,10.5,7.3,28.2,15.7,0.0,12.3,17.7
36015,Chemung County,36015011102,4204,0.4014,20.7,4.3,26.7,6.6,8.9,20.3,17.1,0.0,14.3,20.0
36015,Chemung County,36015011200,4405,0.4803,25.4,4.4,25.1,11.8,2.4,23.0,19.8,1.2,2.9,17.6
36017,Chenango County,36017970101,2689,0.4895,12.5,4.2,19.0,10.5,6.1,16.8,21.8,2.5,5.7,16.5
36017,Chenango County,36017970102,3094,0.5031,19.9,2.4,18.1,12.4,2.9,14.8,27.4,0.0,8.7,10.8
36017,Chenango County,36017970201,1939,0.3414,20.8,8.0,12.6,14.7,4.1,23.1,16.2,0.2,4.4,16.1
36017,Chenango County,36017970202,2032,0.3807,22.7,4.1,17.1,11.6,4.9,24.3,21.6,2.1,3.7,20.0
36017,Chenango County,36017970300,4017,0.6995,20.6,7.4,23.8,10.8,1.2,21.5,21.2,1.2,15.5,20.4
36017,Chenango County,36017970400,2933,0.7964,37.5,17.8,32.7,10.8,4.7,21.1,15.1,3.9,28.4,11.4
36017,Chenango County,36017970501,2093,0.5442,30.1,4.8,18.6,15.1,2.7,19.2,19.2,0.0,7.1,12.0
36017,Chenango County,36017970502,3183,0.2988,20.2,6.8,11.6,18.3,1.7,25.5,21.0,1.3,2.0,8.1
36017,Chenango County,36017970601,3863,0.4338,18.6,5.3,15.8,5.7,2.9,21.2,20.6,1.1,7.3,10.2
36017,Chenango County,36017970602,3740,0.6442,25.2,12.3,21.2,17.2,6.7,22.8,21.0,4.1,1.6,16.3
36017,Chenango County,36017970700,2333,0.5944,28.6,4.6,22.6,10.5,1.9,21.2,19.6,2.3,8.7,19.6
36017,Chenango County,36017970801,3411,0.3611,21.4,5.5,20.0,12.5,2.7,19.9,16.2,0.8,11.2,6.8
36017,Chenango County,36017970802,3525,0.455,19.0,7.5,24.9,6.9,3.2,20.5,23.0,0.9,6.3,14.0
36017,Chenango County,36017970901,2567,0.6003,23.4,5.1,29.8,15.3,8.3,30.2,19.9,1.1,6.3,15.2
36017,Chenango County,36017970902,2304,0.384,17.1,10.9,14.0,8.3,1.6,20.7,17.4,1.2,4.6,10.6
36017,Chenango County,36017971000,3373,0.5259,21.5,4.0,25.6,5.7,2.5,20.2,24.1,3.5,5.3,19.2
36019,Clinton County,36019100101,2674,0.4301,16.0,5.5,18.6,10.2,8.8,20.8,22.5,3.4,7.1,13.5
36019,Clinton County,36019100102,3059,0.5807,31.8,4.7,26.5,13.5,2.1,23.3,19.9,0.8,12.2,18.8
36019,Clinton County,36019100200,4100,0.2771,15.9,3.6,14.7,9.2,1.6,17.2,21.4,0.0,9.7,12.2
36019,Clinton County,36019100600,5492,0.2777,21.7,2.6,17.1,5.2,2.6,14.7,25.4,5.1,3.0,10.2
36019,Clinton County,36019100700,3855,0.3735,10.4,3.6,19.8,5.5,3.3,23.1,20.9,0.5,2.9,9.3
36019,Clinton County,36019100800,4609,0.4235,19.1,3.4,18.1,12.8,1.2,23.0,11.5,1.0,10.7,16.4
36019,Clinton County,36019100901,2922,0.5297,33.0,6.2,40.0,6.7,6.1,13.1,16.8,0.3,21.4,9.9
36019,Clinton County,36019100902,1902,0.0335,15.0,3.8,23.8,2.0,1.6,19.0,10.7,0.0,9.4,9.2
36019,Clinton County,36019101000,4487,0.2726,11.3,1.7,20.6,7.7,2.5,23.6,16.1,0.0,5.3,8.3
36019,Clinton County,36019101600,1517,0.6286,34.0,12.5,23.1,19.7,1.1,20.0,20.6,2.0,6.8,6.7
36019,Clinton County,36019101901,5345,0.2351,9.7,2.1,15.3,10.4,3.2,12.5,20.3,0.0,4.2,17.5
36019,Clinton County,36019101902,1060,0.5913,15.9,9.3,17.5,11.6,8.0,20.1,23.8,0.2,3.4,1.6
36019,Clinton County,36019102100,1920,0.6105,20.1,4.7,19.0,10.5,0.7,23.2,20.8,0.6,7.7,7.2
36019,Clinton County,36019102200,3230,0.8592,41.0,5.8,28.4,10.8,4.7,15.9,25.2,5.6,29.5,13.7
36019,Clinton County,36019102800,3333,0.501,12.1,6.9,22.3,8.4,9.2,16.5,22.2,1.5,4.5,15.8
36019,Clinton County,36019103000,2398,,,20.0,,0.0,1.7,0.0,1.5,,,
36019,Clinton County,36019103100,2770,0.6696,63.4,12.7,55.2,9.7,2.4,14.5,11.7,1.4,26.8,15.9
36019,Clinton County,36019103200,2198,0.2868,19.7,2.0,32.2,3.7,1.2,21.2,17.4,0.0,13.5,13.5
36019,Clinton County,36019103512,6836,0.606,26.2,5.8,18.4,31.2,4.1,13.8,13.6,1.6,7.6,28.3
36019,Clinton County,36019103800,5434,0.1844,18.7,2.8,25.7,8.5,2.5,21.3,20.1,0.8,2.2,12.6
36019,Clinton County,36019103900,5014,0.173,17.8,2.2,17.5,15.6,2.0,20.5,14.5,0.0,5.9,11.8
36019,Clinton County,36019104200,5684,0.5263,20.9,5.3,19.6,15.8,3.7,18.1,17.3,0.3,9.8,21.3
36021,Columbia County,36021000100,2299,0.4843,24.3,6.4,26.7,5.1,11.4,21.2,11.7,1.2,1.1,5.9
36021,Columbia County,36021000200,1661,0.3478,12.5,4.9,23.7,3.9,1.6,33.4,13.8,0.3,9.9,15.3
36021,Columbia County,36021000300,4101,0.3252,9.7,7.4,18.3,3.1,7.6,29.2,19.0,0.8,5.0,4.4
36021,Columbia County,36021000401,2330,0.203,13.3,6.1,23.4,1.7,2.9,32.4,17.4,0.0,1.6,10.9
36021,Columbia County,36021000402,5923,0.5592,14.5,6.6,23.0,7.4,3.9,23.4,19.7,0.5,7.5,11.4
36021,Columbia County,36021000500,2195,0.4429,12.5,6.6,19.2,3.6,5.6,24.9,23.3,0.8,0.0,3.9
36021,Columbia County,36021000600,2678,0.5345,10.9,3.2,16.0,10.0,4.7,16.8,26.0,3.7,1.2,15.1
36021,Columbia County,36021000700,5292,0.3317,17.3,4.1,23.8,10.3,2.8,22.1,15.2,0.0,2.5,13.7
36021,Columbia County,36021000800,1666,0.0536,8.7,2.0,16.9,2.4,2.6,44.3,9.7,0.0,1.8,16.9
36021,Columbia County,36021000900,1862,0.2441,14.5,3.0,21.4,6.2,5.5,27.8,15.8,0.0,2.8,15.1
36021,Columbia County,36021001000,6049,0.4398,15.7,3.9,19.8,6.2,4.2,21.5,17.3,0.0,5.6,14.5
36021,Columbia County,36021001100,4442,0.7042,26.0,5.2,31.4,11.6,2.6,25.0,18.5,0.0,6.4,19.9
36021,Columbia County,36021001200,2892,0.7172,33.1,19.3,38.2,10.7,2.9,18.5,15.4,2.5,22.2,21.4
36021,Columbia County,36021001300,3031,0.801,47.8,4.6,44.1,18.2,5.7,13.1,18.8,5.2,19.7,22.5
36021,Columbia County,36021001400,3630,0.5645,29.3,4.0,29.7,11.0,1.0,27.4,8.7,2.5,14.0,19.3
36021,Columbia County,36021001500,1255,0.5064,15.4,3.9,14.6,10.4,4.6,31.5,14.4,3.8,1.3,12.5
36021,Columbia County,36021001600,3353,0.3836,18.1,5.7,20.3,9.9,1.6,30.4,9.4,0.8,2.0,14.5
36021,Columbia County,36021001700,1440,0.2973,16.8,2.7,25.0,9.3,1.0,21.5,20.3,1.9,0.6,10.1
36021,Columbia County,36021001800,1508,0.3062,14.6,8.6,23.4,6.7,3.1,25.3,18.7,2.4,0.0,18.2
36021,Columbia County,36021001900,2103,0.3522,14.0,6.7,20.5,6.9,1.3,21.5,15.9,1.1,0.9,8.4
36021,Columbia County,36021002000,1759,0.3452,10.5,7.5,16.6,5.1,6.3,30.1,10.5,0.5,6.8,17.8
36023,Cortland County,36023970100,3259,0.3729,19.1,5.8,18.1,10.8,3.2,16.5,17.6,1.4,3.0,20.4
36023,Cortland County,36023970201,2269,0.2169,12.4,3.5,14.6,5.6,4.9,25.8,18.5,0.5,4.9,13.8
36023,Cortland County,36023970202,3188,0.0743,9.3,4.4,23.5,4.4,1.4,20.9,20.8,0.0,1.3,11.3
36023,Cortland County,36023970300,3072,0.1061,6.0,2.1,21.7,4.7,1.5,26.1,20.0,0.0,4.6,9.7
36023,Cortland County,36023970400,2759,0.4666,18.9,5.4,29.5,5.7,2.5,15.7,26.6,2.2,3.5,15.6
36023,Cortland County,36023970500,3956,0.7219,34.1,11.9,31.5,15.4,4.6,11.9,20.1,4.0,13.8,13.9
36023,Cortland County,36023970600,2760,0.6715,38.2,5.9,39.4,10.7,5.3,14.2,17.3,5.7,26.0,20.1
36023,Cortland County,36023970700,3759,0.1321,20.6,2.9,24.6,4.9,1.9,21.7,12.8,0.1,6.8,23.9
36023,Cortland County,36023970800,2558,0.1399,12.4,7.0,11.6,30.1,2.4,0.7,1.3,0.0,26.7,3.5
36023,Cortland County,36023970900,4541,0.633,45.1,4.8,40.3,11.7,5.3,12.6,14.9,0.8,16.7,20.2
36023,Cortland County,36023971000,5631,0.3478,12.0,2.6,16.0,9.9,2.1,14.2,21.9,0.0,10.5,14.0
36023,Cortland County,36023971100,4802,0.4604,20.5,9.2,20.1,10.8,6.1,16.4,23.9,1.4,4.6,14.5
36023,Cortland County,36023971200,4201,0.4807,17.2,3.7,18.3,13.1,5.6,19.8,23.7,1.9,5.1,11.4
36025,Delaware County,36025970101,1472,0.6328,26.5,9.6,32.2,14.3,3.6,27.9,12.2,1.5,6.8,21.9
36025,Delaware County,36025970102,2964,0.3754,21.3,6.9,14.1,4.8,2.8,25.5,14.3,1.8,6.1,24.8
36025,Delaware County,36025970200,3131,0.4051,14.3,5.8,18.3,8.0,5.2,25.5,13.3,1.3,4.4,14.1
36025,Delaware County,36025970300,2465,0.34,18.8,2.9,19.7,4.8,5.5,31.5,12.4,0.7,6.7,12.0
36025,Delaware County,36025970401,1778,0.4558,31.1,3.6,20.3,3.3,3.6,23.6,22.0,1.1,1.1,15.3
36025,Delaware County,36025970402,3766,0.7599,45.0,11.2,31.4,9.1,1.9,21.6,23.7,1.7,17.9,14.9
36025,Delaware County,36025970501,2228,0.5461,30.7,1.2,22.3,16.8,7.8,24.6,18.6,3.9,11.0,17.6
36025,Delaware County,36025970502,1459,0.5069,31.6,4.2,17.2,9.3,3.8,28.6,22.1,4.8,3.2,18.7
36025,Delaware County,36025970601,2177,0.6025,29.9,4.9,33.6,11.0,4.4,27.8,16.4,0.0,11.0,16.4
36025,Delaware County,36025970602,3111,0.5436,39.6,4.6,24.3,12.6,10.7,18.7,19.0,0.0,2.2,20.7
36025,Delaware County,36025970700,2322,0.3372,18.1,8.7,19.5,8.8,3.5,32.9,13.4,1.0,2.5,13.5
36025,Delaware County,36025970800,3509,0.6058,22.4,7.5,23.0,6.8,3.8,23.3,15.7,0.6,12.1,10.1
36025,Delaware County,36025970900,1398,,,0.0,,,0.0,0.0,3.1,,,
36025,Delaware County,36025971000,2679,0.5843,26.3,7.3,23.9,8.2,4.3,22.3,18.4,0.8,4.3,9.1
36025,Delaware County,36025971100,2196,0.3558,14.5,6.1,28.6,8.3,1.9,33.6,15.3,0.8,8.4,12.9
36025,Delaware County,36025971200,3350,0.7025,23.5,2.1,26.2,18.2,8.4,27.2,15.5,0.1,9.2,13.4
36025,Delaware County,36025971300,1847,0.3933,17.2,7.8,23.5,11.9,0.0,25.9,17.9,0.0,2.2,12.7
36025,Delaware County,36025971400,2785,0.4997,24.8,9.5,22.5,8.1,5.0,29.2,12.7,0.0,7.5,18.3
36027,Dutchess County,36027010000,3830,0.8778,25.7,7.2,31.8,20.7,12.4,19.5,21.0,6.6,15.0,17.8
36027,Dutchess County,36027020003,4616,0.3267,11.4,1.9,21.4,3.9,6.0,13.9,27.8,2.5,1.7,3.5
36027,Dutchess County,36027020004,2693,0.1144,8.0,4.0,18.5,2.3,1.6,17.9,22.5,3.1,1.4,1.3
36027,Dutchess County,36027020005,5085,0.1372,7.0,5.9,15.6,5.5,3.9,14.4,22.3,0.0,1.2,2.5
36027,Dutchess County,36027030000,4065,0.2146,11.7,2.9,23.9,11.2,0.7,33.0,15.7,0.0,2.2,3.5
36027,Dutchess County,36027040001,4734,0.5567,20.8,6.8,25.7,12.3,4.5,17.7,14.3,1.4,3.5,7.2
36027,Dutchess County,36027040003,3667,0.5301,19.4,9.2,19.4,10.9,4.3,16.1,13.9,2.7,4.8,9.8
36027,Dutchess County,36027050102,3807,0.3604,11.4,3.7,25.5,9.9,3.1,17.3,24.7,1.1,1.2,14.0
36027,Dutchess County,36027050103,5909,0.1559,5.1,7.1,9.6,5.7,2.4,14.6,24.4,2.3,3.7,1.6
36027,Dutchess County,36027050104,6214,0.1918,1.6,2.6,11.4,5.8,4.9,15.4,26.4,0.0,4.3,2.6
36027,Dutchess County,36027050203,5322,0.2743,7.0,6.4,15.2,2.6,5.4,17.9,21.6,0.5,4.9,5.9
36027,Dutchess County,36027050204,2822,0.0747,5.4,1.8,10.5,6.5,1.0,13.9,24.1,0.3,1.7,5.2
36027,Dutchess County,36027050205,5653,0.0863,6.1,2.0,14.5,2.4,2.4,11.4,23.6,1.9,4.1,2.3
36027,Dutchess County,36027060100,5710,0.4469,12.0,8.6,21.5,17.0,8.0,19.1,8.1,0.8,5.1,8.5
36027,Dutchess County,36027060201,3624,0.1572,7.8,0.7,22.0,4.0,0.7,26.0,18.1,1.0,4.0,3.6
36027,Dutchess County,36027060202,4560,0.4473,11.6,7.8,31.9,5.1,2.1,23.8,18.0,2.1,1.8,8.5
36027,Dutchess County,36027060301,4202,0.1931,6.8,3.4,21.3,2.6,5.4,20.2,20.7,0.0,4.7,6.6
36027,Dutchess County,36027060302,2433,0.1574,9.7,2.2,27.9,3.1,2.8,23.0,19.1,0.0,5.4,4.6
36027,Dutchess County,36027060400,2177,0.5341,13.2,6.7,31.0,10.1,5.1,24.9,14.3,2.9,7.8,11.9
36027,Dutchess County,36027070101,4253,0.5062,14.0,3.3,24.7,12.3,5.6,26.7,17.0,2.4,4.7,6.1
36027,Dutchess County,36027070102,3652,0.4782,18.1,2.0,27.4,9.4,2.7,22.7,17.7,0.0,9.4,5.6
36027,Dutchess County,36027070201,2757,0.6518,24.0,7.4,40.2,13.6,1.8,26.3,16.1,1.0,15.2,11.9
36027,Dutchess County,36027070301,5888,0.4146,11.2,5.0,22.9,3.8,5.5,20.1,18.1,2.0,3.0,3.9
36027,Dutchess County,36027070401,4632,0.5073,7.9,9.8,20.2,6.5,4.5,10.3,14.8,1.9,4.1,4.9
36027,Dutchess County,36027080103,4719,0.3022,10.1,6.7,14.8,3.1,4.0,16.4,23.9,3.9,8.8,4.1
36027,Dutchess County,36027080104,4263,0.2163,10.2,6.9,22.3,7.5,4.3,13.5,23.8,0.0,1.2,3.4
36027,Dutchess County,36027080201,4250,0.0859,3.3,2.9,15.3,4.8,1.9,15.6,19.3,1.4,3.8,3.0
36027,Dutchess County,36027080202,2903,0.0456,4.1,2.4,17.0,5.2,2.2,12.2,22.4,0.4,2.3,7.0
36027,Dutchess County,36027090000,2427,0.2764,17.0,7.4,28.3,7.5,1.5,22.9,16.1,0.0,2.7,8.1
36027,Dutchess County,36027100000,2975,0.6231,21.0,1.4,22.2,7.1,8.3,25.6,19.3,3.5,3.6,18.0
36027,Dutchess County,36027110003,4032,0.062,6.5,5.1,15.9,4.0,1.0,15.3,25.3,1.6,1.8,6.1
36027,Dutchess County,36027110004,1967,0.3041,14.4,3.1,29.0,2.9,3.3,31.4,12.3,0.0,4.9,5.2
36027,Dutchess County,36027110005,2021,0.5315,14.3,2.6,29.4,9.9,5.6,19.2,21.4,1.7,14.6,8.0
36027,Dutchess County,36027120000,2078,0.3444,17.5,2.1,22.5,9.4,3.1,27.5,15.2,0.0,3.1,9.2
36027,Dutchess County,36027130003,5249,0.3372,8.3,4.9,21.6,3.0,2.8,15.1,19.6,4.1,7.9,11.9
36027,Dutchess County,36027130004,1784,0.1076,6.1,4.9,8.6,6.0,2.0,16.8,19.7,0.0,0.6,3.5
36027,Dutchess County,36027130005,2762,0.2477,15.3,3.7,17.8,5.0,8.5,17.4,15.9,0.0,0.8,4.6
36027,Dutchess County,36027140101,7137,0.4813,32.1,8.0,23.3,15.3,4.4,7.0,10.1,0.4,2.1,10.3
36027,Dutchess County,36027140201,2443,0.2492,13.8,12.0,49.6,2.2,1.0,19.2,16.9,0.0,3.7,26.6
36027,Dutchess County,36027140202,4892,0.4853,17.8,1.6,34.9,6.0,2.2,19.4,18.5,0.0,7.5,11.5
36027,Dutchess County,36027140301,3094,0.8027,29.4,2.7,50.2,18.0,4.0,22.0,12.2,1.2,7.3,23.6
36027,Dutchess County,36027140302,2654,0.4801,5.3,4.9,22.7,9.6,4.8,11.8,16.9,2.5,14.0,2.6
36027,Dutchess County,36027140400,5307,0.2239,7.5,6.1,12.8,3.0,1.2,25.1,20.4,0.6,2.3,1.9
36027,Dutchess County,36027140500,2617,0.5125,16.1,1.5,31.3,11.6,1.8,23.9,19.6,0.0,18.9,12.4
36027,Dutchess County,36027140602,3030,0.1979,9.9,9.9,22.5,3.3,1.7,18.8,22.7,0.2,1.5,0.7
36027,Dutchess County,36027140700,7063,0.2895,10.1,2.4,16.4,5.7,4.0,17.6,20.5,2.0,2.5,4.5
36027,Dutchess County,36027140801,2616,0.3627,9.4,2.4,25.0,3.8,1.9,26.5,17.5,0.0,11.5,3.8
36027,Dutchess County,36027150003,2680,0.4564,22.4,6.8,33.4,2.1,7.5,11.1,12.1,0.8,4.2,10.6
36027,Dutchess County,36027150004,3029,0.2479,12.2,1.8,14.5,2.7,2.7,16.4,23.4,2.0,6.5,5.3
36027,Dutchess County,36027150005,2505,0.276,7.1,4.6,13.3,6.1,2.0,16.8,22.9,0.0,0.6,3.0
36027,Dutchess County,36027150006,1816,0.3408,13.6,2.6,33.8,3.0,2.0,23.6,18.7,3.3,6.8,11.2
36027,Dutchess County,36027160003,2600,0.3328,14.0,6.7,17.6,7.4,3.7,34.0,9.3,0.0,1.7,5.3
36027,Dutchess County,36027160004,2314,0.403,12.1,16.1,22.8,3.1,0.0,34.2,12.0,4.4,2.3,3.9
36027,Dutchess County,36027160005,2693,0.4368,13.2,6.0,39.3,7.2,4.3,31.2,12.8,0.0,5.0,7.3
36027,Dutchess County,36027170000,3692,0.3015,20.4,1.1,24.0,5.6,10.8,21.9,17.4,1.8,1.7,10.7
36027,Dutchess County,36027180001,4574,0.28,19.8,2.4,24.6,3.4,2.1,17.5,25.4,1.1,8.8,8.6
36027,Dutchess County,36027190101,3468,0.1298,8.0,4.2,12.1,6.4,2.1,21.0,19.6,0.0,2.1,3.1
36027,Dutchess County,36027190102,2332,0.5856,15.9,4.8,24.1,7.6,0.4,22.5,19.7,3.6,2.1,3.1
36027,Dutchess County,36027190203,2476,0.5054,7.8,5.2,21.7,8.0,6.3,13.1,18.8,3.0,4.3,10.1
36027,Dutchess County,36027190204,5514,0.0644,11.7,3.6,16.9,2.5,1.0,24.6,17.5,0.0,0.6,6.8
36027,Dutchess County,36027190301,3677,0.1395,8.7,1.9,32.9,8.0,2.4,8.6,16.6,0.4,4.2,2.5
36027,Dutchess County,36027190401,2345,0.4836,16.5,4.0,23.2,13.9,5.2,15.9,19.2,2.4,7.9,6.4
36027,Dutchess County,36027190402,3251,0.5767,7.7,6.5,43.9,7.5,4.9,17.4,15.7,3.1,8.3,10.9
36027,Dutchess County,36027200001,3118,0.2788,13.7,6.4,24.5,3.9,4.6,28.5,16.2,0.0,14.0,17.4
36027,Dutchess County,36027200002,1382,0.2002,15.6,0.0,27.0,2.8,1.2,35.5,10.8,0.1,5.8,10.0
36027,Dutchess County,36027210101,5079,0.5109,19.0,2.8,33.0,12.6,2.0,14.0,20.0,2.0,9.9,10.6
36027,Dutchess County,36027210201,4284,0.4908,10.7,3.6,28.3,6.1,5.8,13.7,21.2,0.9,13.0,10.0
36027,Dutchess County,36027210301,4484,0.1924,4.0,4.0,20.1,8.1,0.4,14.4,19.2,4.7,3.2,4.2
36027,Dutchess County,36027220101,3869,0.8487,33.6,9.7,51.1,14.5,11.0,21.5,15.8,0.0,26.2,10.3
36027,Dutchess County,36027220102,941,0.533,52.8,9.9,54.0,14.8,0.0,5.4,14.9,4.9,16.2,1.9
36027,Dutchess County,36027220201,4253,0.8742,35.0,7.4,46.2,12.5,15.7,5.7,27.2,7.7,19.9,15.0
36027,Dutchess County,36027220300,4401,0.9101,36.3,7.5,43.9,14.5,4.6,19.7,28.2,3.8,31.1,23.8
36027,Dutchess County,36027220700,2660,0.739,16.4,6.9,43.5,8.1,3.0,18.8,17.1,6.4,32.9,9.5
36027,Dutchess County,36027220801,3502,0.717,26.5,6.3,46.8,8.5,7.8,28.5,15.2,0.0,16.3,15.4
36027,Dutchess County,36027220901,4205,0.6292,29.5,2.0,52.8,13.3,4.6,11.6,16.3,4.0,14.9,14.8
36027,Dutchess County,36027221001,3877,0.2838,7.5,4.4,23.3,5.2,1.6,29.6,12.8,0.0,3.4,7.8
36027,Dutchess County,36027221100,4009,0.858,38.4,12.4,52.3,14.4,24.8,9.4,21.8,0.0,27.5,12.6
36027,Dutchess County,36027300000,5775,0.7846,13.5,3.8,42.4,17.4,4.0,22.4,14.9,7.1,10.7,7.9
36027,Dutchess County,36027410000,3893,0.3887,17.4,4.0,28.7,4.0,6.8,8.3,8.4,3.6,1.9,11.4
36027,Dutchess County,36027610000,1748,0.1705,0.0,0.0,0.0,64.3,13.1,2.2,0.2,0.0,0.0,0.0
36027,Dutchess County,36027640001,897,,,,,46.8,,0.4,0.0,,,
36027,Dutchess County,36027640002,536,,100.0,0.0,,73.4,0.0,2.6,0.0,,,
36029,Erie County,36029000110,2621,0.5543,41.8,6.4,34.9,9.8,1.8,18.5,27.1,2.9,11.5,19.4
36029,Erie County,36029000200,4217,0.5556,22.6,6.8,24.3,11.7,2.3,11.0,23.4,0.9,22.0,16.5
36029,Erie County,36029000500,2061,0.6398,53.4,6.2,48.5,13.3,3.3,16.1,24.5,0.0,36.3,23.3
36029,Erie County,36029000600,4418,0.1608,12.7,4.7,21.6,3.2,2.0,18.3,19.6,0.5,9.5,11.2
36029,Erie County,36029000700,3730,0.0546,7.2,1.2,10.5,3.3,2.3,25.1,17.5,0.0,8.5,13.6
36029,Erie County,36029000800,4975,0.3439,25.7,7.9,24.7,8.2,5.1,12.6,20.7,0.0,4.9,7.6
36029,Erie County,36029000900,2280,0.0979,13.8,4.7,16.9,3.0,1.7,18.4,12.9,0.0,7.0,12.0
36029,Erie County,36029001000,6225,0.5794,33.3,6.5,25.8,6.4,4.6,20.9,19.8,3.7,11.3,12.4
36029,Erie County,36029001100,3323,0.7662,39.3,3.5,28.6,19.9,6.6,22.6,18.2,0.0,17.3,33.9
36029,Erie County,36029001403,2127,0.9148,60.1,5.5,36.0,14.6,3.2,19.3,26.2,6.3,54.7,29.9
36029,Erie County,36029001404,547,0.9129,88.5,44.9,46.1,47.0,5.1,23.0,21.8,0.0,69.3,36.3
36029,Erie County,36029001500,1820,0.7289,42.6,13.4,29.8,11.2,4.3,14.0,25.7,0.0,37.5,22.0
36029,Erie County,36029001601,1901,0.8601,64.4,13.0,46.5,26.1,2.5,9.7,23.9,5.9,43.4,25.9
36029,Erie County,36029001602,1165,0.866,63.5,22.1,48.8,19.0,5.4,24.7,18.3,0.0,33.2,25.2
36029,Erie County,36029001700,2132,0.8597,56.5,16.2,46.0,20.6,8.5,13.8,23.2,5.2,29.9,16.9
36029,Erie County,36029001900,3253,0.3142,22.1,3.7,28.2,11.5,7.8,17.0,17.9,1.5,12.2,11.1
36029,Erie County,36029002300,3828,0.8692,49.3,13.8,37.1,21.5,2.5,11.1,29.0,2.7,21.8,27.6
36029,Erie County,36029002400,4320,0.7402,41.5,8.3,31.6,21.0,3.6,11.6,23.6,2.8,23.5,29.5
36029,Erie County,36029002502,1895,0.8099,46.3,11.5,41.9,18.7,3.8,27.3,13.8,0.0,40.1,26.1
36029,Erie County,36029002703,1504,0.9053,89.7,3.5,64.0,35.7,1.9,5.5,34.7,3.1,56.5,35.1
36029,Erie County,36029002704,2197,0.7797,67.9,13.3,25.4,36.9,1.4,14.3,44.7,4.3,6.9,10.9
36029,Erie County,36029002801,1686,0.8624,65.1,16.9,42.8,27.4,16.9,5.3,45.3,7.0,55.2,23.4
36029,Erie County,36029002802,1070,0.8983,55.7,9.2,61.0,20.3,3.9,6.9,26.6,3.5,23.0,25.4
36029,Erie County,36029002900,2314,0.8618,56.7,12.0,51.9,16.3,2.3,13.1,31.1,0.0,27.2,18.2
36029,Erie County,36029003000,2992,0.8565,64.9,13.1,35.5,11.2,2.2,13.3,40.9,6.7,29.2,12.0
36029,Erie County,36029003100,2270,0.8481,37.8,9.2,37.4,19.8,5.5,18.5,23.3,0.0,44.6,19.8
36029,Erie County,36029003301,3886,0.6381,28.5,3.7,32.9,17.5,1.9,19.1,20.1,0.0,29.5,8.5
36029,Erie County,36029003302,3172,0.8508,40.1,12.0,26.7,17.7,3.9,26.3,22.6,0.8,38.9,24.0
36029,Erie County,36029003400,2828,0.7065,43.1,13.7,48.3,16.7,1.2,15.7,21.5,0.0,45.9,17.2
36029,Erie County,36029003501,1503,0.9205,60.4,8.8,42.4,13.8,6.1,16.8,34.6,16.4,49.5,40.2
36029,Erie County,36029003502,1977,0.7711,48.6,11.9,35.4,20.3,4.8,20.3,25.8,0.0,23.5,24.1
36029,Erie County,36029003600,2859,0.958,50.5,15.1,34.4,20.9,7.8,20.8,19.1,7.3,26.3,14.3
36029,Erie County,36029003700,4202,0.8536,42.8,8.1,49.0,18.8,7.4,9.5,29.0,2.6,38.2,20.8
36029,Erie County,36029003800,3398,0.7974,50.4,14.8,40.0,14.8,3.7,7.2,29.0,2.6,26.2,15.9
36029,Erie County,36029003901,1219,0.8451,64.2,6.3,53.9,42.8,0.0,16.3,24.8,1.4,44.7,26.2
36029,Erie County,36029004002,1318,0.7892,45.6,10.0,33.1,10.9,7.8,12.3,23.7,3.7,32.4,18.3
36029,Erie County,36029004003,3329,0.932,50.8,6.9,53.1,25.7,6.0,18.1,31.3,2.9,33.1,20.3
36029,Erie County,36029004100,4500,0.8021,34.7,5.9,35.6,15.9,3.0,12.4,28.7,2.2,23.6,17.4
36029,Erie County,36029004200,3784,0.7634,54.0,11.3,50.3,14.5,1.8,13.1,34.6,0.8,33.4,14.7
36029,Erie County,36029004300,6969,0.4417,46.1,2.5,36.4,9.7,3.0,12.6,29.3,1.6,9.0,2.4
36029,Erie County,36029004401,4631,0.5845,28.0,4.8,30.9,11.3,2.0,17.0,23.9,0.0,13.4,9.9
36029,Erie County,36029004402,2698,0.8504,66.1,30.0,46.1,15.3,2.7,7.2,34.7,2.1,44.8,13.8
36029,Erie County,36029004500,5584,0.1876,12.7,6.1,16.4,8.1,2.8,17.4,14.3,0.0,2.4,6.4
36029,Erie County,36029004601,3852,0.0958,42.4,0.6,22.1,3.9,3.1,8.9,12.3,0.0,22.9,4.9
36029,Erie County,36029004701,2299,0.5995,40.5,17.0,34.9,13.8,5.6,5.8,26.8,0.0,21.1,9.2
36029,Erie County,36029004702,4914,0.2693,49.5,2.5,46.4,2.8,1.6,9.3,10.6,0.0,29.8,6.1
36029,Erie County,36029004800,4365,0.2106,16.8,3.2,21.7,4.9,4.1,16.6,23.8,2.0,9.5,11.2
36029,Erie County,36029004901,1508,0.3984,41.8,1.4,37.2,11.5,2.1,24.3,13.8,0.0,14.4,16.7
36029,Erie County,36029004902,4255,0.0205,17.4,0.0,27.0,3.5,1.2,8.6,10.0,0.0,2.9,7.3
36029,Erie County,36029005000,2326,0.4282,26.6,2.7,39.0,6.7,7.7,10.4,15.7,1.0,16.6,13.4
36029,Erie County,36029005100,4900,0.3226,36.8,3.1,34.5,6.2,2.0,12.6,18.0,0.0,20.0,13.2
36029,Erie County,36029005201,3544,0.2684,14.5,3.7,21.4,1.9,1.0,13.1,18.7,5.2,4.0,6.9
36029,Erie County,36029005202,2911,0.5242,47.7,5.1,33.7,6.9,5.1,9.1,17.6,0.9,14.6,18.2
36029,Erie County,36029005300,1658,0.215,24.2,6.2,16.3,4.7,1.4,8.2,7.5,0.0,26.0,9.7
36029,Erie County,36029005400,4377,0.4454,22.0,9.1,26.8,6.3,1.0,19.8,17.2,0.0,7.7,11.2
36029,Erie County,36029005500,4207,0.8468,64.5,6.5,46.0,15.8,6.2,6.5,30.7,9.4,35.2,12.9
36029,Erie County,36029005600,4879,0.7251,43.8,5.1,38.6,15.0,2.5,9.9,31.5,0.0,18.1,15.3
36029,Erie County,36029005700,3289,0.7544,61.1,3.9,30.2,28.4,6.1,3.9,35.3,2.3,28.9,6.0
36029,Erie County,36029005801,3710,0.7814,42.0,1.5,30.9,18.0,5.0,12.8,25.6,4.6,21.5,14.2
36029,Erie County,36029005802,5467,0.7858,44.5,6.3,42.3,27.7,4.4,8.8,30.4,0.4,32.0,13.8
36029,Erie County,36029005900,4217,0.8411,58.8,15.2,31.9,17.4,3.3,9.9,23.7,4.7,41.4,16.0
36029,Erie County,36029006100,4755,0.8417,55.8,3.3,40.9,27.7,5.1,5.6,32.3,4.3,35.1,8.8
36029,Erie County,36029006301,4702,0.1367,16.5,4.8,15.9,4.5,0.6,10.5,18.4,0.8,11.8,1.7
36029,Erie County,36029006302,2404,0.1082,12.9,2.7,24.4,3.1,5.6,19.6,13.0,0.0,4.8,4.8
36029,Erie County,36029006501,2886,0.298,25.3,7.0,26.4,0.8,3.6,14.1,18.1,3.3,9.5,5.7
36029,Erie County,36029006601,2369,0.2087,20.6,4.1,36.7,5.6,1.4,8.3,14.6,1.1,12.0,1.7
36029,Erie County,36029006602,2381,0.4056,14.5,3.6,27.5,5.4,4.6,29.0,8.7,1.4,25.0,7.0
36029,Erie County,36029006701,3639,0.1686,21.6,5.8,31.3,2.9,2.2,11.0,4.9,1.1,24.6,19.0
36029,Erie County,36029006702,3590,0.5115,32.7,2.9,44.5,6.1,0.6,18.1,8.4,3.6,26.8,19.0
36029,Erie County,36029006801,1341,0.1165,11.6,4.8,30.0,0.4,3.1,2.9,16.9,0.0,11.3,13.2
36029,Erie County,36029006802,2188,0.1711,22.9,1.7,30.7,3.9,0.9,8.9,12.1,0.8,21.8,9.0
36029,Erie County,36029006901,4221,0.7643,39.2,3.9,32.7,38.1,3.1,7.9,34.6,8.5,31.3,17.7
36029,Erie County,36029006903,1771,0.5012,22.4,7.8,28.0,18.0,3.0,10.3,16.2,4.5,11.4,12.6
36029,Erie County,36029006904,2442,0.9025,47.3,11.1,41.4,30.2,5.3,10.1,22.6,3.8,32.4,15.9
36029,Erie County,36029007000,3401,0.7468,39.2,3.8,36.2,18.1,5.7,9.4,31.2,0.0,34.4,10.9
36029,Erie County,36029007102,2572,0.9532,61.9,8.7,44.4,20.3,3.7,16.2,27.1,9.6,38.9,10.7
36029,Erie County,36029007103,1608,0.7932,73.2,5.1,61.6,15.5,10.9,7.1,32.5,10.7,44.8,17.1
36029,Erie County,36029007104,3142,0.9473,68.5,15.5,51.0,22.1,6.2,8.0,26.6,4.8,35.4,21.4
36029,Erie County,36029007202,1519,0.7628,33.0,10.2,24.9,7.4,4.3,25.2,11.5,6.2,26.0,13.3
36029,Erie County,36029007303,7067,0.1521,10.9,3.7,23.6,4.2,0.7,19.2,19.3,0.0,4.1,6.4
36029,Erie County,36029007304,6304,0.0393,2.5,4.6,17.4,7.7,1.2,20.2,19.5,0.0,2.1,9.9
36029,Erie County,36029007305,2449,0.0376,10.5,3.6,24.8,1.8,0.9,21.4,18.7,0.0,1.7,7.9
36029,Erie County,36029007306,5596,0.0251,9.7,5.1,16.9,1.5,0.9,20.0,21.3,0.9,5.4,8.1
36029,Erie County,36029007600,2906,0.1422,15.3,9.2,19.0,6.3,0.8,23.7,13.7,0.0,6.8,12.8
36029,Erie County,36029007700,4676,0.3216,17.5,6.1,22.9,6.2,5.0,18.6,17.5,0.0,10.4,12.8
36029,Erie County,36029007800,5387,0.5632,25.5,5.8,31.8,12.4,2.8,17.3,23.9,0.8,7.8,7.8
36029,Erie County,36029007901,3098,0.1557,8.1,5.1,24.5,1.9,3.4,16.9,14.8,0.0,4.2,5.8
36029,Erie County,36029007902,6704,0.1154,12.7,1.6,16.8,3.4,4.1,22.9,14.1,0.5,3.7,8.3
36029,Erie County,36029007903,2996,0.058,21.3,2.5,16.7,6.8,0.7,24.1,19.8,0.0,1.7,10.3
36029,Erie County,36029007904,2771,0.142,11.3,4.7,22.0,4.4,1.7,23.7,15.1,0.0,6.2,13.6
36029,Erie County,36029007905,4340,0.0487,12.2,1.0,30.7,3.7,0.7,20.0,16.2,0.0,3.4,5.5
36029,Erie County,36029008001,5250,0.1802,16.7,2.1,21.2,5.2,3.1,17.7,17.4,3.5,8.6,8.6
36029,Erie County,36029008002,5569,0.1338,14.0,2.6,20.8,1.8,1.7,16.6,22.1,0.7,8.7,6.0
36029,Erie County,36029008003,4842,0.3132,13.3,2.8,22.5,5.6,3.9,20.5,14.6,0.9,1.0,1.3
36029,Erie County,36029008101,6255,0.3115,17.8,2.2,28.4,2.1,1.8,23.0,15.1,0.0,8.2,12.0
36029,Erie County,36029008102,4085,0.0882,7.6,4.7,15.3,3.9,1.6,24.6,15.5,0.0,14.2,5.4
36029,Erie County,36029008201,2746,0.3636,14.4,6.8,20.2,7.1,2.1,22.9,20.0,0.3,2.2,8.7
36029,Erie County,36029008202,3874,0.5921,32.1,6.3,34.0,9.4,1.3,24.7,15.8,1.9,18.6,13.6
36029,Erie County,36029008300,2270,0.8924,29.3,30.1,40.7,9.2,5.9,15.2,20.2,5.1,43.2,21.7
36029,Erie County,36029008400,2410,0.4912,24.8,2.2,30.9,7.7,3.4,16.8,19.3,2.5,4.8,15.8
36029,Erie County,36029008500,2459,0.2125,12.5,4.3,8.8,7.3,3.1,19.6,15.9,0.0,18.6,9.4
36029,Erie County,36029008600,4691,0.2028,12.4,0.5,27.6,4.8,0.7,13.3,21.9,0.3,14.8,8.1
36029,Erie County,36029008700,4511,0.234,20.1,11.4,33.8,1.3,0.7,13.7,20.2,0.9,4.9,7.0
36029,Erie County,36029008800,3494,0.1196,8.4,4.2,20.3,4.8,2.8,11.3,16.9,0.0,4.5,4.8
36029,Erie County,36029008900,4354,0.0475,7.7,1.5,14.8,6.8,0.2,28.1,16.5,0.0,2.5,5.4
36029,Erie County,36029009004,3938,0.134,24.3,2.2,28.6,12.0,1.7,18.1,19.9,0.0,2.1,4.4
36029,Erie County,36029009007,7433,0.0671,6.3,3.4,15.8,3.3,4.8,20.7,24.9,0.0,1.2,6.3
36029,Erie County,36029009008,4687,0.4644,9.9,4.7,34.9,4.2,1.0,46.5,15.1,1.2,25.8,18.7
36029,Erie County,36029009009,6161,0.0705,6.4,4.0,25.5,2.0,0.7,18.4,22.1,0.5,3.4,11.3
36029,Erie County,36029009010,6480,0.1599,14.5,5.1,19.2,3.8,2.4,18.3,30.4,0.3,2.4,7.0
36029,Erie County,36029009011,2860,0.1946,5.8,3.3,15.4,5.6,2.2,23.0,20.8,0.0,6.6,6.2
36029,Erie County,36029009012,4128,0.1998,10.6,4.0,28.0,1.9,1.5,20.4,20.0,1.3,2.5,5.2
36029,Erie County,36029009104,4345,0.1011,7.7,2.0,15.5,1.3,0.7,31.7,17.2,0.4,4.9,2.9
36029,Erie County,36029009106,3461,0.0766,10.3,15.8,13.6,3.9,1.4,17.3,12.3,0.0,0.0,3.6
36029,Erie County,36029009107,6801,0.7761,16.1,10.4,26.7,14.1,3.9,12.2,29.5,11.5,3.4,6.2
36029,Erie County,36029009109,3167,0.372,27.6,3.2,32.8,3.2,4.4,18.7,18.0,1.2,14.1,10.2
36029,Erie County,36029009110,5642,,,2.4,,0.0,0.5,0.0,4.1,,,
36029,Erie County,36029009112,3100,0.6605,29.1,2.4,39.3,8.9,2.1,44.5,12.9,1.3,32.5,34.7
36029,Erie County,36029009113,7031,0.0492,6.9,0.5,11.0,1.9,0.6,27.9,20.6,1.0,2.2,2.9
36029,Erie County,36029009114,3984,0.0831,7.2,2.7,13.9,4.8,1.7,22.4,20.3,0.0,3.9,6.8
36029,Erie County,36029009115,3811,0.4625,52.9,1.6,52.4,7.4,5.2,13.7,6.3,0.9,17.2,26.2
36029,Erie County,36029009116,6264,0.3638,26.9,2.8,25.7,9.8,1.8,14.2,16.2,0.7,7.1,6.8
36029,Erie County,36029009200,4210,0.2768,9.5,0.5,36.2,5.4,0.7,18.4,15.6,1.0,4.8,19.3
36029,Erie County,36029009301,4824,0.5269,24.8,3.0,21.7,8.7,5.1,16.3,16.5,2.1,14.4,17.2
36029,Erie County,36029009302,3130,0.2908,15.2,3.1,15.6,4.6,5.6,17.0,26.1,0.7,6.4,8.7
36029,Erie County,36029009401,6057,0.4653,21.3,6.3,22.6,5.4,4.1,16.4,20.6,3.4,6.0,5.1
36029,Erie County,36029009402,4480,0.0563,5.9,0.9,15.1,2.1,1.3,23.0,19.1,0.4,3.4,7.2
36029,Erie County,36029009501,4990,0.0821,4.6,4.4,11.1,2.0,1.5,21.3,21.2,0.0,4.1,3.0
36029,Erie County,36029009503,2218,0.0055,4.8,0.0,1.9,2.3,0.8,14.0,24.9,0.0,3.3,1.5
36029,Erie County,36029009504,5082,0.2129,10.6,0.5,23.1,8.2,1.4,18.3,26.3,0.3,7.6,18.5
36029,Erie County,36029009601,1562,0.0494,12.2,0.0,16.4,9.7,1.1,16.1,16.9,0.0,2.4,13.1
36029,Erie County,36029009602,5377,0.3528,18.2,2.1,33.0,3.9,0.6,37.4,14.4,0.0,15.1,18.6
36029,Erie County,36029009701,3025,0.2887,18.1,5.6,23.5,6.0,3.3,25.2,18.5,0.7,4.8,9.7
36029,Erie County,36029009702,4453,0.2385,13.2,2.0,20.5,4.4,2.0,15.9,23.1,3.2,5.5,8.4
36029,Erie County,36029009800,1743,0.4102,23.1,2.0,29.3,7.8,3.9,16.3,18.6,0.0,6.6,9.0
36029,Erie County,36029009900,3762,0.2769,26.0,3.2,29.7,7.6,3.2,15.9,17.2,0.7,11.3,15.8
36029,Erie County,36029010001,3488,0.0954,18.8,6.5,28.2,7.8,5.8,8.5,13.2,1.3,3.7,8.8
36029,Erie County,36029010002,4206,0.5605,23.0,5.6,30.7,11.5,3.3,33.8,13.4,0.9,12.6,28.5
36029,Erie County,36029010003,3497,0.4007,16.5,2.3,31.0,9.5,2.0,19.9,17.0,0.7,5.3,19.3
36029,Erie County,36029010101,4390,0.0566,20.5,3.0,18.8,4.1,3.3,19.1,16.5,1.5,2.6,7.1
36029,Erie County,36029010102,4265,0.6748,30.9,1.4,41.3,13.0,2.1,14.1,26.1,8.5,11.8,8.9
36029,Erie County,36029010103,3889,0.0806,13.3,4.7,19.7,6.8,2.9,15.7,15.2,0.0,5.0,10.2
36029,Erie County,36029010201,2519,0.0975,7.9,1.2,18.5,5.3,0.6,18.7,19.5,0.0,11.2,5.9
36029,Erie County,36029010202,4975,0.4271,19.4,6.6,21.2,6.2,4.9,5.6,17.7,1.7,19.7,9.9
36029,Erie County,36029010300,1303,0.6027,32.8,6.4,21.5,3.0,1.0,32.2,22.5,2.7,13.6,11.1
36029,Erie County,36029010400,2421,0.4834,36.1,0.2,29.9,10.1,4.8,8.1,30.3,0.3,7.2,17.7
36029,Erie County,36029010500,2763,0.3119,17.5,10.0,20.8,1.9,1.8,13.2,29.6,1.8,4.3,10.0
36029,Erie County,36029010600,2367,0.2116,21.2,3.9,25.8,4.5,2.8,16.9,20.5,0.5,6.7,11.1
36029,Erie County,36029010700,2489,0.4684,19.5,4.6,23.8,10.2,3.2,19.9,16.9,1.9,12.5,10.3
36029,Erie County,36029010803,2067,0.5351,16.3,3.0,18.0,8.7,3.0,26.7,26.4,2.8,6.7,22.7
36029,Erie County,36029010804,4477,0.3281,13.3,3.2,17.9,12.1,3.1,25.9,14.1,0.0,9.6,19.0
36029,Erie County,36029010805,4783,0.0901,13.0,3.7,24.4,4.8,2.4,21.5,20.8,1.6,2.8,10.2
36029,Erie County,36029010807,5047,0.2872,9.5,6.9,26.0,6.1,2.4,23.5,19.4,5.0,10.6,16.1
36029,Erie County,36029010808,3997,0.6162,19.1,2.3,30.8,4.7,7.2,19.2,15.9,2.5,11.5,20.2
36029,Erie County,36029010809,2894,0.089,5.2,1.6,21.5,3.1,2.0,31.6,14.3,1.1,9.6,10.5
36029,Erie County,36029010901,2336,0.1142,12.1,0.0,18.6,8.0,3.2,20.3,13.8,0.7,7.9,17.6
36029,Erie County,36029010902,4144,0.2975,18.0,3.1,31.6,3.9,1.0,36.4,7.7,0.0,15.1,15.1
36029,Erie County,36029011000,1994,0.3767,27.5,4.6,26.8,12.5,2.3,14.5,21.3,1.0,11.7,19.9
36029,Erie County,36029011100,2180,0.2595,11.9,1.3,19.1,9.8,1.6,15.8,19.6,2.1,6.4,12.8
36029,Erie County,36029011201,1993,0.091,4.6,1.3,27.9,2.4,0.2,26.0,16.8,2.8,7.4,2.7
36029,Erie County,36029011202,4754,0.2809,11.3,1.2,23.0,3.6,1.7,23.9,19.2,0.5,10.3,9.7
36029,Erie County,36029011300,4318,0.2885,16.5,3.4,17.5,8.2,3.4,19.8,12.5,0.0,6.8,13.8
36029,Erie County,36029011400,2493,0.2859,24.8,5.1,26.6,13.0,3.1,9.6,22.1,0.0,23.8,21.0
36029,Erie County,36029011500,1369,0.1992,19.1,11.1,23.0,3.7,3.9,19.9,11.2,0.0,21.0,22.9
36029,Erie County,36029011600,2019,0.1694,6.6,4.5,20.3,5.6,0.8,21.5,19.3,3.9,8.2,11.2
36029,Erie County,36029011700,4106,0.5079,13.9,5.7,21.6,5.9,2.9,21.6,19.2,1.2,10.6,12.3
36029,Erie County,36029011800,3790,0.1787,15.0,7.8,20.4,5.3,2.8,12.6,20.7,0.0,3.8,8.3
36029,Erie County,36029012001,4718,0.2602,17.0,7.9,16.8,2.7,7.2,21.4,20.7,0.0,2.6,9.5
36029,Erie County,36029012002,3664,0.0154,2.9,3.0,18.9,4.7,2.3,21.9,17.2,0.0,2.8,8.0
36029,Erie County,36029012003,5110,0.0095,6.3,2.3,11.9,3.5,3.5,20.2,19.3,0.0,4.2,8.2
36029,Erie County,36029012300,3838,0.6955,43.6,6.2,48.4,13.9,6.7,13.0,19.0,3.7,19.5,22.7
36029,Erie County,36029012400,2428,0.7856,45.2,3.1,52.9,20.4,4.8,15.3,25.9,5.3,21.6,19.1
36029,Erie County,36029012501,4350,0.4197,34.5,2.3,30.2,8.5,2.7,18.3,16.1,1.2,13.6,14.2
36029,Erie County,36029012502,2382,0.4387,21.1,1.4,32.3,12.5,3.0,22.1,21.1,4.8,7.8,8.4
36029,Erie County,36029012800,2551,0.4923,18.7,11.9,30.3,6.7,2.9,18.5,19.7,0.4,12.1,19.8
36029,Erie County,36029012902,4358,0.4619,14.8,4.0,25.9,5.8,1.5,27.6,13.1,0.9,8.6,16.0
36029,Erie County,36029012903,2881,0.4471,13.4,5.3,22.4,7.8,3.2,24.5,15.6,0.0,4.7,5.9
36029,Erie County,36029012904,3738,0.398,19.2,9.5,28.9,4.4,7.3,18.2,15.0,0.0,3.2,13.1
36029,Erie County,36029013001,2937,0.3811,21.6,5.5,26.9,4.2,4.0,21.8,11.9,0.0,6.4,19.4
36029,Erie County,36029013002,5590,0.4881,17.2,4.1,28.8,6.2,0.7,30.6,16.7,0.0,6.9,11.6
36029,Erie County,36029013101,6498,0.1363,11.5,5.1,20.6,2.3,2.5,20.6,19.0,1.4,5.3,4.8
36029,Erie County,36029013103,4704,0.0585,5.0,1.8,8.7,3.6,0.3,12.8,29.5,0.0,0.7,2.3
36029,Erie County,36029013104,4592,0.0357,9.0,1.4,15.8,3.8,1.7,18.1,24.0,1.3,1.1,5.5
36029,Erie County,36029013201,6503,0.3902,11.1,5.5,18.2,5.7,1.0,18.3,24.4,1.7,8.2,9.9
36029,Erie County,36029013202,5324,0.0747,7.1,4.5,13.6,5.8,1.2,24.7,18.8,0.0,0.4,6.9
36029,Erie County,36029013300,3667,0.1175,8.7,3.9,24.2,2.5,0.3,22.4,18.9,0.0,6.2,7.6
36029,Erie County,36029013400,6639,0.0342,7.0,1.5,18.7,3.6,1.2,21.2,18.3,0.0,4.1,9.3
36029,Erie County,36029013501,7037,0.2695,8.9,7.7,20.2,2.6,1.9,27.4,19.9,0.8,7.9,9.0
36029,Erie County,36029013502,7077,0.0739,8.5,2.6,16.8,2.1,0.6,22.0,26.5,0.0,2.6,4.1
36029,Erie County,36029013600,3069,0.0646,11.9,4.9,17.2,2.2,3.0,17.8,21.6,0.0,1.4,4.7
36029,Erie County,36029013701,6328,0.2195,14.5,2.2,21.2,3.9,2.8,23.5,18.1,0.7,11.0,9.6
36029,Erie County,36029013702,6192,0.2112,5.4,9.4,24.1,4.5,2.9,27.1,14.5,0.0,2.5,9.8
36029,Erie County,36029013801,2225,0.0169,10.8,3.4,17.0,2.3,0.5,19.3,18.3,0.0,8.1,15.6
36029,Erie County,36029013802,5534,0.2399,5.1,8.5,13.3,4.6,2.0,21.0,17.4,0.0,7.2,18.5
36029,Erie County,36029013900,2337,0.0829,6.7,5.3,7.3,3.1,0.0,23.0,22.2,0.5,2.7,7.9
36029,Erie County,36029014000,3784,0.0673,5.2,3.6,16.0,2.9,3.0,28.0,19.5,0.0,4.3,7.4
36029,Erie County,36029014101,6087,0.1004,7.5,6.6,15.9,2.0,0.6,21.7,19.1,2.9,9.2,3.4
36029,Erie County,36029014102,5605,0.3091,9.1,4.9,20.3,4.2,1.3,21.8,24.5,2.6,5.3,9.1
36029,Erie County,36029014204,4177,0.1631,14.1,0.0,34.5,6.9,0.7,30.8,17.3,0.0,6.1,17.6
36029,Erie County,36029014206,8038,0.0021,0.7,2.1,8.1,1.2,1.6,15.4,23.1,0.0,0.4,3.5
36029,Erie County,36029014207,5255,0.1547,12.7,2.2,20.1,4.6,4.6,21.2,13.5,0.0,1.7,20.0
36029,Erie County,36029014208,6590,0.2604,8.7,5.1,16.7,3.6,2.6,20.7,19.6,0.9,4.1,5.2
36029,Erie County,36029014209,4773,0.0247,3.9,0.8,8.7,7.9,4.0,21.8,19.8,0.6,2.0,10.2
36029,Erie County,36029014300,5844,0.046,9.8,0.8,23.1,6.5,0.7,21.8,16.2,0.0,6.7,8.2
36029,Erie County,36029014400,4316,0.2861,16.9,1.8,21.0,5.8,0.9,17.3,19.6,3.2,9.0,16.3
36029,Erie County,36029014501,3745,0.1401,10.2,9.4,26.7,3.7,1.3,23.8,15.6,0.7,3.3,14.7
36029,Erie County,36029014502,2175,0.4151,19.0,3.5,22.9,5.8,4.7,16.0,20.4,2.2,14.3,14.7
36029,Erie County,36029014601,5528,0.0981,13.1,0.6,28.3,1.3,2.7,18.5,25.1,0.0,5.7,11.0
36029,Erie County,36029014603,4634,0.2237,8.4,4.9,16.7,2.2,0.7,20.5,21.1,1.1,7.5,2.0
36029,Erie County,36029014605,3802,0.3435,10.3,4.4,21.3,4.3,5.3,29.8,23.1,0.6,8.7,9.0
36029,Erie County,36029014606,4156,0.0173,4.3,5.6,16.0,2.0,0.6,15.3,25.9,0.0,1.9,4.9
36029,Erie County,36029014701,5687,0.0049,3.9,1.8,8.1,5.6,2.8,14.2,18.5,0.7,3.3,7.3
36029,Erie County,36029014703,4994,0.0293,8.8,8.3,9.1,0.0,0.0,17.1,24.9,0.0,3.4,3.6
36029,Erie County,36029014704,4067,0.2663,10.7,1.9,17.8,2.5,1.7,37.6,11.2,0.0,9.4,18.9
36029,Erie County,36029014801,2594,0.5898,31.1,10.6,32.2,8.5,3.1,24.3,20.9,3.5,9.9,20.2
36029,Erie County,36029014804,3871,0.2275,15.1,4.5,22.9,9.5,2.0,22.3,21.3,0.0,2.4,13.7
36029,Erie County,36029014805,2222,0.0013,4.6,2.2,7.7,1.9,1.6,17.5,18.8,1.2,0.0,9.2
36029,Erie County,36029014901,2606,0.3678,11.2,6.5,25.9,5.4,1.4,18.0,19.8,2.2,8.3,10.5
36029,Erie County,36029014903,6055,0.131,14.8,4.8,19.6,7.0,2.4,24.4,24.4,2.4,2.0,7.0
36029,Erie County,36029015001,5196,0.0367,8.3,3.3,15.2,3.9,0.0,18.7,15.5,0.0,1.8,10.5
36029,Erie County,36029015002,3002,0.1007,3.2,1.9,9.2,3.1,3.3,19.6,25.6,3.9,4.6,14.8
36029,Erie County,36029015003,3282,0.3733,21.8,5.7,30.1,5.9,4.2,20.7,20.9,0.7,8.6,15.2
36029,Erie County,36029015101,3143,0.0833,13.8,1.3,18.4,4.8,1.1,17.2,21.0,1.0,5.3,12.3
36029,Erie County,36029015102,2712,0.1237,10.6,1.3,12.6,9.2,1.0,19.0,19.5,0.5,0.0,18.6
36029,Erie County,36029015201,3268,0.0412,14.2,1.1,28.7,2.3,1.9,21.8,18.2,4.9,2.2,4.4
36029,Erie County,36029015202,4692,0.1635,13.8,8.2,18.8,2.9,4.8,18.7,15.7,0.0,0.0,11.0
36029,Erie County,36029015301,4501,0.1889,13.4,2.7,18.7,4.7,1.7,21.4,22.2,1.3,4.2,10.1
36029,Erie County,36029015302,3071,0.1268,18.6,3.8,8.2,4.5,3.9,19.7,19.3,0.0,0.0,13.2
36029,Erie County,36029015401,2693,0.1927,21.3,2.0,12.9,5.7,4.2,19.0,10.7,0.0,4.0,12.7
36029,Erie County,36029015402,4500,0.4011,11.2,2.4,26.7,11.4,3.4,25.3,14.5,0.0,10.7,13.0
36029,Erie County,36029015501,2688,0.4459,19.8,2.7,18.5,7.4,2.4,14.7,26.0,0.6,3.6,12.4
36029,Erie County,36029015503,2170,0.579,34.4,8.3,24.2,7.5,5.7,28.7,18.2,0.0,2.7,17.3
36029,Erie County,36029015504,3282,0.4461,27.6,3.2,24.0,7.4,9.0,22.7,17.6,2.0,6.1,17.9
36029,Erie County,36029015600,2160,0.3897,21.2,5.9,18.7,9.0,3.1,19.8,16.5,0.6,3.6,10.8
36029,Erie County,36029015700,3503,0.371,18.8,4.4,18.8,8.0,3.4,15.2,22.2,1.7,4.5,12.3
36029,Erie County,36029015800,4090,0.2207,12.0,4.2,22.8,3.8,1.0,20.7,19.2,1.5,11.5,15.8
36029,Erie County,36029015900,4223,0.7198,28.0,4.9,31.8,8.4,3.3,22.2,22.0,1.6,13.9,11.9
36029,Erie County,36029016200,2574,0.5444,27.1,6.0,23.2,8.6,3.9,24.1,17.0,1.7,6.4,23.8
36029,Erie County,36029016300,2040,0.7134,54.7,17.3,37.0,27.0,5.3,13.2,18.9,0.0,30.6,22.6
36029,Erie County,36029016400,3153,0.8268,41.7,8.6,39.2,28.2,13.2,12.5,8.0,3.8,34.4,17.5
36029,Erie County,36029016500,2033,0.5347,33.0,2.6,44.7,12.7,5.2,7.5,5.1,1.0,20.2,9.9
36029,Erie County,36029016600,2775,0.9196,61.6,15.1,33.6,23.2,3.7,16.8,29.5,3.4,47.7,25.8
36029,Erie County,36029016700,2146,0.702,46.5,13.1,37.7,18.0,7.0,16.8,16.3,0.0,27.6,23.6
36029,Erie County,36029016801,1889,0.8582,46.0,8.3,55.8,10.5,10.7,12.4,16.5,3.5,41.6,17.2
36029,Erie County,36029016802,2008,0.6141,21.8,6.5,25.0,12.2,8.0,14.7,14.8,1.4,17.9,21.4
36029,Erie County,36029016900,4659,0.3492,19.1,6.1,26.3,2.6,4.8,14.8,15.6,0.4,14.7,3.0
36029,Erie County,36029017000,2486,0.6822,31.5,20.8,28.9,12.1,13.6,22.1,10.3,0.0,30.7,24.6
36029,Erie County,36029017100,4484,0.865,59.3,7.5,45.4,26.2,4.6,6.8,33.8,3.9,33.1,16.0
36029,Erie County,36029017200,2127,0.4858,26.0,4.1,33.2,4.2,4.1,17.7,18.2,0.0,23.1,21.5
36029,Erie County,36029017301,2699,0.2823,7.5,1.0,13.3,3.3,6.7,23.7,20.7,3.2,6.2,14.0
36029,Erie County,36029017302,4354,0.153,17.9,4.9,19.0,8.6,0.2,23.5,17.5,0.0,5.5,12.5
36029,Erie County,36029017400,4190,0.7884,45.4,12.3,30.1,18.8,1.4,9.3,26.6,4.1,22.0,18.2
36029,Erie County,36029017501,2151,0.5548,40.6,8.1,29.0,8.8,1.0,10.8,34.1,0.0,13.5,17.3
36029,Erie County,36029017502,3014,0.257,16.7,4.3,8.3,10.8,0.8,25.1,22.2,0.7,3.9,11.9
36029,Erie County,36029940000,1875,0.8867,45.2,14.9,28.2,10.6,9.4,10.3,33.7,4.5,7.1,45.0
36029,Erie County,36029940100,23,0.2123,0.0,0.0,0.0,100.0,0.0,0.0,30.4,0.0,0.0,0.0
36029,Erie County,36029980000,1824,,,8.8,,0.0,1.1,0.0,2.6,,,
36029,Erie County,36029980300,702,0.5058,43.1,69.2,34.3,27.4,0.0,2.8,3.8,0.0,0.0,0.0
36029,Erie County,36029980400,1140,,,,,41.5,,22.0,0.6,,,
36029,Erie County,36029980500,854,0.0042,14.3,0.0,0.0,12.3,0.2,3.5,3.5,0.0,0.0,36.4
36031,Essex County,36031960100,2544,0.6609,20.1,12.2,25.5,5.6,10.7,23.5,21.7,0.6,3.6,11.6
36031,Essex County,36031960200,2567,0.1452,14.3,3.1,19.1,3.9,1.6,20.6,17.6,0.0,1.9,12.9
36031,Essex County,36031960300,2918,0.1654,11.1,4.7,19.1,4.3,1.5,21.9,16.9,0.6,6.7,8.6
36031,Essex County,36031960401,967,0.6691,31.0,7.2,38.6,5.9,2.3,20.2,14.3,7.0,24.3,22.2
36031,Essex County,36031960402,1272,0.211,29.4,3.1,30.0,5.4,1.3,21.8,24.9,0.0,19.1,7.0
36031,Essex County,36031960501,2169,0.0836,13.0,1.0,18.0,2.8,4.4,15.7,20.0,0.0,10.4,4.4
36031,Essex County,36031960502,3196,0.5514,28.1,0.0,20.9,23.2,6.7,12.8,11.4,3.1,12.7,1.7
36031,Essex County,36031960700,1795,0.4455,10.1,3.6,17.3,11.1,6.9,23.0,16.4,2.1,3.7,18.2
36031,Essex County,36031960800,1983,0.445,17.0,3.8,20.9,6.8,5.7,27.1,15.1,4.8,7.1,9.9
36031,Essex County,36031960901,1323,0.3895,20.1,3.0,27.9,5.8,1.9,33.7,15.2,0.0,13.9,24.7
36031,Essex County,36031960902,1821,0.4818,16.7,15.6,19.3,4.5,9.3,31.3,9.9,1.2,8.6,9.4
36031,Essex County,36031961001,1361,0.2906,26.5,0.0,23.3,8.1,2.5,41.3,15.1,0.0,4.5,13.4
36031,Essex County,36031961002,3268,0.5381,28.9,2.5,26.5,13.4,1.0,25.2,13.4,0.0,16.8,7.2
36031,Essex County,36031961100,1869,0.593,19.1,13.2,22.9,4.5,4.7,26.4,17.1,3.3,4.7,14.0
36031,Essex County,36031961201,2039,0.3608,16.2,2.5,22.0,4.8,3.7,31.7,8.0,0.0,7.3,13.4
36031,Essex County,36031961202,2740,0.6657,28.5,8.2,32.4,13.0,4.9,20.0,23.1,1.0,20.5,25.6
36031,Essex County,36031961300,1960,0.2851,19.3,3.5,22.4,3.0,1.3,36.4,12.4,0.6,4.7,15.8
36031,Essex County,36031961400,1522,0.3005,15.0,2.9,14.3,11.7,2.5,34.5,12.4,0.1,4.9,9.5
36033,Franklin County,36033940000,3639,0.6529,26.0,11.1,18.1,3.8,11.6,14.6,24.0,0.0,10.9,18.4
36033,Franklin County,36033950200,4567,0.7356,34.3,5.9,24.7,13.8,12.8,19.9,24.0,2.6,12.6,22.1
36033,Franklin County,36033950301,5370,0.7105,29.3,8.2,22.7,13.3,7.6,19.0,26.1,1.0,13.0,18.5
36033,Franklin County,36033950501,2915,0.5934,36.8,2.4,30.4,17.1,5.0,20.7,21.9,0.0,22.4,11.7
36033,Franklin County,36033950502,4517,0.4723,17.0,4.3,11.9,36.4,3.3,7.0,6.2,5.2,1.3,18.4
36033,Franklin County,36033950601,955,0.2714,15.0,7.8,18.7,7.8,4.9,31.4,8.9,0.0,1.4,17.3
36033,Franklin County,36033950701,1292,0.456,17.7,13.3,15.4,8.6,4.3,34.4,12.7,0.0,8.0,20.8
36033,Franklin County,36033950800,2318,0.2174,15.3,7.9,9.7,5.9,2.1,21.1,10.6,1.2,3.2,10.8
36033,Franklin County,36033950900,3192,0.5927,27.0,1.3,30.7,10.2,6.9,21.7,18.2,4.2,12.4,15.0
36033,Franklin County,36033951000,2084,0.3961,21.2,2.1,30.8,9.6,4.3,18.3,18.6,0.0,9.7,14.4
36033,Franklin County,36033951100,2971,0.4809,27.6,0.9,22.9,15.6,1.8,23.1,17.4,0.0,18.1,19.8
36033,Franklin County,36033951200,2206,0.2817,24.2,6.0,11.7,3.5,2.8,21.9,22.2,0.0,1.2,13.5
36033,Franklin County,36033951300,1599,0.3351,16.6,3.2,14.9,9.6,4.3,17.7,27.7,2.7,9.2,17.4
36033,Franklin County,36033951400,4790,0.4349,28.5,5.6,22.4,4.1,4.1,19.0,23.1,0.0,14.8,11.7
36033,Franklin County,36033952000,5044,0.5332,23.8,2.6,20.7,12.5,4.6,13.9,26.6,1.7,6.9,21.6
36035,Fulton County,36035970100,2634,0.3155,24.9,4.0,21.2,10.0,4.9,32.6,16.6,0.0,4.1,17.2
36035,Fulton County,36035970200,2648,0.3705,25.8,1.5,20.7,12.3,2.5,20.4,20.1,0.1,5.4,17.9
36035,Fulton County,36035970300,3507,0.3978,21.3,4.5,28.2,13.6,2.3,18.6,16.0,0.4,5.1,12.0
36035,Fulton County,36035970400,1650,0.1713,23.2,2.5,10.7,14.4,3.6,31.0,11.4,0.0,4.0,16.6
36035,Fulton County,36035970500,3984,0.5695,24.3,6.2,17.9,15.4,5.3,19.5,21.0,2.6,6.9,23.2
36035,Fulton County,36035970601,3775,0.4507,20.5,2.3,16.5,12.6,4.4,22.0,20.4,0.0,5.0,10.2
36035,Fulton County,36035970602,3031,0.1458,5.3,1.3,9.5,12.2,2.5,17.8,24.7,0.0,3.7,2.7
36035,Fulton County,36035970700,3347,0.6645,33.2,10.0,33.5,7.9,3.5,21.1,20.7,1.7,27.4,27.6
36035,Fulton County,36035970800,2990,0.7481,60.8,7.2,46.4,25.3,0.9,14.3,28.4,0.2,27.2,22.6
36035,Fulton County,36035970900,3659,0.4898,45.7,7.0,34.8,13.2,4.0,13.6,19.3,0.0,13.8,14.9
36035,Fulton County,36035971000,2377,0.2346,19.0,2.4,25.0,18.1,0.3,25.2,12.3,0.0,7.3,14.7
36035,Fulton County,36035971100,2740,0.6708,20.9,9.2,28.3,16.6,9.7,10.7,26.1,4.4,20.3,10.5
36035,Fulton County,36035971200,3839,0.5429,20.7,2.0,25.0,13.2,3.1,15.7,16.7,0.3,16.4,18.2
36035,Fulton County,36035971300,4377,0.3973,12.0,4.7,26.1,5.3,0.7,26.3,19.5,0.0,10.4,10.3
36035,Fulton County,36035971400,3577,0.2866,18.3,0.4,17.0,12.6,5.9,15.2,26.9,0.0,1.4,17.0
36035,Fulton County,36035971501,3072,0.2631,13.1,3.4,16.5,8.8,4.2,22.3,20.3,0.7,1.9,9.2
36035,Fulton County,36035971502,2073,0.3927,24.7,5.9,39.2,6.1,3.1,25.0,10.9,0.0,1.9,13.7
36037,Genesee County,36037940100,329,0.4733,35.6,0.0,20.1,12.5,10.0,49.2,7.3,0.0,11.3,50.0
36037,Genesee County,36037950100,5066,0.2553,9.2,3.6,17.3,4.2,4.0,14.7,22.2,0.4,2.2,8.9
36037,Genesee County,36037950200,5278,0.5094,19.8,4.7,23.6,14.2,3.0,15.1,23.6,0.7,4.7,8.8
36037,Genesee County,36037950301,3017,0.3201,21.5,8.0,14.5,4.1,4.6,22.3,16.2,5.8,4.6,8.9
36037,Genesee County,36037950302,3266,0.2467,11.7,4.6,23.5,7.1,3.8,15.9,22.1,0.0,11.4,11.1
36037,Genesee County,36037950401,3043,0.5938,21.1,9.1,33.4,7.3,3.2,20.9,23.2,1.4,9.2,12.9
36037,Genesee County,36037950402,3266,0.2583,14.7,0.0,31.5,7.0,1.3,33.7,16.8,0.0,4.3,5.5
36037,Genesee County,36037950501,1590,0.5307,21.3,3.0,19.6,11.1,4.5,28.2,16.0,1.3,10.7,14.9
36037,Genesee County,36037950502,1081,0.5805,19.5,6.5,32.4,20.9,6.9,15.4,19.4,10.6,13.7,2.9
36037,Genesee County,36037950600,1830,0.5455,19.5,7.9,20.5,10.8,1.6,29.3,16.2,1.1,22.8,17.6
36037,Genesee County,36037950700,2251,0.2251,34.0,4.7,28.7,2.9,5.8,13.9,15.7,1.3,21.7,10.5
36037,Genesee County,36037950800,3345,0.4959,25.4,2.5,27.8,11.4,0.9,19.6,20.9,2.7,9.0,10.2
36037,Genesee County,36037950900,2731,0.2807,16.4,3.1,35.8,3.0,2.3,23.7,16.0,0.0,17.6,17.4
36037,Genesee County,36037951000,2682,0.4381,26.1,3.5,27.0,8.3,3.4,18.9,16.1,0.6,21.4,19.3
36037,Genesee County,36037951100,5137,0.0939,6.1,3.3,11.1,5.3,1.4,17.6,22.7,0.0,2.3,5.2
36037,Genesee County,36037951200,4698,0.494,20.6,1.7,26.0,5.1,3.1,20.0,17.8,0.7,22.1,19.7
36037,Genesee County,36037951300,3925,0.2758,18.1,4.2,18.2,5.8,3.8,16.7,22.7,0.6,3.1,14.8
36037,Genesee County,36037951400,5669,0.2889,13.9,10.9,17.7,7.8,2.4,16.4,24.4,4.6,1.9,10.6
36039,Greene County,36039080100,3230,0.1203,17.3,0.0,16.5,8.7,1.8,22.0,16.6,2.6,2.6,9.7
36039,Greene County,36039080201,3765,0.1581,7.3,0.8,27.4,7.3,0.7,21.8,21.2,0.6,4.1,22.3
36039,Greene County,36039080202,2641,0.5427,21.9,2.6,23.0,10.2,11.5,23.0,22.3,0.9,8.0,20.5
36039,Greene County,36039080301,1611,0.3431,19.2,3.2,22.0,15.6,4.4,21.1,19.0,0.7,2.8,14.7
36039,Greene County,36039080302,1424,0.4149,25.5,4.4,17.6,8.3,6.5,28.4,12.5,2.4,14.9,29.8
36039,Greene County,36039080402,2043,0.1986,16.5,1.5,21.5,5.4,5.2,31.5,14.0,0.2,3.1,20.9
36039,Greene County,36039080403,1273,0.2355,19.6,3.6,14.9,4.3,0.9,42.8,17.6,0.0,9.3,16.3
36039,Greene County,36039080404,1755,0.7183,33.8,2.3,31.0,3.1,4.4,17.9,25.2,3.6,18.6,17.2
36039,Greene County,36039080501,2726,0.3714,23.0,4.2,32.6,3.3,1.9,23.2,16.9,0.8,5.2,12.7
36039,Greene County,36039080502,3967,0.4111,20.5,0.0,20.6,11.3,5.1,21.3,18.4,0.3,5.3,18.3
36039,Greene County,36039080600,3473,0.3102,13.6,1.3,18.3,8.1,4.1,22.1,18.8,1.5,5.0,20.0
36039,Greene County,36039080700,2820,0.5797,11.5,7.9,28.2,13.4,2.4,25.9,19.1,2.0,8.1,15.8
36039,Greene County,36039080800,2030,,,,,75.9,,0.3,0.0,,,
36039,Greene County,36039080900,3958,0.4687,10.3,5.4,25.2,7.7,3.1,30.2,12.7,0.9,6.9,15.9
36039,Greene County,36039081001,1933,0.502,44.0,9.4,31.0,13.3,3.9,21.0,7.4,3.2,10.6,37.1
36039,Greene County,36039081002,2230,0.3338,19.1,3.7,32.0,6.2,4.0,18.8,10.6,2.4,20.3,25.7
36039,Greene County,36039081101,4255,0.4246,25.7,2.0,42.7,5.5,2.1,25.9,15.0,1.8,19.1,22.7
36039,Greene County,36039081102,2933,0.5643,12.1,1.6,29.2,14.2,1.1,21.9,17.7,5.7,4.3,17.4
36041,Hamilton County,36041950100,922,0.2819,16.5,10.5,17.8,8.3,2.9,29.1,11.8,0.0,2.8,6.4
36041,Hamilton County,36041950300,1063,0.1336,10.3,3.4,20.1,5.3,4.4,44.8,9.4,0.0,2.1,11.5
36041,Hamilton County,36041950400,1880,0.6271,29.0,4.9,19.4,21.8,6.0,23.6,18.2,0.8,2.5,18.9
36041,Hamilton County,36041950500,1225,0.4081,16.9,1.8,20.3,15.2,4.1,36.1,9.3,1.5,2.2,13.9
36043,Herkimer County,36043010100,6124,0.6252,24.8,3.9,22.6,10.3,11.2,18.0,21.6,2.0,7.7,19.9
36043,Herkimer County,36043010201,3267,0.3247,18.1,2.0,22.2,9.5,2.2,19.9,21.9,0.0,7.9,12.6
36043,Herkimer County,36043010202,3705,0.2842,12.5,5.5,17.0,3.5,2.9,25.8,18.1,3.2,1.5,7.9
36043,Herkimer County,36043010300,6031,0.2228,13.9,4.5,13.4,3.6,0.6,19.5,26.0,0.0,10.1,9.7
36043,Herkimer County,36043010400,2275,0.4623,27.4,2.1,23.3,14.1,3.5,21.5,15.7,0.0,27.3,30.3
36043,Herkimer County,36043010501,2574,0.6902,22.2,2.4,20.1,6.5,4.7,23.0,27.1,2.0,10.4,10.4
36043,Herkimer County,36043010502,1459,0.0918,12.1,2.8,16.2,6.1,0.9,24.5,18.0,0.0,2.2,11.2
36043,Herkimer County,36043010701,2275,0.1832,20.3,0.8,12.3,3.0,1.3,20.9,25.1,0.0,4.6,6.0
36043,Herkimer County,36043010702,2321,0.7651,45.5,10.9,34.1,11.0,11.7,15.7,28.9,3.1,12.7,13.9
36043,Herkimer County,36043010900,3098,0.1638,16.2,2.2,14.3,5.6,4.2,18.7,21.9,0.6,4.3,15.0
36043,Herkimer County,36043011001,2089,0.5695,22.3,2.5,15.8,8.9,5.5,21.5,21.8,3.5,12.4,21.6
36043,Herkimer County,36043011002,2827,0.3009,24.3,2.6,21.8,8.9,3.8,18.5,19.5,0.0,6.3,15.0
36043,Herkimer County,36043011100,2187,0.6712,36.4,9.8,27.5,11.0,2.2,24.6,15.4,0.0,26.7,12.0
36043,Herkimer County,36043011200,5829,0.5353,14.9,3.6,25.4,9.8,3.8,24.2,12.2,0.0,17.3,10.8
36043,Herkimer County,36043011301,1592,0.5047,23.2,5.2,9.7,8.1,8.6,25.2,14.6,0.6,3.6,12.2
36043,Herkimer County,36043011302,3295,0.518,25.8,2.6,28.0,13.0,3.5,21.6,16.7,1.9,12.0,13.8
36043,Herkimer County,36043011400,4497,0.4993,16.0,5.4,14.5,10.3,6.6,18.3,25.7,1.5,8.7,16.4
36043,Herkimer County,36043011502,1887,0.4159,16.5,11.2,14.1,15.2,5.5,33.2,11.3,0.3,5.2,12.1
36043,Herkimer County,36043011503,1881,0.0795,12.9,2.2,9.5,6.0,3.0,17.6,25.5,0.0,4.1,14.7
36043,Herkimer County,36043011504,1080,0.3315,14.2,5.0,19.4,13.4,4.7,27.6,13.8,0.0,1.4,14.7
36045,Jefferson County,36045060101,1964,0.5678,11.0,8.6,18.2,11.4,15.8,18.4,28.2,2.6,5.8,9.5
36045,Jefferson County,36045060102,1969,0.498,16.6,5.8,18.5,4.3,6.8,27.3,14.5,1.1,9.3,26.0
36045,Jefferson County,36045060201,2096,0.2883,11.9,5.2,26.8,1.6,1.2,32.3,12.3,0.5,2.5,6.0
36045,Jefferson County,36045060202,2316,0.6257,18.0,5.8,25.7,23.0,2.7,22.2,9.0,0.8,8.8,17.6
36045,Jefferson County,36045060203,2428,0.5486,16.5,9.9,23.7,17.8,24.7,13.4,27.7,3.3,12.9,16.6
36045,Jefferson County,36045060301,1727,0.4319,19.5,6.3,27.1,3.7,3.4,29.7,22.2,4.5,2.3,7.9
36045,Jefferson County,36045060302,2052,0.5077,14.5,6.9,22.4,3.8,2.8,29.3,23.6,1.6,2.7,13.5
36045,Jefferson County,36045060401,3439,0.4062,18.6,4.0,18.2,9.4,3.6,21.8,20.2,1.1,4.0,11.0
36045,Jefferson County,36045060402,2575,0.1661,13.0,2.5,18.6,3.3,2.1,18.4,16.5,0.0,3.7,9.1
36045,Jefferson County,36045060500,5781,0.5539,20.7,4.3,28.5,17.1,3.3,14.5,22.8,1.4,5.2,13.4
36045,Jefferson County,36045060601,2920,0.6351,20.2,8.0,22.9,8.2,6.5,9.5,30.3,3.3,7.7,12.4
36045,Jefferson County,36045060602,3721,0.5172,17.0,2.0,30.2,0.6,6.5,5.6,21.7,10.0,8.9,1.0
36045,Jefferson County,36045060700,4465,0.2918,16.2,6.6,17.6,6.2,2.5,13.4,21.9,2.2,4.2,10.9
36045,Jefferson County,36045060803,8691,0.2688,25.7,2.7,55.2,0.0,1.2,0.2,29.1,0.7,9.1,7.9
36045,Jefferson County,36045060805,5232,0.3501,27.0,14.1,45.4,3.0,1.6,0.3,40.9,0.0,3.3,1.6
36045,Jefferson County,36045060806,3495,0.5254,33.3,26.9,43.6,2.9,4.5,3.0,30.4,0.0,0.0,5.0
36045,Jefferson County,36045060901,3024,0.5394,14.4,0.0,12.1,16.6,19.6,11.3,18.1,4.3,8.1,10.5
36045,Jefferson County,36045060902,2608,0.6436,28.5,11.6,25.4,7.4,3.7,18.3,28.0,0.0,9.0,2.9
36045,Jefferson County,36045061000,3595,0.7852,26.6,9.1,25.4,14.0,7.8,16.3,22.7,0.3,12.2,11.6
36045,Jefferson County,36045061101,2521,0.3649,31.3,14.4,26.7,1.7,2.6,11.1,23.6,1.6,8.9,6.1
36045,Jefferson County,36045061102,2910,0.6816,25.9,9.8,22.5,6.3,4.5,18.7,22.1,1.9,9.5,7.7
36045,Jefferson County,36045061200,3105,0.5147,35.8,9.9,29.0,11.3,2.2,7.6,33.2,0.0,14.6,13.3
36045,Jefferson County,36045061300,3027,0.7533,45.8,4.8,31.7,14.3,4.7,19.4,26.9,0.8,12.9,24.0
36045,Jefferson County,36045061400,3376,0.777,37.3,8.8,30.5,14.0,5.5,14.4,20.3,2.6,22.5,16.1
36045,Jefferson County,36045061500,4007,0.5113,26.8,6.0,34.3,9.2,5.4,10.3,13.1,0.4,16.4,7.7
36045,Jefferson County,36045061600,5584,0.3613,15.8,5.9,24.2,3.8,5.6,12.6,27.8,1.4,1.9,11.2
36045,Jefferson County,36045061700,2284,0.4052,23.4,7.6,21.3,5.9,3.2,36.4,17.5,2.1,1.9,12.5
36045,Jefferson County,36045061801,3700,0.6094,18.8,4.7,27.5,11.4,8.2,24.1,16.4,1.2,7.5,6.7
36045,Jefferson County,36045061802,3077,0.3264,16.2,2.3,17.0,11.8,3.1,13.5,25.6,0.6,5.3,7.1
36045,Jefferson County,36045061900,3339,0.4765,15.3,4.0,24.4,7.5,3.4,27.6,20.0,0.6,12.3,15.9
36045,Jefferson County,36045062100,3818,0.6204,22.9,5.7,39.4,10.9,9.8,9.3,17.4,2.8,24.3,19.6
36045,Jefferson County,36045062200,4187,0.3746,25.8,5.0,26.8,0.6,8.0,12.8,21.2,4.4,9.8,14.0
36045,Jefferson County,36045062400,5092,0.3212,14.2,4.3,14.6,12.5,1.9,14.8,25.3,0.9,1.0,8.8
36045,Jefferson County,36045062500,3228,0.2135,17.0,7.0,11.6,7.1,4.1,15.4,31.3,1.0,0.4,9.3
36045,Jefferson County,36045980000,92,,,0.0,,,,0.0,0.0,,,
36045,Jefferson County,36045990001,0,,,,,,,,,,,
36047,Kings County,36047000100,4974,0.4189,5.4,4.2,14.7,3.3,4.4,24.9,17.6,0.7,49.8,5.9
36047,Kings County,36047000200,1170,0.8552,26.2,7.5,37.1,31.7,20.9,9.2,23.3,14.4,61.2,14.7
36047,Kings County,36047000301,4057,0.229,5.1,2.4,18.4,2.5,1.5,23.7,18.4,1.4,61.1,7.6
36047,Kings County,36047000501,4432,0.5265,11.0,4.6,24.9,5.6,1.3,20.5,10.7,3.9,73.0,8.9
36047,Kings County,36047000502,2774,0.2925,6.9,6.2,15.1,1.1,1.3,16.4,17.3,0.8,72.9,3.4
36047,Kings County,36047000700,4194,0.1933,7.7,1.8,16.0,2.1,1.5,11.3,23.7,5.1,62.0,1.7
36047,Kings County,36047000900,4846,0.1173,3.6,3.9,7.8,1.4,1.6,7.2,14.6,1.6,69.1,1.9
36047,Kings County,36047001100,1558,0.1264,10.9,8.0,14.4,2.4,0.3,2.3,11.0,6.3,80.8,3.3
36047,Kings County,36047001300,2190,0.2285,12.7,4.7,7.6,0.8,1.1,23.1,7.6,4.9,59.7,3.0
36047,Kings County,36047001501,5056,0.812,20.7,5.0,29.8,15.2,4.8,8.2,19.6,9.9,81.3,5.1
36047,Kings County,36047001502,5330,0.4294,21.8,4.2,22.7,0.2,4.2,3.5,14.4,11.9,81.2,3.2
36047,Kings County,36047001801,1666,,,,,63.0,,0.7,0.0,,,
36047,Kings County,36047001802,0,,,,,,,,,,,
36047,Kings County,36047001803,3,,100.0,,,66.7,0.0,0.0,0.0,,,
36047,Kings County,36047001804,0,,,,,,,,,,,
36047,Kings County,36047002000,1899,0.9409,45.3,9.9,42.4,38.1,18.7,5.2,29.1,39.8,57.4,21.1
36047,Kings County,36047002100,5938,0.1323,7.6,1.7,5.1,0.5,1.5,2.5,25.3,12.4,47.1,1.2
36047,Kings County,36047002200,4224,0.9112,42.5,4.2,46.1,20.6,8.2,17.2,26.6,19.3,59.0,15.7
36047,Kings County,36047002300,4025,0.9835,64.6,35.2,55.4,30.7,6.7,21.2,21.1,14.3,90.2,38.0
36047,Kings County,36047002901,3974,0.9958,61.7,22.4,45.7,34.2,5.3,15.0,28.9,8.6,85.6,22.9
36047,Kings County,36047003000,1738,0.4957,8.6,9.2,24.7,9.1,2.9,19.7,18.3,6.1,27.6,10.7
36047,Kings County,36047003101,3598,0.3313,8.8,3.4,14.0,5.5,3.4,16.2,11.6,2.5,61.3,1.8
36047,Kings County,36047003102,0,,,,,,,,,,,
36047,Kings County,36047003300,4518,0.3769,16.7,3.6,28.3,4.7,1.2,6.5,17.7,13.5,87.4,11.1
36047,Kings County,36047003400,3566,0.6276,7.1,2.0,20.4,21.5,5.3,16.9,24.1,15.9,39.1,9.8
36047,Kings County,36047003500,2194,0.513,15.3,2.4,33.1,6.1,3.9,11.8,10.8,5.1,72.7,7.8
36047,Kings County,36047003600,3792,0.7109,17.4,7.4,32.5,6.7,6.3,21.2,14.1,5.6,49.5,9.3
36047,Kings County,36047003700,4085,0.3285,15.1,1.2,21.5,1.0,3.4,3.8,15.5,6.2,81.1,2.0
36047,Kings County,36047003800,1514,0.5233,10.6,5.0,28.4,10.1,6.1,25.5,18.3,3.4,26.8,9.2
36047,Kings County,36047003900,2523,0.402,16.3,4.2,16.5,9.4,0.0,7.1,21.7,6.2,73.4,7.0
36047,Kings County,36047004100,3445,0.3764,14.1,5.3,8.6,7.6,3.5,11.9,18.8,1.9,69.6,1.5
36047,Kings County,36047004300,3880,0.3615,14.3,6.6,20.9,6.3,1.6,7.6,17.3,3.6,70.6,9.0
36047,Kings County,36047004400,2269,0.2674,10.6,5.7,25.0,4.2,2.6,26.9,15.9,0.4,23.2,8.3
36047,Kings County,36047004500,3450,0.084,5.9,3.2,12.6,0.9,1.5,12.4,16.0,3.4,55.2,3.0
36047,Kings County,36047004600,1239,0.3435,16.0,2.8,41.4,10.1,0.8,21.8,24.2,1.2,25.8,8.5
36047,Kings County,36047004700,2016,0.4761,12.8,7.1,23.8,8.0,0.1,8.3,29.3,12.0,53.1,10.6
36047,Kings County,36047004900,2839,0.4788,11.5,11.0,22.0,5.2,1.4,16.9,21.9,5.5,41.8,1.8
36047,Kings County,36047005000,2409,0.3277,7.2,6.6,19.3,1.0,1.9,19.2,21.5,2.0,19.7,10.8
36047,Kings County,36047005100,2797,0.1241,8.3,3.1,10.3,1.8,0.8,3.6,25.8,8.5,41.0,7.7
36047,Kings County,36047005201,1680,0.8398,34.3,6.7,34.9,19.6,2.3,39.6,12.0,0.0,61.3,40.8
36047,Kings County,36047005202,2960,0.2053,11.1,1.0,19.8,3.0,0.9,26.1,15.3,0.7,27.5,6.2
36047,Kings County,36047005301,2352,0.3176,9.0,3.6,19.8,8.7,4.0,12.7,20.2,3.4,26.7,4.0
36047,Kings County,36047005302,93,0.1182,4.3,0.0,13.5,0.0,5.4,0.0,40.9,0.0,64.9,0.0
36047,Kings County,36047005303,0,,,,,,,,,,,
36047,Kings County,36047005400,3234,0.5759,12.3,6.3,27.9,6.8,3.8,21.9,12.6,4.2,53.7,8.9
36047,Kings County,36047005601,2683,0.5575,25.7,2.8,41.4,5.3,4.0,22.5,17.0,5.0,51.2,7.5
36047,Kings County,36047005602,1730,0.3596,5.7,1.3,18.3,6.5,5.7,23.4,13.2,9.2,43.4,10.4
36047,Kings County,36047005800,3068,0.5294,13.3,7.9,41.2,11.4,0.7,20.0,15.3,5.2,59.6,9.5
36047,Kings County,36047005900,1261,0.5642,18.2,9.4,20.2,8.8,4.8,13.1,10.8,14.2,41.6,11.3
36047,Kings County,36047006000,3281,0.7641,21.7,9.2,45.1,14.4,11.3,16.6,28.6,6.7,51.7,22.6
36047,Kings County,36047006200,2729,0.7749,37.0,4.8,41.8,16.3,8.3,15.4,22.1,15.8,52.8,6.9
36047,Kings County,36047006300,2129,0.1715,9.6,6.6,16.0,3.3,6.3,9.8,17.7,5.0,49.7,4.4
36047,Kings County,36047006400,3396,0.7637,21.7,9.2,26.0,10.2,13.2,17.8,19.8,5.2,53.8,11.2
36047,Kings County,36047006500,5723,0.1346,5.3,7.1,13.7,1.8,2.3,9.2,22.3,2.5,46.8,5.8
36047,Kings County,36047006600,4032,0.6695,24.8,5.2,33.8,13.4,4.5,13.7,17.4,11.0,50.7,4.6
36047,Kings County,36047006700,4036,0.0872,6.2,1.1,7.7,5.3,0.8,9.3,30.1,5.3,39.4,14.4
36047,Kings County,36047006800,4027,0.9454,31.8,8.7,41.2,27.2,10.6,26.6,19.7,13.7,67.5,13.0
36047,Kings County,36047006901,1842,0.146,14.1,6.3,19.1,3.4,3.0,18.1,18.5,0.0,54.0,2.5
36047,Kings County,36047006902,2023,0.1085,6.3,11.0,9.0,3.7,2.6,5.4,20.8,2.6,66.1,0.0
36047,Kings County,36047007000,2595,0.6065,9.6,4.3,28.0,8.8,3.2,25.8,14.0,5.6,54.8,11.2
36047,Kings County,36047007100,4632,0.9289,34.6,5.2,38.1,27.1,3.6,14.7,29.2,10.2,62.2,20.3
36047,Kings County,36047007200,1789,0.8812,32.4,1.8,49.7,24.1,18.6,8.4,24.1,13.6,66.0,9.9
36047,Kings County,36047007400,5634,0.9065,33.0,3.9,41.7,36.2,12.3,11.3,28.7,28.3,62.4,13.1
36047,Kings County,36047007500,4813,0.1739,7.7,4.4,18.4,2.4,4.7,12.6,16.4,1.7,52.9,3.8
36047,Kings County,36047007600,4882,0.9586,36.2,9.6,49.4,47.1,20.5,16.3,27.0,26.1,65.2,30.6
36047,Kings County,36047007700,5639,0.1878,6.7,6.2,11.4,3.5,1.0,7.4,24.7,0.0,54.6,8.3
36047,Kings County,36047007800,5715,0.9179,36.9,5.3,40.8,40.7,15.5,9.6,26.6,19.1,68.7,15.0
36047,Kings County,36047008000,3532,0.8875,20.6,5.0,38.1,22.3,13.4,17.0,22.5,7.5,55.0,20.1
36047,Kings County,36047008200,3748,0.8839,43.3,7.0,50.8,26.8,7.7,13.5,19.6,16.2,71.8,24.2
36047,Kings County,36047008400,3703,0.8483,19.7,8.6,29.3,38.1,22.4,4.6,19.3,16.2,73.7,6.1
36047,Kings County,36047008500,7417,0.9588,65.0,19.1,45.9,41.0,13.5,13.1,25.7,5.9,86.1,17.3
36047,Kings County,36047008600,0,,,,,,,,,,,
36047,Kings County,36047008800,2502,0.7911,34.3,10.2,33.7,33.5,8.9,13.4,10.4,9.5,82.5,18.7
36047,Kings County,36047009001,1319,0.8031,24.7,0.6,57.3,37.9,17.9,9.3,31.0,18.4,54.9,12.1
36047,Kings County,36047009002,1405,0.9074,58.3,11.9,57.2,40.5,13.6,9.0,33.2,19.9,71.9,20.6
36047,Kings County,36047009201,2030,0.8523,29.9,8.1,31.4,51.5,4.5,14.6,24.6,30.2,54.9,7.6
36047,Kings County,36047009202,3572,0.8854,49.9,8.6,58.3,35.7,14.5,7.3,24.3,17.6,73.9,5.4
36047,Kings County,36047009401,2215,0.9335,56.9,9.7,55.7,61.5,11.2,12.4,31.9,30.6,62.2,20.0
36047,Kings County,36047009402,3077,0.8019,37.6,1.0,38.2,36.8,7.4,10.3,26.6,40.8,53.9,9.6
36047,Kings County,36047009600,6041,0.7704,32.8,5.0,34.8,29.5,16.9,11.4,19.1,15.9,70.8,15.0
36047,Kings County,36047009800,6876,0.9145,49.6,7.1,50.3,50.4,16.6,11.5,28.1,27.9,68.6,24.2
36047,Kings County,36047010000,5585,0.9215,27.4,5.2,40.2,46.9,12.8,13.7,26.2,20.6,65.5,17.2
36047,Kings County,36047010100,4372,0.7554,17.8,8.0,34.3,20.5,11.2,5.5,19.0,13.8,42.1,9.5
36047,Kings County,36047010200,5181,0.9021,46.8,7.2,49.5,39.1,8.9,14.4,26.8,35.3,69.6,7.9
36047,Kings County,36047010401,2101,0.9654,48.8,9.8,45.9,56.1,11.7,18.3,23.7,35.0,65.2,23.0
36047,Kings County,36047010402,2131,0.9152,64.4,7.5,63.1,55.0,4.8,17.8,25.9,33.0,79.4,12.2
36047,Kings County,36047010601,2330,0.9224,51.1,8.8,60.9,36.5,9.0,7.0,37.6,41.9,77.9,28.7
36047,Kings County,36047010602,2253,0.6917,34.2,4.9,39.9,45.6,3.8,15.8,23.3,46.1,58.1,19.1
36047,Kings County,36047010801,1915,0.7101,35.7,4.3,41.5,41.2,14.4,9.3,23.6,18.0,50.9,16.9
36047,Kings County,36047010802,2446,0.84,44.0,35.4,46.2,42.1,4.2,10.6,25.1,27.7,52.2,24.9
36047,Kings County,36047011000,2429,0.7664,22.6,7.1,31.2,51.7,6.3,14.6,22.4,26.0,43.5,15.5
36047,Kings County,36047011200,6029,0.9542,37.0,5.4,45.9,33.6,7.6,18.5,29.3,20.6,55.3,34.5
36047,Kings County,36047011400,3860,0.9407,39.6,9.6,46.6,34.2,6.1,18.3,31.1,24.0,59.8,25.9
36047,Kings County,36047011600,3368,0.8386,54.6,5.0,65.0,55.0,5.9,10.4,22.7,30.2,55.5,11.3
36047,Kings County,36047011700,3004,0.5664,14.8,11.1,16.5,12.8,3.9,12.0,19.8,12.0,56.6,5.9
36047,Kings County,36047011800,1806,0.8958,41.1,10.3,51.3,45.1,5.4,18.0,21.2,31.9,61.8,14.9
36047,Kings County,36047011901,1431,0.6031,13.8,7.2,17.5,7.2,7.7,16.3,13.2,3.4,50.5,7.4
36047,Kings County,36047011902,0,,,,,,,,,,,
36047,Kings County,36047012000,1218,0.7556,29.1,5.4,51.1,51.6,10.4,5.5,24.5,29.6,30.2,4.5
36047,Kings County,36047012100,1953,0.2009,13.0,4.7,20.2,7.1,7.1,6.6,15.4,1.2,52.8,6.2
36047,Kings County,36047012200,5183,0.8696,43.6,9.1,47.0,46.6,8.8,7.6,28.3,25.1,72.3,13.1
36047,Kings County,36047012600,2664,0.8766,39.6,9.9,52.2,24.8,9.1,15.5,22.2,15.1,42.6,13.3
36047,Kings County,36047012700,3828,0.7696,19.5,8.5,35.8,17.8,2.4,16.1,14.9,3.0,66.8,19.3
36047,Kings County,36047012801,2080,0.8751,34.2,6.9,44.3,34.4,6.3,17.5,18.1,15.9,48.6,11.2
36047,Kings County,36047012901,2614,0.2038,6.2,5.1,11.1,3.4,5.4,7.2,20.9,8.9,57.1,1.4
36047,Kings County,36047012902,3056,0.3136,13.4,2.9,20.1,4.3,2.4,7.5,17.8,3.3,74.3,6.1
36047,Kings County,36047013000,4949,0.8852,28.2,5.7,35.7,20.8,11.7,9.0,27.9,18.3,62.9,2.9
36047,Kings County,36047013100,3581,0.4794,12.8,8.2,25.7,6.3,4.0,14.3,16.1,2.1,68.9,5.9
36047,Kings County,36047013200,2480,0.7921,28.6,18.6,34.5,25.8,4.8,18.7,18.1,21.8,32.8,3.2
36047,Kings County,36047013300,4517,0.1158,6.3,5.1,11.5,1.9,0.8,11.8,25.3,6.1,47.6,2.6
36047,Kings County,36047013400,4343,0.7092,22.3,7.0,26.8,13.5,1.8,13.8,26.3,13.1,49.7,10.3
36047,Kings County,36047013500,3985,0.1473,3.9,8.1,12.4,1.9,0.0,9.2,30.0,5.0,40.0,4.1
36047,Kings County,36047013600,3973,0.6174,14.3,5.3,34.1,12.5,4.2,13.3,22.2,8.9,41.1,4.1
36047,Kings County,36047013700,3411,0.3619,9.6,9.5,18.8,5.1,2.7,8.5,19.9,4.9,63.3,7.1
36047,Kings County,36047013800,3670,0.6594,10.7,13.1,25.7,12.0,6.9,11.4,22.8,3.7,44.5,2.4
36047,Kings County,36047013900,3412,0.1502,5.2,1.3,18.4,3.4,3.4,8.2,18.4,1.8,51.6,5.9
36047,Kings County,36047014000,1831,0.8639,23.1,15.3,38.3,15.0,5.2,27.9,16.6,9.8,30.9,6.5
36047,Kings County,36047014101,1178,0.4611,14.4,10.8,21.4,5.5,3.7,6.5,18.0,4.7,55.0,4.2
36047,Kings County,36047014102,1805,0.7071,6.4,12.2,16.8,3.0,4.0,20.1,21.8,3.2,43.7,12.9
36047,Kings County,36047014200,3496,0.7466,16.8,4.7,30.2,13.4,9.5,14.7,23.0,11.2,48.1,4.0
36047,Kings County,36047014300,3882,0.4986,15.6,8.9,24.3,10.4,4.3,7.5,17.8,12.1,55.6,8.3
36047,Kings County,36047014500,4367,0.3391,7.9,3.2,19.1,4.8,5.6,3.9,20.4,6.5,48.8,0.8
36047,Kings County,36047014700,2404,0.2942,10.3,5.6,14.7,7.8,1.3,5.0,34.1,4.4,46.1,1.5
36047,Kings County,36047014800,1202,0.5813,21.4,5.5,38.5,16.1,2.8,33.2,21.0,4.2,31.6,16.7
36047,Kings County,36047014901,1644,0.199,12.4,0.0,16.4,10.2,3.0,13.9,17.6,0.0,41.3,0.0
36047,Kings County,36047014902,4275,0.3695,8.8,7.1,19.4,6.7,7.4,6.3,19.0,3.5,48.8,0.0
36047,Kings County,36047015000,1711,0.6666,16.5,11.3,46.0,9.8,10.4,21.9,19.3,3.4,22.9,6.6
36047,Kings County,36047015100,4149,0.1817,4.7,5.3,10.7,3.7,2.0,15.8,19.5,4.9,43.8,3.2
36047,Kings County,36047015200,2638,0.6107,24.1,5.8,36.1,14.1,2.8,21.9,14.5,2.0,23.0,10.6
36047,Kings County,36047015300,2645,0.2937,7.1,3.2,21.0,8.2,4.0,17.4,23.0,0.8,63.6,11.9
36047,Kings County,36047015400,0,,,,,,,,,,,
36047,Kings County,36047015500,3693,0.0679,5.4,5.6,16.2,1.8,0.7,9.1,26.9,2.5,43.1,0.5
36047,Kings County,36047015700,4996,0.0897,1.2,2.8,5.7,1.4,0.0,17.5,21.7,1.9,60.3,2.6
36047,Kings County,36047015900,5232,0.1025,7.0,4.9,11.8,3.1,1.1,13.0,18.6,3.4,66.4,2.4
36047,Kings County,36047016000,4603,0.5598,18.0,4.5,31.8,9.2,7.2,13.4,16.6,14.3,54.4,10.9
36047,Kings County,36047016100,3729,0.3203,3.6,4.3,13.5,6.2,4.0,18.1,14.3,7.7,63.3,1.2
36047,Kings County,36047016200,2289,0.5391,23.8,4.5,33.8,5.0,1.8,19.9,17.6,0.5,40.3,16.3
36047,Kings County,36047016300,4004,0.5742,9.6,7.2,16.6,4.8,5.3,11.5,20.7,6.6,68.8,3.4
36047,Kings County,36047016400,997,0.2102,11.2,0.0,20.1,5.0,2.5,2.0,35.6,0.0,3.8,3.8
36047,Kings County,36047016500,6356,0.1072,7.1,4.1,9.7,2.0,1.8,12.0,24.2,4.4,46.7,3.8
36047,Kings County,36047016600,1830,0.0865,7.1,0.6,27.4,7.9,2.8,26.9,16.8,2.2,6.7,7.9
36047,Kings County,36047016700,4756,0.2427,9.5,12.1,18.6,2.2,4.5,14.6,15.0,1.7,55.8,3.3
36047,Kings County,36047016800,2122,0.275,8.2,3.2,21.3,16.8,1.4,17.1,19.1,2.9,18.2,5.9
36047,Kings County,36047016900,5635,0.1783,13.6,4.3,15.0,6.1,1.7,5.3,29.3,3.7,41.3,0.2
36047,Kings County,36047017000,3417,0.6447,16.9,1.8,33.7,25.8,6.7,25.9,19.8,9.6,24.1,8.3
36047,Kings County,36047017100,4271,0.3657,11.3,8.1,22.6,2.6,0.6,13.0,28.8,3.3,35.7,3.4
36047,Kings County,36047017200,3098,0.6102,16.7,4.5,29.1,16.4,13.6,21.5,19.9,19.4,17.2,0.0
36047,Kings County,36047017400,2293,0.5117,16.7,3.1,26.1,19.5,4.6,13.2,23.8,7.1,21.5,14.8
36047,Kings County,36047017500,0,,,,,,,,,,,
36047,Kings County,36047017600,2428,0.6077,15.8,9.5,25.6,17.0,7.0,14.7,14.8,14.4,33.9,8.0
36047,Kings County,36047017700,0,,,,,,,,,,,
36047,Kings County,36047017800,2812,0.8998,24.1,6.1,42.5,25.8,9.4,17.2,24.1,15.9,37.9,11.6
36047,Kings County,36047017900,4119,0.9143,27.3,14.6,30.6,10.3,4.7,19.7,21.4,7.1,65.4,19.4
36047,Kings County,36047018000,3145,0.7913,20.5,8.2,45.6,19.7,10.0,15.5,22.9,5.9,43.8,7.1
36047,Kings County,36047018100,4037,0.3416,11.2,9.0,17.4,4.4,3.4,11.7,16.1,6.4,71.5,1.5
36047,Kings County,36047018200,3332,0.7314,21.7,5.7,47.4,34.6,6.7,16.9,21.4,11.9,36.2,19.0
36047,Kings County,36047018300,2741,0.1015,7.6,4.8,11.9,2.1,3.6,4.2,14.2,11.1,48.3,2.6
36047,Kings County,36047018400,2112,0.6685,15.3,5.9,34.2,26.0,5.5,23.9,17.0,3.9,29.4,3.4
36047,Kings County,36047018501,4791,0.9648,41.1,9.1,53.7,27.9,4.1,12.8,23.8,6.8,86.9,17.9
36047,Kings County,36047018600,2115,0.6052,20.1,6.6,31.9,18.7,8.0,19.2,11.3,8.4,30.6,7.8
36047,Kings County,36047018700,1460,0.6022,16.0,10.7,21.2,9.7,9.8,13.5,12.9,7.9,50.0,4.0
36047,Kings County,36047018800,2867,0.5769,35.0,2.5,49.8,24.0,3.7,15.3,15.7,4.6,31.3,15.9
36047,Kings County,36047019000,4614,0.9044,36.1,12.9,42.2,28.4,14.9,15.8,19.6,21.5,53.5,6.0
36047,Kings County,36047019100,2852,0.5086,10.8,6.4,21.6,3.6,4.2,2.0,21.4,8.5,67.4,0.6
36047,Kings County,36047019200,2792,0.9128,54.9,7.5,46.8,38.9,15.1,13.7,31.9,22.2,44.3,19.8
36047,Kings County,36047019300,5774,0.6626,22.6,10.3,40.2,7.0,1.4,20.1,4.5,3.6,72.2,12.6
36047,Kings County,36047019400,3149,0.877,36.7,4.3,54.9,40.8,10.7,17.5,21.8,14.0,30.8,11.6
36047,Kings County,36047019500,3506,0.4334,14.0,8.1,26.6,3.3,1.5,19.3,16.7,1.0,63.9,4.7
36047,Kings County,36047019600,4845,0.8934,32.5,2.8,36.9,30.1,10.9,21.1,23.6,8.1,47.4,11.4
36047,Kings County,36047019700,3680,0.261,5.5,6.0,18.7,3.7,0.5,11.5,20.7,3.6,50.9,3.6
36047,Kings County,36047019800,2057,0.4427,22.3,1.2,36.4,24.3,3.8,13.7,21.5,10.2,23.7,8.3
36047,Kings County,36047019900,3582,0.4121,18.4,4.2,19.8,7.1,1.3,7.5,13.8,2.6,75.1,5.6
36047,Kings County,36047020000,2306,0.8192,23.8,5.1,30.3,28.1,12.1,22.7,20.5,9.9,37.9,5.2
36047,Kings County,36047020100,4254,0.2587,13.0,8.4,23.9,0.9,7.5,10.9,14.3,4.1,61.7,4.8
36047,Kings County,36047020200,1780,0.5854,11.2,4.2,40.4,12.7,4.8,18.2,25.8,0.7,23.1,5.2
36047,Kings County,36047020300,2057,0.2256,15.8,2.6,7.2,4.9,1.3,8.6,20.6,1.9,50.6,10.3
36047,Kings County,36047020400,1842,0.3355,19.3,2.2,25.6,13.2,0.8,21.6,17.5,8.2,28.5,5.6
36047,Kings County,36047020500,3555,0.1524,7.9,1.4,16.0,3.7,1.1,7.0,20.8,4.7,68.0,2.5
36047,Kings County,36047020600,2499,0.7339,24.2,4.7,34.2,11.4,6.0,14.4,22.4,8.7,13.9,3.4
36047,Kings County,36047020700,4562,0.0933,7.4,7.3,13.3,1.4,0.8,15.2,17.4,0.9,62.0,2.4
36047,Kings County,36047020800,3148,0.6018,21.6,3.3,47.0,18.0,1.4,12.9,19.3,9.6,53.5,5.6
36047,Kings County,36047021000,4041,0.9027,46.1,9.1,43.5,28.6,8.1,14.2,25.5,22.7,31.1,9.6
36047,Kings County,36047021100,2604,0.7073,18.7,9.8,26.0,8.3,6.5,6.5,17.0,5.3,70.3,11.1
36047,Kings County,36047021200,3986,0.8616,50.5,12.0,38.9,34.7,7.3,14.8,21.8,17.9,46.7,8.8
36047,Kings County,36047021300,4650,0.6181,26.9,2.7,37.7,16.3,4.9,12.6,19.3,6.3,64.3,7.9
36047,Kings County,36047021400,2565,0.725,40.7,0.5,44.6,30.9,10.6,5.5,36.6,36.5,57.3,29.5
36047,Kings County,36047021500,6014,0.4269,12.6,4.6,34.1,10.2,5.9,13.6,17.2,5.8,71.9,9.3
36047,Kings County,36047021600,3982,0.7905,66.4,6.0,56.0,23.1,4.2,11.4,45.2,20.0,58.9,38.0
36047,Kings County,36047021700,3736,0.7232,22.6,11.9,25.3,11.0,5.0,15.9,15.0,3.9,80.1,13.7
36047,Kings County,36047021800,3035,0.6229,25.2,8.2,42.0,11.4,2.6,6.9,41.0,18.9,38.6,43.9
36047,Kings County,36047021900,4191,0.4682,22.4,7.7,27.5,5.9,5.8,11.9,11.0,2.5,61.5,5.1
36047,Kings County,36047022000,4989,0.7527,66.5,11.2,54.7,19.1,4.0,4.7,47.7,20.7,58.2,33.4
36047,Kings County,36047022100,3703,0.8094,35.1,5.2,44.0,13.7,7.7,19.2,8.9,3.8,74.8,20.2
36047,Kings County,36047022200,4051,0.8574,54.4,1.4,46.4,24.9,7.4,15.7,43.5,24.2,60.8,51.2
36047,Kings County,36047022400,5656,0.7978,43.1,5.0,48.6,33.1,7.9,5.8,46.0,30.4,40.7,39.9
36047,Kings County,36047022600,2469,0.7763,24.1,13.4,28.4,40.6,4.3,6.1,46.8,25.1,46.4,27.5
36047,Kings County,36047022700,4360,0.5733,15.8,11.6,20.6,7.7,5.4,5.5,16.8,8.3,66.9,5.5
36047,Kings County,36047022800,3632,0.8555,51.5,8.7,46.5,31.2,2.5,7.4,39.7,29.9,49.9,52.3
36047,Kings County,36047022900,3490,0.4075,16.0,6.6,23.4,8.7,4.6,7.2,15.0,5.3,68.5,9.2
36047,Kings County,36047023000,4243,0.8316,53.1,16.6,47.2,30.2,5.4,11.2,47.2,29.2,61.8,42.0
36047,Kings County,36047023100,3475,0.3554,13.8,9.0,21.7,5.5,4.4,13.0,11.7,1.3,48.9,11.9
36047,Kings County,36047023200,6422,0.6143,38.8,6.5,50.4,22.2,1.1,8.5,55.5,32.2,47.8,43.1
36047,Kings County,36047023300,6821,0.7772,33.9,9.5,36.7,13.4,2.8,8.3,26.0,3.3,56.4,14.4
36047,Kings County,36047023400,5275,0.773,61.1,8.8,71.9,19.0,1.9,11.8,48.0,28.7,66.1,51.1
36047,Kings County,36047023500,5183,0.7592,55.1,6.7,46.6,10.7,2.6,2.1,47.9,25.6,66.8,29.3
36047,Kings County,36047023600,6342,0.5949,52.6,7.5,72.8,13.5,1.2,6.6,52.9,41.9,62.6,56.3
36047,Kings County,36047023800,4734,0.6343,57.2,16.4,59.7,12.1,1.6,8.8,51.0,32.9,63.0,47.0
36047,Kings County,36047024000,6050,0.7358,59.7,3.4,59.1,21.1,4.4,9.3,46.6,27.6,60.0,50.9
36047,Kings County,36047024100,2926,0.7826,40.9,7.3,39.9,18.9,10.7,7.3,15.2,18.0,73.0,25.1
36047,Kings County,36047024200,2916,0.7023,44.3,7.4,54.6,20.2,1.7,12.9,42.9,22.1,34.4,38.9
36047,Kings County,36047024300,4311,0.6983,21.7,5.4,37.0,14.5,6.7,14.6,13.2,5.5,63.6,22.5
36047,Kings County,36047024400,3478,0.828,40.7,6.5,48.4,26.4,8.0,8.2,39.0,16.1,39.7,20.2
36047,Kings County,36047024500,4488,0.5248,15.5,6.2,30.1,11.3,9.5,11.1,18.5,1.0,62.1,7.5
36047,Kings County,36047024600,3432,0.793,23.4,4.4,36.7,26.5,13.0,12.8,33.1,22.5,34.8,12.6
36047,Kings County,36047024700,2839,0.6738,32.2,8.9,37.4,7.3,2.4,6.6,14.7,9.9,74.5,8.3
36047,Kings County,36047024800,2479,0.8576,33.0,7.1,49.1,34.8,8.4,15.6,32.1,20.2,40.3,16.4
36047,Kings County,36047024900,3892,0.5157,18.8,11.1,27.9,2.6,8.1,6.5,12.7,2.1,72.2,8.2
36047,Kings County,36047025000,1712,0.8683,31.9,9.8,50.5,50.3,14.9,18.1,12.6,19.7,43.0,8.1
36047,Kings County,36047025100,4416,0.8023,33.4,7.8,51.4,15.5,5.1,10.3,19.5,5.9,73.1,14.4
36047,Kings County,36047025200,5057,0.9118,36.8,20.7,54.5,25.0,8.6,12.5,19.1,19.4,41.1,9.7
36047,Kings County,36047025300,3907,0.7455,39.7,5.9,34.1,5.9,15.9,8.9,29.4,6.5,53.1,10.7
36047,Kings County,36047025400,3145,0.8114,34.8,5.3,32.9,33.1,4.7,17.6,23.6,34.4,43.5,3.1
36047,Kings County,36047025500,5470,0.9257,54.4,9.9,49.5,40.1,9.3,10.5,19.5,6.4,74.0,23.0
36047,Kings County,36047025600,3005,0.7529,38.0,2.2,47.7,42.8,7.5,15.1,22.6,34.6,27.8,3.8
36047,Kings County,36047025700,2892,0.7656,30.0,4.5,28.9,27.6,10.5,7.6,23.4,13.7,60.9,9.5
36047,Kings County,36047025800,4119,0.955,45.9,10.6,53.7,35.0,7.8,15.5,25.0,13.5,58.7,14.1
36047,Kings County,36047025901,2144,0.8162,39.7,13.1,44.6,12.0,9.4,5.7,20.3,8.6,72.9,11.0
36047,Kings County,36047025902,3530,0.9302,60.1,19.8,46.3,28.6,3.9,6.5,29.8,2.2,83.2,10.1
36047,Kings County,36047026000,3116,0.8217,30.0,4.5,44.6,22.6,8.7,19.4,19.9,13.8,44.2,15.9
36047,Kings County,36047026100,5504,0.7552,44.0,9.7,33.2,14.5,4.2,3.4,18.0,5.4,76.6,17.1
36047,Kings County,36047026200,2729,0.7379,26.6,11.1,28.8,32.4,6.2,10.6,21.3,23.6,33.5,11.0
36047,Kings County,36047026300,2253,0.6485,23.9,9.2,29.5,10.4,5.5,9.1,17.4,4.6,70.8,13.7
36047,Kings County,36047026400,4423,0.8029,31.6,5.3,51.6,30.2,14.2,11.7,21.1,10.5,56.2,10.6
36047,Kings County,36047026500,4187,0.647,25.7,3.5,38.8,8.2,9.2,9.5,16.1,3.6,67.9,17.1
36047,Kings County,36047026600,3624,0.8305,37.0,6.5,52.1,35.3,4.6,14.7,24.3,14.7,42.0,2.9
36047,Kings County,36047026700,4701,0.3594,13.1,3.8,22.3,6.5,6.1,14.1,12.7,2.5,57.7,7.6
36047,Kings County,36047026800,4671,0.8662,36.4,11.2,43.0,29.7,7.0,18.3,20.6,10.7,44.6,17.2
36047,Kings County,36047026900,3038,0.4919,18.3,2.6,30.5,8.4,3.6,5.5,23.4,3.9,64.9,8.6
36047,Kings County,36047027000,2416,0.7578,38.2,3.4,49.5,17.9,5.5,13.8,24.1,15.8,40.9,16.9
36047,Kings County,36047027100,3703,0.7776,18.0,7.2,35.0,12.1,5.0,9.3,24.0,12.0,52.9,9.1
36047,Kings County,36047027200,3980,0.8373,30.2,5.6,36.8,28.9,11.2,18.7,21.5,22.3,41.2,9.8
36047,Kings County,36047027300,3960,0.5788,25.4,2.8,27.0,7.8,10.9,15.1,19.1,0.1,51.9,11.6
36047,Kings County,36047027400,3451,0.8681,22.8,2.7,44.1,44.4,14.5,25.3,18.0,9.9,39.8,16.8
36047,Kings County,36047027500,4695,0.6632,25.2,6.2,31.1,8.0,10.2,11.3,11.8,3.5,65.6,13.6
36047,Kings County,36047027600,3740,0.8808,43.1,8.6,52.4,27.9,8.5,14.4,25.1,20.4,47.6,8.8
36047,Kings County,36047027700,4198,0.8763,35.8,16.5,42.9,13.7,9.3,7.1,23.9,10.7,66.8,13.9
36047,Kings County,36047027800,3124,0.8266,25.4,6.3,38.3,19.4,11.6,15.5,21.2,9.2,49.2,17.4
36047,Kings County,36047027900,3711,0.8036,28.4,12.0,38.2,12.9,6.6,10.4,15.7,6.8,52.2,12.4
36047,Kings County,36047028000,1828,0.5991,9.0,5.8,31.7,24.5,13.2,15.7,17.0,8.6,33.1,14.9
36047,Kings County,36047028100,5196,0.9291,52.8,10.9,44.7,20.0,6.2,8.8,25.9,8.4,74.3,13.0
36047,Kings County,36047028200,3092,0.72,23.0,3.4,53.2,24.6,6.6,27.4,14.6,10.2,37.0,3.2
36047,Kings County,36047028300,4115,0.9435,43.9,23.1,41.6,22.3,6.6,12.8,19.3,6.2,68.9,18.3
36047,Kings County,36047028400,3328,0.7037,32.1,5.3,58.5,20.3,0.5,18.4,22.1,10.5,51.6,16.1
36047,Kings County,36047028501,459,0.7335,37.2,1.8,48.7,25.9,6.3,3.7,2.6,0.0,93.8,20.8
36047,Kings County,36047028502,3451,0.8909,53.1,11.7,49.2,26.0,1.0,19.8,20.2,1.7,80.4,22.8
36047,Kings County,36047028600,5581,0.923,42.4,5.9,61.1,18.0,11.3,14.5,36.1,24.2,51.3,14.2
36047,Kings County,36047028700,3151,0.8111,40.0,6.8,44.0,11.5,5.6,4.8,20.4,3.1,73.7,15.7
36047,Kings County,36047028800,3150,0.843,32.7,1.1,34.2,21.8,15.3,20.8,17.9,15.2,53.9,14.2
36047,Kings County,36047028900,3678,0.8097,36.3,7.9,46.1,22.1,5.3,14.5,16.3,3.9,73.4,27.9
36047,Kings County,36047029000,3232,0.905,34.4,4.4,48.4,12.4,4.7,30.1,19.9,7.0,63.7,24.0
36047,Kings County,36047029100,3599,0.6702,21.1,2.5,28.4,5.9,8.1,9.9,16.5,4.8,60.8,10.1
36047,Kings County,36047029200,2717,0.8989,35.7,8.3,59.5,26.7,8.6,18.3,18.8,17.9,58.2,14.7
36047,Kings County,36047029300,3572,0.7953,34.4,10.7,24.1,16.4,3.1,20.7,21.6,1.9,66.1,19.7
36047,Kings County,36047029400,2587,0.9397,33.9,5.6,32.8,23.3,9.1,26.6,17.7,17.2,44.4,3.9
36047,Kings County,36047029500,4198,0.4322,19.9,6.5,32.0,4.2,7.2,9.7,21.2,0.0,36.0,8.4
36047,Kings County,36047029600,6101,0.8861,45.2,14.0,51.4,19.1,15.9,12.2,25.5,20.2,62.6,7.5
36047,Kings County,36047029700,4725,0.7668,23.0,6.3,41.2,11.0,5.5,13.7,21.6,5.5,53.4,14.0
36047,Kings County,36047029800,4183,0.7875,45.8,2.8,53.0,23.7,7.2,10.8,28.4,18.6,33.7,12.6
36047,Kings County,36047029900,2578,0.8371,39.9,15.9,30.1,7.7,13.8,14.2,24.0,2.2,62.9,14.2
36047,Kings County,36047030000,4283,0.8306,42.3,9.1,42.6,25.9,4.6,14.5,26.0,21.2,52.7,13.2
36047,Kings County,36047030100,3172,0.7077,30.1,11.0,37.4,14.1,4.2,10.0,22.9,4.3,47.5,16.9
36047,Kings County,36047030200,4052,0.7732,22.9,14.2,28.4,21.5,5.2,16.8,17.5,11.7,24.0,10.6
36047,Kings County,36047030300,4931,0.9318,41.0,14.1,40.4,25.4,3.6,20.3,17.7,8.0,77.1,25.1
36047,Kings County,36047030400,4150,0.8823,30.0,6.0,49.0,18.8,11.5,26.7,18.2,12.5,38.8,18.7
36047,Kings County,36047030500,7457,0.6069,13.1,4.6,21.4,12.1,4.2,7.5,17.9,2.3,61.1,9.7
36047,Kings County,36047030600,1950,0.8219,25.9,9.7,43.9,33.3,6.6,22.4,14.1,6.1,32.3,22.9
36047,Kings County,36047030700,6297,0.8877,38.9,7.1,52.0,24.8,9.4,12.5,20.4,3.5,77.8,31.8
36047,Kings County,36047030800,1905,0.7487,22.8,3.5,41.8,22.5,7.5,19.6,14.2,9.3,31.5,12.6
36047,Kings County,36047030900,2671,0.8396,34.0,12.9,37.7,15.6,3.7,5.7,29.9,8.8,62.6,14.4
36047,Kings County,36047031100,2825,0.6571,22.4,14.0,32.2,12.3,4.8,6.4,16.0,3.6,64.4,13.7
36047,Kings County,36047031300,5054,0.7786,21.1,6.6,28.1,16.0,5.6,19.0,10.4,4.6,69.2,9.0
36047,Kings County,36047031401,5223,0.8856,27.2,8.9,35.7,27.6,15.5,20.9,14.1,8.1,39.9,17.5
36047,Kings County,36047031402,0,,,,,,,,,,,
36047,Kings County,36047031500,5316,0.3585,14.6,5.0,30.1,7.1,2.5,8.6,10.2,3.0,75.4,9.2
36047,Kings County,36047031701,4558,0.46,18.5,11.1,24.7,7.8,3.9,8.1,17.1,3.5,56.3,4.3
36047,Kings County,36047031702,3918,0.3433,13.1,4.6,23.1,6.5,4.6,8.0,21.8,1.3,59.9,14.7
36047,Kings County,36047031900,3175,0.6404,23.1,10.2,33.1,5.5,1.9,15.6,25.5,7.4,68.0,10.5
36047,Kings County,36047032100,5168,0.7987,17.6,6.4,39.8,11.1,7.7,14.1,11.8,13.9,75.7,10.8
36047,Kings County,36047032300,3256,0.544,26.1,6.5,42.5,9.8,4.4,24.2,13.0,0.0,68.3,14.8
36047,Kings County,36047032500,6119,0.7687,28.8,7.5,37.9,16.5,6.3,14.0,16.0,7.5,78.0,17.4
36047,Kings County,36047032600,8110,0.9441,57.7,16.2,39.0,29.5,6.4,10.3,23.4,14.2,64.4,17.2
36047,Kings County,36047032700,2687,0.575,14.6,5.0,46.8,15.9,2.8,20.1,12.1,6.0,69.0,14.3
36047,Kings County,36047032800,2917,0.951,43.9,17.5,51.8,23.0,7.1,26.1,20.4,4.9,59.5,27.2
36047,Kings County,36047032900,6033,0.6976,26.8,7.3,37.8,9.3,2.9,14.9,22.1,11.6,56.7,16.4
36047,Kings County,36047033000,4774,0.9306,56.3,4.7,55.1,29.4,1.5,22.1,27.0,12.0,74.6,20.1
36047,Kings County,36047033100,4192,0.8276,41.5,15.0,40.6,9.2,8.8,13.2,23.5,9.9,63.8,16.1
36047,Kings County,36047033300,4802,0.8593,29.0,15.8,41.6,14.8,3.6,12.4,34.3,22.4,54.7,22.7
36047,Kings County,36047033500,3221,0.827,27.0,5.8,41.8,13.6,5.2,12.0,24.9,10.6,39.3,4.8
36047,Kings County,36047033600,5269,0.7808,34.2,3.9,37.0,15.5,7.4,20.2,23.5,11.7,19.1,18.2
36047,Kings County,36047033701,2710,0.8905,16.2,14.4,40.7,15.0,12.4,16.0,22.4,10.5,77.9,31.1
36047,Kings County,36047033702,1750,0.8424,47.4,13.4,33.0,21.0,7.2,13.5,27.9,13.6,45.6,22.3
36047,Kings County,36047033900,4816,0.8776,34.2,3.8,50.0,17.1,6.7,19.0,24.8,6.9,72.0,20.9
36047,Kings County,36047034000,2071,0.962,58.1,19.0,47.8,23.1,0.5,43.8,13.8,7.5,60.2,31.0
36047,Kings County,36047034100,2991,0.7632,25.7,4.1,46.3,11.4,2.3,21.2,15.5,3.6,60.3,9.3
36047,Kings County,36047034200,6735,0.9951,59.7,27.3,52.3,23.2,4.7,28.4,24.9,7.2,74.8,35.7
36047,Kings County,36047034300,4726,0.9612,62.7,16.3,55.7,19.1,6.6,18.6,18.5,2.8,81.8,16.4
36047,Kings County,36047034500,2661,0.6525,28.7,9.9,39.9,6.1,6.9,8.3,19.1,18.8,71.3,14.9
36047,Kings County,36047034700,3312,0.909,46.5,8.5,57.9,30.3,5.5,14.4,18.0,0.1,81.7,25.9
36047,Kings County,36047034800,2491,0.8951,40.1,11.6,48.6,28.2,21.0,5.1,34.1,32.2,55.0,12.2
36047,Kings County,36047034901,1996,0.7194,23.6,16.3,51.2,12.6,13.4,13.4,32.6,5.7,87.3,9.2
36047,Kings County,36047034902,4013,0.8675,22.9,11.1,50.3,10.4,3.4,10.2,28.7,14.6,72.5,19.3
36047,Kings County,36047035000,3154,0.6119,26.7,4.6,37.7,4.8,4.1,44.4,8.8,6.2,47.1,19.3
36047,Kings County,36047035101,1885,0.9382,47.4,17.8,69.0,23.4,6.8,6.2,36.4,9.0,71.2,11.5
36047,Kings County,36047035102,3179,0.9204,53.2,7.9,44.6,21.7,2.4,16.4,26.9,16.1,61.7,6.2
36047,Kings County,36047035200,1439,0.8073,63.6,0.0,54.7,27.7,2.8,60.5,7.0,0.0,89.9,58.2
36047,Kings County,36047035301,2860,0.916,45.0,15.5,59.2,29.8,13.7,6.5,14.5,10.9,76.3,20.0
36047,Kings County,36047035302,3304,0.7831,20.2,1.1,28.4,21.9,7.6,16.4,24.8,9.7,54.4,9.1
36047,Kings County,36047035400,5507,0.5906,21.2,6.5,36.6,4.2,1.0,38.9,12.9,3.6,46.6,15.0
36047,Kings County,36047035500,5762,0.9816,35.2,14.4,47.4,25.0,10.3,15.4,23.4,13.4,63.5,18.8
36047,Kings County,36047035601,2725,0.5967,35.7,3.7,48.8,3.2,0.3,50.5,11.3,7.9,53.1,13.9
36047,Kings County,36047035602,6276,0.7035,19.9,3.0,39.6,4.7,4.5,34.7,14.7,17.0,44.3,14.1
36047,Kings County,36047035701,2550,0.9183,44.4,13.2,54.6,19.2,11.6,7.2,23.5,11.8,79.0,28.6
36047,Kings County,36047035702,0,,,,,,,,,,,
36047,Kings County,36047035900,6127,0.7829,35.2,8.2,31.8,22.1,5.4,7.0,14.8,4.1,72.3,14.5
36047,Kings County,36047036001,3108,0.8557,44.0,9.2,48.8,6.6,12.1,38.9,11.4,19.3,76.0,24.2
36047,Kings County,36047036002,4321,0.8,38.8,4.4,65.1,9.0,5.4,43.4,6.7,17.7,78.9,29.7
36047,Kings County,36047036100,3025,0.9749,57.4,9.5,59.6,34.6,6.7,19.6,21.2,4.1,72.7,28.9
36047,Kings County,36047036200,3860,0.8331,39.7,2.5,50.2,14.0,19.4,10.8,29.3,23.7,50.9,6.2
36047,Kings County,36047036300,5616,0.9369,37.1,14.0,57.0,19.1,6.2,14.7,24.1,4.3,65.7,21.9
36047,Kings County,36047036400,2216,0.8972,31.6,14.7,53.0,8.0,8.5,22.6,15.0,19.6,64.6,26.8
36047,Kings County,36047036501,3528,0.7474,32.4,2.9,40.2,8.2,3.2,15.8,26.0,11.4,57.4,12.4
36047,Kings County,36047036502,1924,0.8514,51.2,2.0,33.3,21.0,7.1,2.4,36.6,13.7,53.9,16.7
36047,Kings County,36047036600,4146,0.9088,47.7,2.4,52.5,18.0,19.3,17.7,23.2,30.5,48.4,10.2
36047,Kings County,36047036700,1943,0.8318,44.1,4.3,47.6,24.3,18.4,9.3,20.0,3.7,52.9,28.3
36047,Kings County,36047036900,5666,0.7983,41.1,5.2,45.4,20.3,11.7,9.4,13.1,2.2,71.0,22.5
36047,Kings County,36047037000,4184,0.7067,21.9,7.1,40.0,15.9,0.8,20.0,18.5,11.1,22.2,8.4
36047,Kings County,36047037100,4935,0.6024,19.2,6.1,29.3,12.2,4.7,7.0,26.0,8.6,50.8,7.9
36047,Kings County,36047037300,5391,0.8409,32.3,5.8,39.1,10.4,8.5,7.3,24.6,12.6,71.7,9.8
36047,Kings County,36047037401,4602,0.8381,24.6,6.5,44.2,9.3,6.2,17.1,26.8,13.0,39.8,6.2
36047,Kings County,36047037402,5089,0.7841,24.5,5.2,50.9,12.3,2.8,25.5,24.6,13.7,44.4,13.4
36047,Kings County,36047037500,3711,0.7557,24.5,5.9,35.9,12.8,13.5,12.2,14.5,2.1,61.3,11.5
36047,Kings County,36047037700,5042,0.6238,25.3,3.6,37.8,5.1,1.2,11.6,22.0,4.0,53.6,12.0
36047,Kings County,36047037900,4819,0.85,46.0,9.6,45.5,10.8,5.7,18.9,23.4,6.4,55.3,22.5
36047,Kings County,36047038100,5497,0.7715,34.0,4.5,43.3,10.3,5.8,12.4,17.8,4.9,65.2,12.5
36047,Kings County,36047038200,5599,0.9981,65.0,25.6,56.3,41.9,4.6,15.6,33.8,8.2,75.4,11.7
36047,Kings County,36047038300,5250,0.5014,21.4,3.4,35.4,7.0,7.1,11.8,15.3,2.7,51.9,9.9
36047,Kings County,36047038500,4701,0.5915,23.0,13.5,19.3,8.4,4.5,14.2,20.5,7.4,57.4,15.0
36047,Kings County,36047038600,3123,0.7573,31.5,14.1,40.6,21.6,3.5,13.1,21.7,11.6,31.1,8.5
36047,Kings County,36047038700,4632,0.7284,36.0,20.0,38.5,12.4,4.3,10.4,17.7,3.0,56.9,13.7
36047,Kings County,36047038800,3996,0.6634,29.1,2.9,39.8,13.5,5.4,14.1,21.0,13.5,40.4,17.4
36047,Kings County,36047038900,3045,0.7635,28.9,5.0,34.0,19.2,7.4,8.0,15.1,10.2,52.1,13.7
36047,Kings County,36047039000,2456,0.6193,14.9,4.1,26.8,14.3,5.0,16.0,36.0,20.3,20.3,7.6
36047,Kings County,36047039100,4759,0.7611,21.3,2.5,27.5,10.7,7.8,6.8,21.5,11.4,62.9,8.4
36047,Kings County,36047039200,3351,0.7413,16.1,7.8,47.5,22.5,9.5,11.7,28.0,14.8,35.9,12.0
36047,Kings County,36047039300,4198,0.744,18.4,8.7,31.7,12.0,10.6,3.0,13.2,5.2,75.8,4.8
36047,Kings County,36047039400,1970,0.7698,38.0,7.8,47.2,16.9,2.4,20.9,31.6,14.7,51.2,24.8
36047,Kings County,36047039500,3676,0.7565,33.6,7.6,39.5,22.0,7.5,12.1,9.2,1.6,76.7,15.3
36047,Kings County,36047039600,2028,0.4351,23.2,2.1,32.5,13.3,4.1,11.2,23.0,12.7,24.6,9.6
36047,Kings County,36047039700,3010,0.6936,27.3,6.6,39.5,14.6,5.4,12.8,14.6,4.5,60.6,14.5
36047,Kings County,36047039800,3042,0.7854,30.6,9.7,31.8,27.6,8.2,13.7,24.8,31.6,33.1,8.1
36047,Kings County,36047039900,4434,0.8658,28.3,8.7,32.5,24.7,8.7,12.5,17.3,11.2,60.8,24.9
36047,Kings County,36047040000,2656,0.8348,30.3,5.5,56.1,21.3,7.9,16.1,24.9,13.9,36.3,14.9
36047,Kings County,36047040100,3507,0.839,40.2,10.3,47.3,16.2,6.7,14.0,10.2,10.0,62.3,19.4
36047,Kings County,36047040200,2702,0.7046,25.9,7.1,46.8,35.2,4.4,20.6,17.5,8.8,45.4,11.2
36047,Kings County,36047040300,4426,0.804,25.5,9.0,37.7,10.5,11.6,10.2,14.0,7.3,58.7,9.3
36047,Kings County,36047040400,2641,0.7217,24.7,7.8,31.4,23.0,4.2,12.8,22.6,7.6,21.7,9.7
36047,Kings County,36047040500,1516,0.7312,21.4,5.5,57.7,15.7,7.5,9.7,14.2,6.3,59.5,15.0
36047,Kings County,36047040600,3973,0.7077,19.6,11.0,36.3,25.3,3.6,11.6,25.3,16.5,49.4,5.8
36047,Kings County,36047040700,0,,,,,,,,,,,
36047,Kings County,36047040800,3885,0.7117,28.9,10.1,40.7,30.3,9.7,12.6,23.5,14.2,29.8,8.4
36047,Kings County,36047040900,4068,0.7936,41.5,6.3,49.1,21.3,10.9,11.8,23.8,9.9,58.0,7.0
36047,Kings County,36047041000,1927,0.8035,29.3,12.9,46.7,18.2,1.1,15.3,38.1,7.6,35.0,20.4
36047,Kings County,36047041100,2925,0.7132,32.1,10.2,52.3,27.8,12.0,11.4,17.4,2.7,67.6,27.3
36047,Kings County,36047041200,3312,0.774,29.4,4.7,33.7,23.2,4.9,17.3,24.5,13.4,44.8,8.9
36047,Kings County,36047041300,3664,0.5723,24.3,5.9,24.1,23.9,10.1,15.3,14.1,2.0,50.2,12.7
36047,Kings County,36047041401,1233,0.7278,46.5,15.3,44.0,16.3,3.2,12.0,31.5,12.3,38.6,9.5
36047,Kings County,36047041402,1963,0.9046,48.2,11.5,56.6,26.3,5.8,28.3,22.7,15.1,42.9,16.5
36047,Kings County,36047041500,4906,0.6358,25.1,6.3,21.4,10.1,12.8,11.4,19.6,5.3,48.8,14.7
36047,Kings County,36047041600,2248,0.6233,21.8,3.6,42.0,8.7,3.9,17.5,29.8,14.5,31.8,7.2
36047,Kings County,36047041700,3400,0.9557,36.6,7.8,36.9,33.8,5.7,19.7,18.8,12.1,74.2,34.8
36047,Kings County,36047041800,2598,0.8911,37.1,9.9,40.1,16.4,2.3,16.7,35.2,20.1,45.1,17.8
36047,Kings County,36047041900,3588,0.7998,43.3,6.1,38.0,29.3,5.8,10.3,18.8,6.6,60.3,19.0
36047,Kings County,36047042000,1789,0.7162,33.6,6.3,29.1,10.5,8.6,17.3,35.6,20.8,40.0,17.9
36047,Kings County,36047042100,4421,0.7772,27.9,11.0,34.7,19.1,16.3,6.7,15.4,10.9,59.8,7.9
36047,Kings County,36047042200,3465,0.8671,31.9,10.2,49.2,26.8,10.3,9.5,28.5,19.9,28.3,21.9
36047,Kings County,36047042300,4235,0.7409,23.6,5.4,34.8,20.9,24.7,9.4,11.2,7.5,57.2,3.5
36047,Kings County,36047042400,3946,0.9008,34.1,6.7,43.9,26.8,9.6,17.2,25.5,19.7,54.2,11.9
36047,Kings County,36047042500,3460,0.8067,31.9,10.1,35.0,15.7,10.7,3.8,28.5,17.6,70.8,2.3
36047,Kings County,36047042600,4981,0.8956,35.4,10.4,44.3,28.7,10.8,12.3,29.0,19.1,47.9,4.9
36047,Kings County,36047042700,4672,0.6297,27.7,10.2,31.3,21.8,15.6,6.1,13.8,5.2,69.6,19.5
36047,Kings County,36047042800,3928,0.8455,16.6,7.4,36.7,21.5,4.0,17.5,21.9,12.7,36.4,7.4
36047,Kings County,36047042900,5159,0.8728,40.5,7.2,50.2,28.3,15.1,6.3,20.0,20.1,87.5,9.4
36047,Kings County,36047043000,3944,0.8917,36.1,7.3,53.6,28.0,14.3,15.5,22.7,30.7,41.7,7.0
36047,Kings County,36047043100,4065,0.6354,26.7,5.2,36.2,17.4,18.7,5.3,12.7,10.6,74.9,3.8
36047,Kings County,36047043200,4350,0.817,27.8,9.6,36.1,29.2,8.8,14.0,19.5,29.6,49.9,10.3
36047,Kings County,36047043300,3455,0.8949,40.8,14.4,45.2,23.7,4.1,16.6,20.2,10.8,73.2,21.9
36047,Kings County,36047043400,3911,0.8901,41.2,8.6,43.3,22.6,6.5,16.6,28.5,24.4,43.9,6.1
36047,Kings County,36047043500,4992,0.7261,34.9,2.1,42.7,22.8,11.7,8.3,20.1,14.9,64.6,7.5
36047,Kings County,36047043600,4901,0.8141,25.2,3.5,40.7,29.5,17.0,13.4,17.6,19.2,34.5,9.7
36047,Kings County,36047043700,5263,0.7559,28.2,4.4,46.1,19.4,7.5,6.7,15.9,4.5,62.4,7.6
36047,Kings County,36047043800,2670,0.6879,29.8,2.3,45.8,14.6,2.4,14.7,32.4,22.2,43.8,19.4
36047,Kings County,36047043900,3390,0.8626,25.1,15.2,34.5,31.3,2.4,12.0,18.6,13.1,55.3,14.2
36047,Kings County,36047044000,2900,0.8588,32.7,7.9,38.5,19.4,5.8,12.2,37.2,16.6,43.3,15.1
36047,Kings County,36047044100,5391,0.7531,35.9,4.9,40.9,23.8,15.9,11.1,17.3,15.7,59.6,17.5
36047,Kings County,36047044200,2575,0.6461,26.7,6.4,40.6,7.1,1.8,22.6,33.9,6.1,28.3,14.8
36047,Kings County,36047044300,4470,0.5725,22.1,5.7,29.9,21.0,12.2,9.4,12.0,2.2,68.0,4.8
36047,Kings County,36047044400,3294,0.8381,32.5,12.6,40.8,26.7,7.9,12.7,27.1,19.5,53.5,12.0
36047,Kings County,36047044500,4335,0.7805,36.5,7.7,33.9,28.7,6.8,12.6,16.4,15.9,54.7,13.8
36047,Kings County,36047044600,1947,0.9122,24.4,8.2,41.0,26.4,10.7,7.9,24.6,12.9,36.5,6.9
36047,Kings County,36047044700,2594,0.8668,44.1,11.0,31.1,22.1,17.5,4.3,6.9,7.2,72.8,4.3
36047,Kings County,36047044800,1839,0.598,25.3,3.2,32.4,8.6,1.0,26.6,26.0,8.7,36.0,9.9
36047,Kings County,36047044901,3041,0.9253,47.5,10.4,25.7,27.4,11.9,7.5,25.6,2.5,71.3,12.2
36047,Kings County,36047044902,0,,,,,,,,,,,
36047,Kings County,36047045000,837,0.3037,34.6,8.0,22.7,6.9,0.0,8.0,46.1,16.3,25.8,9.9
36047,Kings County,36047045200,2781,0.586,29.8,2.6,39.7,8.4,1.9,17.3,40.4,10.2,29.3,17.1
36047,Kings County,36047045300,2253,0.8656,55.2,13.6,48.3,27.7,5.3,9.5,8.1,16.4,71.8,10.0
36047,Kings County,36047045400,1882,0.7807,26.6,0.6,37.4,22.5,10.9,19.5,34.6,28.0,35.2,30.6
36047,Kings County,36047045600,2207,0.831,18.5,1.4,30.8,30.8,10.6,17.6,23.4,22.4,56.0,20.5
36047,Kings County,36047045800,1036,0.1791,17.3,3.6,22.6,3.5,0.0,26.5,25.2,0.0,22.2,2.7
36047,Kings County,36047046000,3302,0.7845,24.9,5.5,37.9,12.0,3.5,16.1,28.1,13.7,47.5,10.3
36047,Kings County,36047046201,2448,0.8799,45.5,5.1,38.0,19.6,1.7,27.2,29.6,14.5,52.6,25.1
36047,Kings County,36047046202,1923,0.5005,31.4,4.0,40.0,6.5,8.1,11.6,33.7,17.5,22.3,11.4
36047,Kings County,36047046400,2726,0.5258,42.4,6.6,40.1,11.3,2.4,8.8,44.4,25.5,40.7,31.6
36047,Kings County,36047046800,2168,0.3771,53.7,0.0,57.6,9.6,1.7,14.9,47.2,17.1,54.8,51.8
36047,Kings County,36047047000,2662,0.62,41.0,6.9,44.5,13.2,2.0,12.3,44.9,19.4,27.4,33.8
36047,Kings County,36047047200,3185,0.7451,46.1,5.2,38.2,8.3,0.7,14.1,51.4,36.4,52.1,40.1
36047,Kings County,36047047400,2836,0.74,43.3,8.1,45.5,9.0,1.4,16.8,47.5,26.7,45.2,37.6
36047,Kings County,36047047600,3508,0.4341,26.8,1.2,32.3,12.8,2.3,12.3,51.4,33.0,49.3,46.5
36047,Kings County,36047047700,3950,0.2232,14.4,3.0,17.1,4.5,7.1,5.5,13.6,3.6,57.1,2.3
36047,Kings County,36047047800,4248,0.7919,40.2,8.0,53.5,20.5,5.6,9.5,38.6,12.0,52.2,48.5
36047,Kings County,36047048000,3345,0.9854,54.3,12.5,51.5,36.2,6.9,15.6,31.7,29.6,60.8,31.6
36047,Kings County,36047048100,3049,0.7141,32.6,5.0,27.9,24.7,8.7,12.3,16.3,4.9,62.9,15.4
36047,Kings County,36047048200,5856,0.886,32.9,6.4,45.6,15.4,7.0,19.8,18.3,13.4,55.9,17.4
36047,Kings County,36047048400,5554,0.6647,26.3,1.2,42.6,16.1,5.1,11.2,24.5,21.9,46.0,23.1
36047,Kings County,36047048500,2395,0.6778,26.2,8.2,34.2,10.1,11.0,5.8,8.2,16.3,61.9,4.8
36047,Kings County,36047048600,3223,0.8301,46.8,7.8,54.1,29.6,11.5,11.4,39.7,22.9,48.5,18.0
36047,Kings County,36047048800,4472,0.8133,22.5,6.7,41.0,9.9,2.1,11.2,26.1,18.3,51.6,15.0
36047,Kings County,36047048900,3465,0.9188,50.4,11.6,44.1,47.5,0.6,15.8,28.1,2.9,83.5,18.5
36047,Kings County,36047049000,5297,0.9036,27.2,8.9,34.5,10.3,2.3,11.2,27.5,22.7,63.9,4.9
36047,Kings County,36047049100,6905,0.8685,47.5,2.9,45.3,38.2,3.3,19.6,20.3,17.7,77.6,16.5
36047,Kings County,36047049200,3105,0.6392,30.5,4.9,34.5,13.4,2.6,12.7,23.3,1.1,39.9,9.1
36047,Kings County,36047049301,2377,0.9736,59.1,10.6,61.3,37.2,3.7,18.5,32.2,4.3,85.1,20.0
36047,Kings County,36047049302,5036,0.7499,39.3,2.4,47.3,18.0,5.3,15.4,14.2,3.9,71.3,12.7
36047,Kings County,36047049400,4939,0.5974,14.9,2.5,30.2,5.0,3.4,19.9,17.5,5.9,50.0,5.1
36047,Kings County,36047049500,2657,0.4893,31.8,5.8,30.7,4.3,12.6,2.3,10.6,1.3,82.5,2.3
36047,Kings County,36047049600,3801,0.8339,27.8,10.1,39.2,16.5,12.7,14.8,19.0,7.3,56.4,6.4
36047,Kings County,36047049700,3235,0.4288,17.0,5.9,29.0,7.4,3.1,6.4,11.8,12.4,51.7,11.8
36047,Kings County,36047049800,4051,0.6725,14.7,8.6,47.0,12.4,4.5,12.6,19.6,5.3,56.5,8.1
36047,Kings County,36047049900,2305,0.3488,10.7,3.4,30.4,7.9,3.1,6.1,18.5,3.7,51.7,4.6
36047,Kings County,36047050001,2150,0.6809,11.5,15.0,27.3,5.6,4.6,23.3,16.9,8.8,34.3,14.6
36047,Kings County,36047050002,1886,0.2357,2.5,1.8,16.6,9.0,2.3,12.9,26.9,7.5,58.7,10.0
36047,Kings County,36047050100,3092,0.5043,22.7,6.1,24.9,10.2,13.1,11.6,11.6,5.5,64.3,10.2
36047,Kings County,36047050202,2505,0.2979,9.9,3.3,21.6,2.7,0.6,22.8,16.9,1.0,38.2,18.7
36047,Kings County,36047050300,2745,0.176,12.0,4.1,15.6,4.1,7.7,3.5,9.7,4.2,73.8,7.4
36047,Kings County,36047050401,2988,0.4284,12.7,2.5,23.2,5.2,1.2,18.7,20.5,12.0,45.8,1.0
36047,Kings County,36047050402,1873,0.4463,11.6,2.8,21.8,16.3,1.3,19.2,15.2,1.1,68.2,9.6
36047,Kings County,36047050500,4336,0.8392,33.7,11.0,29.8,29.2,3.0,12.9,15.6,11.2,72.8,15.8
36047,Kings County,36047050600,5970,0.8377,26.7,7.5,43.2,26.3,8.9,15.6,17.4,18.2,65.7,11.2
36047,Kings County,36047050700,3899,0.8236,53.7,14.9,57.9,21.7,2.5,1.5,61.8,45.5,58.2,40.5
36047,Kings County,36047050801,3919,0.8352,28.2,4.4,41.3,11.6,12.4,13.2,19.7,16.6,72.4,26.8
36047,Kings County,36047050803,2880,0.8046,32.8,5.4,34.2,8.9,11.2,12.3,13.3,9.2,74.6,16.9
36047,Kings County,36047050804,6408,0.6195,13.6,3.5,28.5,9.9,7.2,12.7,19.2,6.0,63.1,5.9
36047,Kings County,36047050900,5532,0.5989,76.2,3.3,64.2,39.8,0.2,1.5,63.9,49.7,49.2,47.9
36047,Kings County,36047051001,4987,0.9325,46.6,6.0,47.9,19.6,17.3,11.7,28.2,12.9,79.6,15.8
36047,Kings County,36047051002,4351,0.8232,33.1,6.1,49.1,17.4,7.6,14.0,20.2,14.4,73.1,15.7
36047,Kings County,36047051100,4064,0.7822,36.8,6.9,38.9,19.6,3.9,18.3,7.9,7.5,67.3,14.0
36047,Kings County,36047051200,6576,0.6573,19.6,2.9,38.7,15.2,8.6,10.0,15.6,8.3,64.5,7.9
36047,Kings County,36047051300,5570,0.6875,26.3,11.0,22.3,9.7,10.1,8.9,13.0,3.6,72.6,1.7
36047,Kings County,36047051400,7496,0.7941,25.7,5.0,29.9,16.6,12.8,11.3,19.6,14.1,60.3,12.8
36047,Kings County,36047051500,2805,0.1129,10.7,2.4,15.9,2.8,2.9,2.3,13.5,1.8,64.5,3.8
36047,Kings County,36047051601,5087,0.8573,28.9,7.6,51.1,16.1,6.5,11.0,23.0,12.6,59.0,19.6
36047,Kings County,36047051602,3829,0.8249,21.5,5.7,48.5,7.3,12.4,15.4,18.3,7.1,66.2,22.7
36047,Kings County,36047051700,2791,0.1724,11.3,4.2,15.7,6.3,6.3,4.0,15.5,3.4,63.8,5.2
36047,Kings County,36047051800,3368,0.5493,12.9,4.3,26.4,8.5,5.1,18.4,15.3,3.0,61.0,5.1
36047,Kings County,36047051900,5155,0.1087,9.6,5.3,21.0,1.1,2.7,4.0,5.0,1.0,66.9,5.4
36047,Kings County,36047052000,3598,0.6293,22.6,7.5,26.6,20.8,3.8,18.3,17.2,16.7,48.3,10.6
36047,Kings County,36047052300,5236,0.8918,27.4,11.1,30.5,18.1,9.9,13.3,10.4,2.8,79.8,4.3
36047,Kings County,36047052500,3412,0.8012,45.2,10.2,43.0,20.8,1.4,12.5,30.5,7.7,70.2,45.7
36047,Kings County,36047052600,4134,0.7506,21.2,12.7,35.2,12.1,3.2,12.9,22.9,6.7,54.6,10.6
36047,Kings County,36047052700,6518,0.8388,28.6,9.9,27.5,27.8,6.0,10.8,20.0,9.2,76.0,10.2
36047,Kings County,36047052800,1858,0.6662,11.2,6.4,22.4,14.6,2.1,20.7,20.6,8.3,31.7,9.1
36047,Kings County,36047052900,3026,0.8069,60.7,3.3,58.1,37.0,6.0,8.5,25.5,17.0,65.8,68.0
36047,Kings County,36047053000,3787,0.8365,48.7,4.7,43.6,15.6,3.1,13.5,24.3,19.7,43.2,28.8
36047,Kings County,36047053101,2137,0.4649,63.1,1.8,59.5,14.9,0.0,5.8,47.2,15.4,73.3,71.9
36047,Kings County,36047053102,5991,0.7493,44.7,9.8,51.1,22.8,7.0,1.2,55.4,39.6,51.5,61.5
36047,Kings County,36047053200,2598,0.6887,26.0,5.2,30.6,17.1,5.1,18.2,26.5,9.2,44.3,8.1
36047,Kings County,36047053300,6540,0.7185,58.6,3.6,56.3,22.9,5.7,10.2,50.9,24.2,77.2,72.6
36047,Kings County,36047053400,4827,0.9211,34.2,3.5,47.3,29.8,8.0,16.0,33.3,25.8,48.6,20.6
36047,Kings County,36047053500,4334,0.6267,69.6,4.7,69.5,39.4,1.2,5.0,53.7,29.6,76.5,70.5
36047,Kings County,36047053700,4289,0.781,64.4,12.0,66.5,32.8,2.5,9.2,56.0,31.7,51.7,61.4
36047,Kings County,36047053800,5995,0.854,18.3,7.1,44.6,12.5,7.5,15.3,28.2,17.0,51.0,9.6
36047,Kings County,36047053900,2810,0.8183,65.6,4.9,66.3,38.0,1.6,18.8,40.4,12.4,62.3,51.6
36047,Kings County,36047054200,3872,0.9544,27.0,9.0,33.6,19.5,15.3,25.3,20.9,9.1,48.8,17.8
36047,Kings County,36047054300,0,,,,,,,,,,,
36047,Kings County,36047054400,3975,0.6244,20.7,3.6,41.4,9.0,4.1,18.9,30.5,18.7,29.3,14.1
36047,Kings County,36047054500,7806,0.8888,67.1,17.7,36.3,33.4,1.9,14.6,36.7,9.9,67.3,47.8
36047,Kings County,36047054600,5348,0.9671,34.8,6.3,54.2,13.5,9.9,15.9,24.7,18.6,62.0,16.6
36047,Kings County,36047054700,7650,0.6504,37.7,4.1,33.4,16.1,2.2,4.4,40.6,17.6,64.8,21.7
36047,Kings County,36047054800,2191,0.758,25.5,11.0,41.2,5.6,0.7,19.0,34.6,8.6,34.6,18.9
36047,Kings County,36047054900,4781,0.537,29.8,3.5,22.5,6.9,3.4,2.1,24.8,12.4,62.5,8.4
36047,Kings County,36047055000,3646,0.889,28.8,6.7,49.2,16.0,8.5,20.4,25.2,20.4,46.1,19.4
36047,Kings County,36047055100,5936,0.6394,18.7,8.1,22.8,15.8,4.8,11.5,14.0,7.5,66.0,5.5
36047,Kings County,36047055200,3645,0.7299,22.5,3.4,26.8,11.3,6.2,25.3,18.8,18.1,63.3,27.4
36047,Kings County,36047055300,3116,0.2815,23.0,4.8,20.1,4.4,2.4,9.1,6.4,2.2,67.1,7.7
36047,Kings County,36047055400,4058,0.7027,25.1,2.3,48.4,11.2,8.8,16.4,17.8,12.5,54.1,13.6
36047,Kings County,36047055500,9578,0.1627,6.1,4.1,13.8,4.3,3.5,2.4,15.3,4.5,57.9,1.2
36047,Kings County,36047055600,3498,0.705,42.0,2.6,44.7,6.7,5.9,20.3,22.5,13.0,46.2,7.7
36047,Kings County,36047055700,1763,0.0802,6.0,3.6,13.4,1.9,2.0,2.8,10.0,6.4,72.1,0.0
36047,Kings County,36047055800,2438,0.6417,23.3,3.5,34.8,10.2,1.8,20.7,23.4,18.1,53.6,15.2
36047,Kings County,36047056000,3623,0.8506,23.8,8.8,31.5,11.0,5.6,26.7,23.2,8.3,43.3,17.2
36047,Kings County,36047056100,3646,0.2653,12.4,5.7,17.1,3.7,6.0,10.1,9.2,4.7,56.5,8.2
36047,Kings County,36047056200,1904,0.2136,10.1,5.2,28.3,10.7,0.9,20.3,32.8,2.9,13.8,2.4
36047,Kings County,36047056301,4454,0.5107,14.7,8.4,16.0,12.1,3.6,10.4,14.2,7.4,49.9,4.8
36047,Kings County,36047056302,1791,0.6763,12.6,11.6,25.5,7.4,6.8,4.9,20.7,4.6,69.0,0.0
36047,Kings County,36047056400,2573,0.5085,21.0,4.4,28.4,9.6,3.7,27.4,23.0,4.5,21.4,12.0
36047,Kings County,36047056500,3332,0.2733,12.0,3.1,28.9,8.1,8.7,13.6,8.7,1.7,72.2,13.6
36047,Kings County,36047056600,2430,0.7538,28.1,6.0,30.5,10.1,5.3,18.9,15.3,6.1,32.9,10.2
36047,Kings County,36047056800,1428,0.5337,24.6,4.7,30.7,16.5,0.4,20.2,25.2,7.8,21.3,2.4
36047,Kings County,36047056900,1796,0.2391,4.3,4.7,14.2,7.5,3.1,15.1,12.4,3.6,57.9,6.3
36047,Kings County,36047057000,3696,0.578,11.4,2.2,15.3,16.3,1.2,33.6,14.8,4.9,40.4,5.6
36047,Kings County,36047057100,4014,0.2581,9.7,6.3,22.2,7.6,3.5,10.0,12.9,3.4,73.8,5.3
36047,Kings County,36047057200,5520,0.9373,41.7,9.3,42.7,21.8,4.8,16.7,29.3,10.8,67.4,20.2
36047,Kings County,36047057300,2378,0.2935,13.9,8.1,21.8,4.9,9.7,13.7,9.2,1.4,58.8,4.5
36047,Kings County,36047057400,2653,0.5463,20.2,5.1,22.6,21.9,7.0,24.6,13.1,6.6,23.9,5.2
36047,Kings County,36047057500,5148,0.4839,18.2,9.9,23.2,7.5,14.4,5.0,12.3,7.0,58.4,4.1
36047,Kings County,36047057600,2905,0.7058,20.7,4.3,40.1,20.6,6.2,17.6,18.0,13.3,45.1,11.9
36047,Kings County,36047057800,3066,0.7563,32.6,4.4,46.3,15.0,7.7,23.3,14.6,25.4,46.3,11.6
36047,Kings County,36047057901,1277,0.6048,30.0,5.9,17.6,12.2,6.7,11.4,4.9,4.1,70.6,7.9
36047,Kings County,36047057902,0,,,,,,,,,,,
36047,Kings County,36047058000,3655,0.8139,36.9,2.1,56.4,13.7,12.7,15.4,19.5,30.9,51.8,14.3
36047,Kings County,36047058200,2340,0.6584,13.6,5.4,40.2,11.7,7.9,15.6,20.2,6.0,57.5,15.3
36047,Kings County,36047058400,3526,0.708,15.1,10.7,35.6,8.9,4.6,14.6,24.1,25.9,47.8,14.4
36047,Kings County,36047058600,2455,0.8166,27.2,4.1,29.2,25.7,9.2,19.3,19.0,15.4,27.7,10.3
36047,Kings County,36047058800,3445,0.7324,19.3,8.3,24.3,11.7,4.4,24.8,11.9,17.9,41.2,11.7
36047,Kings County,36047058901,1772,0.2368,9.4,8.2,26.2,5.0,3.8,14.2,16.1,0.0,48.4,8.3
36047,Kings County,36047058902,0,,,,,,,,,,,
36047,Kings County,36047059000,1915,0.7873,29.8,4.4,32.5,29.2,16.0,19.7,16.2,11.5,59.3,4.1
36047,Kings County,36047059100,3987,0.237,8.2,10.7,23.5,2.6,11.7,10.7,13.1,1.8,47.9,5.0
36047,Kings County,36047059200,3910,0.6269,24.1,1.3,43.9,3.6,4.8,23.5,19.0,10.5,49.6,15.2
36047,Kings County,36047059300,2360,0.2629,10.7,5.7,19.2,8.1,4.8,9.7,20.0,5.1,51.1,4.3
36047,Kings County,36047059402,5617,0.5583,12.1,3.9,41.5,12.4,2.5,26.1,22.0,10.9,24.0,5.7
36047,Kings County,36047059403,3066,0.7799,20.6,5.9,35.4,17.4,5.1,20.0,24.3,10.1,49.2,10.4
36047,Kings County,36047059404,4487,0.7432,19.2,5.0,31.9,13.0,15.4,16.7,17.7,18.4,45.5,1.9
36047,Kings County,36047059600,2344,0.667,22.7,2.3,23.9,20.7,12.0,28.4,13.8,5.7,37.9,19.1
36047,Kings County,36047059800,3402,0.6592,25.1,6.0,27.1,11.6,5.1,20.4,20.7,4.5,37.9,3.3
36047,Kings County,36047060000,6509,0.6774,17.8,7.7,31.5,6.8,4.7,23.2,14.9,5.7,29.6,5.5
36047,Kings County,36047060600,2721,0.6309,9.4,1.8,33.9,6.7,3.5,24.3,16.3,12.7,43.0,16.3
36047,Kings County,36047060800,3930,0.7795,24.2,4.8,46.1,3.9,9.0,24.5,14.5,9.0,34.7,7.7
36047,Kings County,36047061002,5248,0.698,25.5,2.5,37.0,5.0,9.6,34.5,13.5,9.4,46.5,15.0
36047,Kings County,36047061003,1744,0.8806,47.9,3.8,40.7,17.9,13.5,15.1,24.6,29.6,57.2,20.2
36047,Kings County,36047061004,5636,0.8132,32.4,1.6,54.9,12.7,5.7,28.1,17.3,24.7,71.4,22.3
36047,Kings County,36047061200,1065,0.3716,7.2,3.1,25.4,5.3,2.0,31.6,12.3,6.9,15.5,8.8
36047,Kings County,36047061600,1556,0.2741,2.2,8.2,17.5,8.9,0.2,51.6,10.0,1.7,18.9,13.3
36047,Kings County,36047062000,1707,0.4752,14.0,15.8,30.4,6.2,4.2,19.3,23.5,1.7,18.2,12.7
36047,Kings County,36047062200,3003,0.8991,33.5,5.7,35.8,10.4,7.9,26.8,19.5,14.3,37.0,21.8
36047,Kings County,36047062600,3200,0.6166,17.2,3.8,30.0,10.8,1.1,22.5,20.1,16.1,27.0,9.3
36047,Kings County,36047062800,4808,0.249,8.9,1.9,23.5,10.0,1.9,18.1,24.7,3.5,11.8,14.2
36047,Kings County,36047063200,1491,0.4467,10.7,2.2,20.6,8.4,1.9,26.9,13.8,3.4,15.5,13.3
36047,Kings County,36047063600,1205,0.2374,9.5,2.5,19.9,17.1,1.2,16.8,26.5,8.9,19.9,15.6
36047,Kings County,36047063800,2055,0.4364,9.9,5.4,38.7,6.4,2.7,13.4,24.4,8.8,19.2,5.6
36047,Kings County,36047064000,1708,0.042,5.7,2.2,14.2,2.9,2.7,14.9,29.7,2.5,9.0,7.9
36047,Kings County,36047064200,2511,0.7719,27.2,8.4,36.0,6.7,2.7,21.7,27.4,13.6,37.6,15.3
36047,Kings County,36047064400,2601,0.4296,31.0,1.5,40.7,11.1,2.0,11.3,34.3,7.8,28.9,5.1
36047,Kings County,36047064600,2231,0.2999,9.1,1.5,16.0,11.8,2.6,20.1,33.6,11.1,14.2,0.0
36047,Kings County,36047064800,2079,0.3841,12.4,3.6,19.0,5.4,0.8,24.2,24.6,3.4,16.7,9.1
36047,Kings County,36047065000,1362,0.7246,10.8,10.3,22.5,11.4,2.4,19.5,16.9,2.4,33.6,19.2
36047,Kings County,36047065200,1212,0.1294,2.4,8.8,27.7,12.0,1.9,32.0,15.6,0.0,11.6,13.4
36047,Kings County,36047065400,1818,0.4767,9.3,4.0,20.7,19.2,1.4,26.6,26.2,2.5,3.9,10.7
36047,Kings County,36047065600,1784,0.0612,3.4,0.8,5.8,3.3,2.2,15.6,22.1,0.0,20.1,1.5
36047,Kings County,36047065800,1737,0.4442,18.8,4.2,33.4,13.8,1.2,21.4,24.9,7.0,15.9,4.8
36047,Kings County,36047066000,1978,0.238,10.3,4.0,22.4,8.8,6.1,16.2,21.6,2.7,18.4,10.3
36047,Kings County,36047066200,1347,0.5902,16.8,4.8,42.5,27.1,5.7,29.5,14.8,3.4,21.4,4.7
36047,Kings County,36047066600,0,,,,,,,,,,,
36047,Kings County,36047067000,2707,0.3342,13.1,5.0,32.2,13.5,3.2,19.8,17.5,0.0,31.4,13.9
36047,Kings County,36047067200,1566,0.3969,15.3,7.8,29.4,12.3,3.1,17.1,17.6,8.4,29.6,7.9
36047,Kings County,36047067400,1993,0.6138,7.8,9.7,25.9,16.9,2.6,14.0,24.4,6.9,16.2,8.0
36047,Kings County,36047067600,2045,0.5828,23.3,5.2,33.1,5.6,4.7,14.7,28.6,10.4,16.7,5.6
36047,Kings County,36047067800,3034,0.5765,14.6,6.7,22.1,17.1,8.4,16.4,17.8,11.5,20.4,5.0
36047,Kings County,36047068000,1864,0.6611,13.7,9.9,37.3,6.9,9.0,13.1,23.7,3.8,35.5,10.4
36047,Kings County,36047068200,2517,0.3269,8.0,5.0,28.7,16.7,4.9,25.5,14.7,1.0,29.6,12.2
36047,Kings County,36047068600,1734,0.4596,11.0,7.0,35.7,3.4,7.3,15.5,21.1,2.9,32.9,7.7
36047,Kings County,36047068800,1817,0.4402,7.7,1.1,26.6,12.0,1.2,20.6,19.8,9.0,27.1,16.5
36047,Kings County,36047069000,1737,0.6088,9.0,6.6,21.9,17.2,11.2,18.4,17.8,14.1,29.8,9.2
36047,Kings County,36047069200,2226,0.3421,6.3,6.9,28.9,4.3,6.0,19.3,18.8,1.8,26.1,9.7
36047,Kings County,36047069601,3430,0.4594,11.1,4.6,42.3,9.3,4.7,16.7,20.3,3.4,24.3,14.8
36047,Kings County,36047069602,5220,0.6082,18.9,0.9,32.2,10.4,7.1,23.2,15.7,2.5,20.1,8.0
36047,Kings County,36047069800,1548,0.6554,13.3,3.8,17.7,18.5,3.2,18.6,30.4,9.6,6.5,9.1
36047,Kings County,36047070000,1427,0.4811,7.1,0.0,34.6,5.5,9.9,21.1,17.1,1.6,22.9,6.1
36047,Kings County,36047070201,6460,0.38,16.7,4.1,20.8,8.8,2.2,27.0,25.1,3.9,7.3,7.4
36047,Kings County,36047070202,14,0.0004,0.0,0.0,0.0,0.0,0.0,0.0,0.0,0.0,0.0,0.0
36047,Kings County,36047070203,0,,,,,,,,,,,
36047,Kings County,36047070601,2748,0.0635,6.0,3.7,31.2,5.1,0.0,23.5,25.0,0.0,8.6,0.0
36047,Kings County,36047070602,0,,,,,,,,,,,
36047,Kings County,36047072000,2042,0.7316,25.1,5.6,47.9,12.7,4.8,14.4,25.8,6.8,33.5,12.7
36047,Kings County,36047072200,2396,0.5662,17.8,7.4,53.2,11.4,2.4,23.9,11.8,5.5,24.6,9.2
36047,Kings County,36047072400,1954,0.5191,20.4,0.6,30.2,12.4,0.7,26.8,14.3,4.1,33.9,12.3
36047,Kings County,36047072600,2550,0.7364,17.6,8.9,36.6,10.1,2.7,15.8,14.1,4.7,19.9,2.3
36047,Kings County,36047072800,3899,0.6909,19.4,5.9,34.7,16.3,4.8,24.6,22.0,3.2,35.4,13.7
36047,Kings County,36047073000,2675,0.536,5.3,7.3,15.3,6.1,5.0,17.9,15.8,5.3,33.7,10.9
36047,Kings County,36047073200,2163,0.6757,23.8,5.4,33.9,11.0,3.6,19.4,25.4,11.1,15.9,13.3
36047,Kings County,36047073400,1390,0.4229,3.6,4.4,23.8,20.1,5.5,28.3,12.6,0.0,31.9,16.8
36047,Kings County,36047073600,2927,0.7103,19.3,6.6,39.7,13.5,7.3,16.6,15.6,13.5,36.6,3.2
36047,Kings County,36047073800,3383,0.9259,16.6,7.4,49.6,13.9,4.2,20.3,22.3,20.6,44.3,9.6
36047,Kings County,36047074000,3979,0.79,22.7,11.2,42.8,11.9,6.9,13.0,27.6,32.2,35.4,7.5
36047,Kings County,36047074200,3075,0.8595,23.9,11.2,38.5,17.5,5.3,15.0,26.8,11.7,43.0,14.3
36047,Kings County,36047074400,3152,0.5434,21.7,14.2,23.5,10.9,3.0,8.0,44.4,25.7,13.0,12.2
36047,Kings County,36047074600,2328,0.5231,8.3,4.0,36.8,6.1,3.0,16.0,36.8,13.3,33.8,19.8
36047,Kings County,36047074800,1730,0.5832,14.4,3.4,37.9,12.9,12.5,20.0,34.3,5.4,27.9,21.9
36047,Kings County,36047075000,2917,0.4033,6.7,6.2,27.0,1.3,1.2,14.0,30.9,5.1,39.4,7.3
36047,Kings County,36047075200,1248,0.0399,0.0,2.8,8.5,5.5,0.0,17.1,41.3,5.3,0.0,2.5
36047,Kings County,36047075400,1180,0.2258,7.6,0.8,20.7,5.1,1.8,31.6,22.1,0.0,11.1,18.9
36047,Kings County,36047075600,1999,0.3898,10.2,4.8,20.3,0.4,8.2,21.1,27.3,3.0,11.0,8.5
36047,Kings County,36047075800,1454,0.679,33.6,1.7,41.7,18.4,2.8,40.0,20.0,4.2,40.8,8.8
36047,Kings County,36047076000,2951,0.8603,26.2,9.2,55.5,17.2,5.7,21.6,22.1,11.0,48.2,9.7
36047,Kings County,36047076200,4269,0.9513,39.7,6.3,43.1,21.7,10.0,11.9,25.5,25.2,52.9,18.5
36047,Kings County,36047076400,4311,0.9002,21.3,5.2,34.0,18.2,20.5,14.5,24.8,11.0,58.3,11.4
36047,Kings County,36047076600,2150,0.8493,18.9,9.4,41.9,15.8,4.3,15.2,15.6,12.1,60.7,9.4
36047,Kings County,36047076800,3992,0.7175,25.4,5.3,45.5,8.5,3.6,13.1,29.1,13.8,35.9,28.8
36047,Kings County,36047077000,2698,0.54,10.4,3.3,28.5,2.9,2.2,11.2,22.2,5.5,45.7,5.3
36047,Kings County,36047077200,3297,0.797,22.3,5.7,37.3,14.2,6.2,19.1,18.7,10.6,41.5,8.5
36047,Kings County,36047077400,3392,0.6136,8.6,4.3,31.8,12.1,5.4,10.3,22.5,9.8,58.0,11.9
36047,Kings County,36047077600,3664,0.6714,20.7,4.9,38.7,10.0,1.7,31.2,9.6,4.1,47.8,8.9
36047,Kings County,36047078000,2194,0.5453,5.7,9.7,22.5,6.0,1.6,24.0,19.2,6.8,12.9,7.2
36047,Kings County,36047078200,4087,0.8873,19.7,16.9,35.8,10.6,5.6,22.2,16.7,4.5,50.6,13.3
36047,Kings County,36047078400,2590,0.7181,10.5,13.5,25.2,15.3,7.8,20.0,14.9,5.5,34.3,7.9
36047,Kings County,36047078601,2543,0.614,19.0,5.1,34.1,12.0,5.9,16.2,14.8,11.0,68.8,15.7
36047,Kings County,36047078602,2232,0.8609,26.3,9.6,48.5,4.8,7.8,16.3,19.4,13.5,58.9,13.1
36047,Kings County,36047078801,2125,0.7337,18.3,7.1,53.0,15.0,16.3,10.4,20.1,8.7,53.4,5.6
36047,Kings County,36047078802,1794,0.781,28.9,0.9,49.9,20.7,8.1,5.5,19.6,37.8,64.4,8.5
36047,Kings County,36047079001,1881,0.7546,8.1,11.1,24.9,21.8,6.5,11.0,26.0,13.9,48.1,16.2
36047,Kings County,36047079002,2793,0.8449,22.6,7.1,42.6,14.2,13.4,15.6,20.0,3.7,57.2,17.5
36047,Kings County,36047079201,1376,0.6841,24.8,6.2,37.9,5.5,3.4,13.4,19.7,11.5,60.6,20.6
36047,Kings County,36047079202,2351,0.9084,35.2,13.4,30.1,12.3,9.0,10.2,23.4,15.1,59.0,26.7
36047,Kings County,36047079400,2245,0.8394,43.2,11.6,24.9,18.9,4.1,10.9,24.2,10.6,60.2,13.9
36047,Kings County,36047079601,3464,0.7502,22.4,4.3,46.8,13.5,5.9,17.0,11.3,5.5,75.1,13.8
36047,Kings County,36047079602,5805,0.6535,19.9,2.8,38.5,9.3,9.7,10.7,18.8,12.8,69.2,13.1
36047,Kings County,36047079801,3238,0.5681,22.1,13.6,43.2,4.7,7.7,13.9,23.6,6.5,67.4,10.3
36047,Kings County,36047079802,4962,0.5997,24.4,5.0,32.7,10.0,9.4,10.9,10.7,5.2,75.0,9.2
36047,Kings County,36047080000,3571,0.5318,15.8,8.2,28.6,10.8,6.8,20.1,12.6,0.0,47.7,13.4
36047,Kings County,36047080200,4336,0.5986,12.3,3.9,34.5,15.2,9.3,16.1,13.0,4.5,56.1,11.5
36047,Kings County,36047080400,3363,0.6117,18.4,4.0,38.6,11.3,5.7,20.6,13.3,2.5,66.3,13.4
36047,Kings County,36047080600,3591,0.6516,26.0,5.5,40.0,8.9,6.4,13.3,20.0,6.6,60.1,4.7
36047,Kings County,36047080800,2046,0.9833,71.3,29.6,64.4,22.9,13.6,27.3,11.6,1.3,87.2,22.9
36047,Kings County,36047081000,2484,0.6928,23.4,7.1,31.9,4.4,6.2,9.6,22.2,11.3,47.7,10.4
36047,Kings County,36047081400,2556,0.7791,16.1,6.1,46.3,19.7,2.4,25.2,14.1,6.0,52.7,12.2
36047,Kings County,36047081600,2969,0.6752,14.9,3.0,32.4,14.0,6.8,15.2,16.7,9.3,54.3,13.2
36047,Kings County,36047081800,4190,0.831,23.2,9.8,45.4,8.1,5.1,13.2,15.7,7.4,76.1,13.7
36047,Kings County,36047082000,5429,0.8512,31.6,5.2,45.5,22.2,7.1,12.3,14.5,5.6,75.5,32.1
36047,Kings County,36047082200,7977,0.8189,18.9,7.2,39.4,12.0,7.8,15.2,16.5,13.1,75.6,17.3
36047,Kings County,36047082400,5355,0.7483,19.7,7.4,50.2,12.5,14.3,13.1,17.8,9.5,66.4,14.7
36047,Kings County,36047082600,4529,0.6567,19.3,11.0,39.1,8.6,3.3,17.5,17.9,10.3,60.7,10.9
36047,Kings County,36047082800,3790,0.7031,15.5,0.6,39.2,14.0,9.2,11.7,14.4,7.2,56.4,11.7
36047,Kings County,36047083000,6329,0.8761,28.8,6.0,49.6,22.0,9.1,13.7,18.2,15.6,52.4,7.2
36047,Kings County,36047083200,2237,0.433,12.9,0.0,27.3,6.0,2.5,22.2,22.2,1.7,27.5,6.2
36047,Kings County,36047083400,1694,0.6949,14.7,11.9,25.4,11.9,8.9,22.9,16.7,4.3,20.8,7.7
36047,Kings County,36047083600,1994,0.4891,9.2,10.1,26.3,8.0,9.2,18.2,22.5,10.0,23.4,5.0
36047,Kings County,36047083800,2020,0.5526,23.9,7.1,38.8,12.1,4.2,29.0,16.0,0.7,35.8,8.6
36047,Kings County,36047084000,2524,0.7748,10.0,13.6,34.1,12.3,1.4,24.8,24.9,6.1,42.0,15.5
36047,Kings County,36047084600,1903,0.6852,10.2,7.2,49.3,5.6,8.3,19.8,19.2,4.1,46.3,10.4
36047,Kings County,36047084800,1619,0.6478,15.2,12.2,23.7,5.8,5.4,26.0,13.0,1.3,40.1,3.8
36047,Kings County,36047085000,1594,0.4915,5.6,12.5,24.4,11.5,7.0,22.6,13.3,6.8,14.3,12.8
36047,Kings County,36047085200,22,0.0059,0.0,0.0,0.0,0.0,18.2,0.0,45.5,0.0,0.0,0.0
36047,Kings County,36047085400,2088,0.7149,23.8,3.9,48.2,11.0,2.5,26.5,16.8,11.7,51.5,5.7
36047,Kings County,36047085600,3649,0.6427,21.2,6.2,37.1,5.9,6.6,12.7,23.6,2.9,53.4,7.7
36047,Kings County,36047085800,1896,0.7272,17.6,20.0,48.1,5.2,6.3,24.8,19.4,8.2,55.1,14.9
36047,Kings County,36047086000,3101,0.7729,17.0,4.3,46.6,18.9,11.1,11.5,19.8,3.4,54.3,16.1
36047,Kings County,36047086200,3112,0.7044,21.5,6.8,43.7,18.8,3.0,16.3,14.9,11.0,44.9,20.2
36047,Kings County,36047086400,2544,0.6254,23.4,5.3,49.4,13.6,5.8,18.2,15.6,3.5,54.6,7.1
36047,Kings County,36047086600,3099,0.8156,20.9,8.8,42.9,16.0,9.0,16.5,18.7,9.9,42.8,16.3
36047,Kings County,36047086800,3097,0.751,23.5,5.2,50.3,14.6,8.6,16.5,22.2,6.4,62.9,18.5
36047,Kings County,36047087000,3327,0.8124,32.8,4.7,46.2,12.9,5.7,16.6,23.7,7.8,48.5,16.7
36047,Kings County,36047087200,3341,0.7385,20.8,4.9,41.2,9.4,5.9,12.0,24.7,12.9,36.0,7.4
36047,Kings County,36047087401,3848,0.8238,45.8,4.9,42.9,19.3,3.5,16.9,29.1,8.8,74.2,20.5
36047,Kings County,36047087600,1865,0.8145,34.2,4.0,56.5,7.8,2.7,14.6,25.5,12.3,56.3,20.5
36047,Kings County,36047087800,2753,0.8285,27.5,8.8,41.4,9.7,5.1,26.4,12.2,7.4,64.7,7.6
36047,Kings County,36047088001,1899,0.721,13.3,1.1,30.4,5.1,3.6,27.3,16.4,7.8,47.0,15.1
36047,Kings County,36047088002,1141,0.5877,18.6,2.4,41.9,7.6,10.3,15.9,27.6,13.4,32.8,0.0
36047,Kings County,36047088200,6314,0.8578,26.5,5.4,57.5,18.8,3.8,14.6,30.9,5.8,66.7,18.5
36047,Kings County,36047088400,5218,0.9192,34.1,18.5,59.5,19.6,9.4,14.0,26.3,24.0,65.0,17.8
36047,Kings County,36047088600,4034,0.881,30.6,9.2,52.4,17.1,7.0,17.1,17.7,4.7,57.6,9.5
36047,Kings County,36047088800,4333,0.8922,39.0,6.3,45.4,22.9,16.0,18.1,20.6,9.8,69.4,24.3
36047,Kings County,36047089000,7269,0.9321,23.4,10.0,50.2,20.6,14.2,13.2,21.0,8.0,69.3,7.9
36047,Kings County,36047089200,2943,0.9124,59.0,39.8,61.1,18.4,2.8,20.8,9.5,1.5,87.9,30.4
36047,Kings County,36047089400,3412,0.9456,44.0,18.8,47.6,16.0,12.3,12.4,25.9,14.3,49.2,14.7
36047,Kings County,36047089600,3615,0.8994,55.0,6.0,53.9,30.6,5.6,9.5,18.0,8.0,71.2,32.0
36047,Kings County,36047089800,2238,0.5799,24.0,6.3,33.5,12.7,4.8,8.1,21.0,3.7,67.2,17.6
36047,Kings County,36047090000,4584,0.9312,48.6,26.8,57.8,22.2,4.0,12.2,22.9,7.4,64.7,18.2
36047,Kings County,36047090200,4303,0.9538,51.9,13.9,48.5,23.1,9.4,12.7,20.1,5.4,73.4,22.8
36047,Kings County,36047090600,3952,0.9534,66.3,23.4,55.1,26.8,5.0,7.8,33.0,2.4,86.4,18.4
36047,Kings County,36047090800,6090,0.9031,70.8,17.6,49.3,36.8,7.7,6.3,9.7,0.8,76.8,15.1
36047,Kings County,36047091000,5392,0.9989,69.5,18.5,63.0,48.2,5.3,20.8,32.8,6.3,86.6,22.3
36047,Kings County,36047091200,6377,0.9405,55.0,13.9,44.3,30.0,12.7,8.7,24.9,4.5,72.9,26.3
36047,Kings County,36047091600,4013,0.9603,38.2,16.9,57.5,19.6,4.8,17.6,24.9,10.7,71.7,25.5
36047,Kings County,36047091800,2452,0.9063,37.9,11.3,40.9,22.9,0.6,17.2,19.2,4.5,64.0,28.6
36047,Kings County,36047092000,2440,0.7824,32.5,6.9,57.7,14.9,1.1,28.2,27.1,0.0,62.4,16.7
36047,Kings County,36047092200,3068,0.6402,14.8,2.2,55.9,10.1,4.8,17.9,16.0,8.2,58.0,15.0
36047,Kings County,36047092400,2593,0.9243,53.0,15.8,55.6,9.4,4.0,10.2,34.0,8.9,72.4,17.7
36047,Kings County,36047092800,2533,0.3971,9.4,1.2,29.4,9.6,4.3,21.9,9.0,0.0,31.5,13.2
36047,Kings County,36047093000,3055,0.6453,13.9,4.0,31.9,12.1,9.5,21.4,21.0,11.2,29.8,14.6
36047,Kings County,36047093200,1576,0.3625,27.3,8.3,31.0,5.1,1.0,36.5,6.0,0.0,56.2,8.2
36047,Kings County,36047093400,2761,0.5379,11.6,5.6,30.5,13.1,3.4,21.4,19.3,6.2,29.7,18.0
36047,Kings County,36047093600,1555,0.6753,21.1,7.3,42.5,21.7,1.7,28.6,15.4,1.5,39.5,15.9
36047,Kings County,36047093800,2641,0.6727,11.6,6.1,32.7,15.0,10.1,18.3,15.3,5.6,44.2,7.0
36047,Kings County,36047094401,2891,0.6265,26.3,4.4,39.5,8.6,4.2,24.6,12.8,5.3,33.4,6.0
36047,Kings County,36047094402,3197,0.9251,65.6,19.4,44.2,20.3,5.3,13.8,33.1,5.4,77.7,15.0
36047,Kings County,36047094600,2149,0.3786,4.1,6.7,30.7,5.0,0.3,26.2,20.0,3.9,23.7,3.7
36047,Kings County,36047095000,3092,0.7383,9.3,8.8,28.4,13.1,4.9,27.4,13.5,10.3,39.5,9.7
36047,Kings County,36047095400,4431,0.3948,17.5,4.1,30.9,10.6,3.6,17.6,15.3,0.5,40.1,9.9
36047,Kings County,36047095600,4386,0.4172,15.0,5.2,28.2,10.3,7.7,16.0,14.0,2.5,29.0,3.6
36047,Kings County,36047095800,3337,0.6305,25.1,1.1,49.1,11.6,4.6,16.8,20.0,7.6,26.6,10.3
36047,Kings County,36047096000,0,,,,,,,,,,,
36047,Kings County,36047096200,1557,0.567,12.5,0.6,37.0,5.5,13.2,8.3,28.5,22.3,19.0,15.3
36047,Kings County,36047096400,2886,0.6622,14.2,7.4,39.6,12.3,9.1,14.1,23.8,11.8,40.1,15.6
36047,Kings County,36047096600,2480,0.762,26.0,10.3,43.4,14.2,6.9,13.5,29.1,9.0,31.1,11.2
36047,Kings County,36047096800,1688,0.7658,26.4,9.9,32.9,10.4,4.6,13.4,29.0,14.4,31.3,1.4
36047,Kings County,36047097000,2470,0.6603,15.2,7.3,20.3,8.2,9.6,21.0,17.9,11.9,32.5,6.8
36047,Kings County,36047097400,2741,0.8519,31.3,7.2,27.9,20.0,10.0,26.2,18.6,3.6,28.9,7.5
36047,Kings County,36047098200,4243,0.9297,59.3,16.4,48.1,26.8,4.6,13.1,33.1,3.2,71.6,26.1
36047,Kings County,36047098400,1959,0.3427,7.9,4.5,22.4,17.8,5.9,18.2,17.8,2.3,26.9,14.4
36047,Kings County,36047098600,2548,0.468,15.7,4.7,33.5,9.0,8.7,13.9,18.5,0.8,27.9,1.0
36047,Kings County,36047098800,2920,0.8529,10.7,10.0,42.0,15.5,10.0,24.8,20.5,9.3,33.3,15.0
36047,Kings County,36047099000,1688,0.5508,8.1,7.0,38.3,11.6,7.4,12.5,23.2,4.9,23.1,0.0
36047,Kings County,36047099200,2258,0.594,18.8,5.3,34.5,16.0,3.2,13.9,22.2,6.6,11.8,5.6
36047,Kings County,36047099400,1987,0.4991,13.8,3.5,30.0,13.5,5.5,14.7,24.2,9.3,16.5,4.8
36047,Kings County,36047099600,3354,0.8544,21.6,10.4,40.7,11.3,7.6,19.8,25.2,10.2,38.8,11.6
36047,Kings County,36047099800,3793,0.5218,12.2,7.8,35.6,8.9,1.6,18.1,23.5,6.1,35.3,10.6
36047,Kings County,36047100400,3091,0.57,17.0,7.9,41.2,8.8,5.5,13.7,27.4,7.6,31.1,10.5
36047,Kings County,36047100600,2677,0.5415,14.0,6.6,32.5,6.2,7.6,15.7,20.3,7.7,28.9,6.2
36047,Kings County,36047100800,2292,0.7462,18.9,7.8,32.6,11.9,5.4,18.2,25.3,8.2,39.1,13.7
36047,Kings County,36047101000,2764,0.6885,35.3,10.5,48.5,13.6,5.0,12.4,22.3,14.5,47.2,2.2
36047,Kings County,36047101200,2231,0.4739,13.3,7.5,32.7,7.7,7.0,13.4,19.5,9.3,27.8,12.4
36047,Kings County,36047101400,2025,0.6579,21.1,4.0,44.8,8.2,3.3,19.4,24.0,4.7,23.0,12.1
36047,Kings County,36047101600,1555,0.4522,4.5,8.6,24.1,7.2,4.0,21.4,23.5,6.1,3.4,10.7
36047,Kings County,36047101800,1957,0.3423,15.4,11.7,28.0,6.0,7.1,14.2,9.2,3.3,24.9,5.1
36047,Kings County,36047102000,1924,0.3824,11.8,2.8,21.0,9.3,4.7,17.6,18.0,6.3,13.6,0.0
36047,Kings County,36047102200,2473,0.5491,6.1,7.2,35.3,7.6,2.6,9.6,31.4,10.3,26.4,2.7
36047,Kings County,36047102400,2160,0.5573,18.3,4.7,39.3,3.8,6.0,9.0,28.8,11.8,23.3,2.1
36047,Kings County,36047102600,3132,0.3146,15.2,4.3,27.3,11.2,3.2,17.4,18.9,2.6,18.0,6.6
36047,Kings County,36047102801,1250,0.547,13.2,6.8,47.7,4.3,6.4,33.6,12.3,2.0,17.4,4.7
36047,Kings County,36047102802,0,,,,,,,,,,,
36047,Kings County,36047103401,4081,0.8407,65.2,11.5,36.8,15.7,2.4,9.7,32.5,5.6,76.0,27.3
36047,Kings County,36047103402,0,,,,,,,,,,,
36047,Kings County,36047105801,6024,0.9135,48.5,6.6,52.2,15.4,3.6,38.0,12.6,1.2,76.1,26.0
36047,Kings County,36047105804,6755,0.9719,30.6,11.3,36.9,10.9,0.7,30.3,21.2,10.5,64.7,20.9
36047,Kings County,36047107001,4029,0.7803,20.8,5.5,39.7,15.1,3.5,6.6,24.4,4.4,55.2,5.6
36047,Kings County,36047107002,0,,,,,,,,,,,
36047,Kings County,36047107003,0,,,,,,,,,,,
36047,Kings County,36047107800,4336,0.7151,14.9,4.1,31.0,14.1,3.5,27.2,14.8,5.7,46.3,28.0
36047,Kings County,36047109800,2589,0.8419,29.1,8.6,45.9,12.4,3.9,9.0,23.8,19.9,41.3,3.3
36047,Kings County,36047110400,5072,0.9515,29.5,12.1,48.4,19.6,5.6,18.1,25.1,12.5,53.9,12.3
36047,Kings County,36047110600,4950,0.9346,55.3,23.0,56.0,18.8,5.6,10.4,27.0,10.6,65.9,20.1
36047,Kings County,36047111000,2937,0.935,39.9,27.8,41.8,33.1,3.1,21.0,21.2,6.0,84.3,17.1
36047,Kings County,36047111600,3929,0.8405,20.1,9.5,35.2,19.7,10.8,13.9,21.9,10.2,28.8,2.5
36047,Kings County,36047111800,3844,0.8137,24.7,8.2,33.2,12.1,3.8,13.0,26.3,18.1,66.1,3.8
36047,Kings County,36047112000,3398,0.6845,18.7,9.7,30.1,15.4,1.6,20.4,19.4,16.4,59.8,11.1
36047,Kings County,36047112200,3010,0.8892,47.2,20.0,42.9,26.7,2.0,15.9,18.1,4.8,57.8,15.9
36047,Kings County,36047112400,3410,0.8784,30.0,6.6,49.4,18.7,6.2,9.4,24.2,4.1,53.5,30.3
36047,Kings County,36047112600,4634,0.8607,27.6,9.0,37.3,9.1,8.4,14.9,19.7,9.6,64.4,10.3
36047,Kings County,36047112800,4235,0.7434,33.6,19.4,46.7,13.7,7.7,16.7,20.8,20.3,56.2,19.5
36047,Kings County,36047113000,4279,0.8848,34.3,12.8,39.1,13.9,9.0,11.3,23.2,9.7,54.3,11.0
36047,Kings County,36047113200,2444,0.8008,32.1,6.9,55.2,10.4,1.4,10.4,31.5,11.7,61.5,7.4
36047,Kings County,36047113400,2798,0.973,48.9,13.8,47.7,26.2,6.4,9.2,27.0,6.8,88.1,23.1
36047,Kings County,36047114201,1514,0.7259,8.3,22.5,48.3,13.7,3.1,21.7,17.9,6.2,20.1,17.7
36047,Kings County,36047114202,2772,0.794,33.4,1.7,40.3,15.8,0.0,13.5,33.0,7.0,54.8,18.8
36047,Kings County,36047114400,2841,0.8979,43.8,13.5,39.0,16.9,5.4,12.5,16.9,22.6,75.2,26.4
36047,Kings County,36047114600,3000,0.8054,18.4,5.4,43.2,16.6,1.3,11.9,28.9,12.0,49.5,17.1
36047,Kings County,36047115000,2816,0.7903,22.9,6.9,35.7,27.7,6.3,8.4,28.4,13.0,50.1,16.6
36047,Kings County,36047115200,3229,0.7787,26.0,5.6,52.2,27.6,3.6,14.6,32.5,5.7,40.5,22.1
36047,Kings County,36047115600,4249,0.9232,46.4,7.6,57.9,23.7,4.0,11.9,28.0,6.5,62.1,22.2
36047,Kings County,36047115800,2644,0.9844,31.3,11.2,48.7,26.9,7.3,16.6,24.4,11.7,50.9,21.6
36047,Kings County,36047116000,2759,0.8611,32.4,19.0,32.1,26.2,1.8,9.9,27.4,4.2,41.9,18.9
36047,Kings County,36047116200,2635,0.842,24.2,14.8,48.8,20.4,5.0,15.4,23.8,6.8,44.0,16.8
36047,Kings County,36047116400,3685,0.7759,19.7,4.9,39.1,8.4,7.6,13.2,29.7,18.7,46.4,9.1
36047,Kings County,36047116600,3053,0.7833,38.6,1.1,49.0,30.6,7.0,10.3,23.9,17.1,56.7,7.3
36047,Kings County,36047116800,2493,0.6923,36.5,4.9,40.5,12.5,1.6,2.7,32.0,28.3,35.9,4.9
36047,Kings County,36047117000,1965,0.7084,46.8,4.6,41.8,31.9,0.0,10.4,20.5,11.2,72.1,9.0
36047,Kings County,36047117201,2365,0.7459,25.7,2.5,40.2,18.5,3.8,12.3,24.0,15.1,33.4,17.9
36047,Kings County,36047117202,4784,0.8814,26.5,4.3,42.2,23.3,10.0,9.9,25.5,20.0,60.5,4.8
36047,Kings County,36047117400,4193,0.6704,26.4,1.1,30.3,20.7,4.4,17.8,20.1,16.1,58.4,15.3
36047,Kings County,36047117601,3334,0.8181,20.9,5.1,39.2,12.9,5.6,10.2,24.0,13.0,54.2,10.0
36047,Kings County,36047117602,3043,0.896,25.1,12.0,48.7,17.6,13.6,16.6,23.3,13.6,65.8,7.4
36047,Kings County,36047117800,1803,0.8569,48.8,10.7,30.4,33.6,2.8,13.4,26.4,18.6,32.0,7.0
36047,Kings County,36047118000,0,,,,,,,,,,,
36047,Kings County,36047118201,3200,0.568,12.5,4.8,28.0,16.4,2.9,8.5,25.7,26.2,56.9,7.1
36047,Kings County,36047118202,3022,0.7476,28.3,1.3,33.3,18.1,8.8,8.6,28.8,13.2,62.4,5.4
36047,Kings County,36047118400,4812,0.7679,19.0,6.0,49.8,28.8,12.9,10.3,21.2,15.6,46.8,14.7
36047,Kings County,36047118600,3578,0.8415,14.5,2.8,41.2,28.8,5.4,20.5,24.4,27.3,35.2,9.6
36047,Kings County,36047118800,5217,0.7685,35.1,5.9,36.1,20.2,4.5,7.1,28.4,29.2,62.6,8.3
36047,Kings County,36047119000,1866,0.9475,46.6,5.9,66.6,20.5,5.6,16.3,27.9,15.3,76.3,20.3
36047,Kings County,36047119200,4014,0.7713,27.2,5.1,41.8,10.6,6.5,9.0,30.5,19.4,50.7,18.0
36047,Kings County,36047119400,5488,0.8774,32.9,15.4,47.4,15.9,4.0,12.3,26.0,25.9,26.7,11.5
36047,Kings County,36047119600,5712,0.8092,37.5,2.4,53.3,16.1,7.0,12.0,21.6,23.5,59.6,14.8
36047,Kings County,36047119800,3851,0.9308,43.0,9.6,52.6,23.3,13.5,9.8,24.2,10.0,61.5,18.6
36047,Kings County,36047120000,2838,0.8206,26.8,7.1,58.5,11.5,3.6,8.3,26.3,14.0,60.4,31.0
36047,Kings County,36047120200,2025,0.6159,18.0,21.1,33.1,15.5,3.1,16.0,15.2,16.1,26.2,5.2
36047,Kings County,36047120801,5308,0.7208,32.8,1.5,37.3,12.9,6.8,16.3,25.9,23.6,50.8,4.7
36047,Kings County,36047120802,4534,0.8265,53.8,7.8,53.8,11.1,1.6,8.1,35.7,18.3,58.8,9.3
36047,Kings County,36047120803,1951,0.3743,25.5,0.9,24.5,8.3,1.7,9.4,11.2,13.8,51.1,0.0
36047,Kings County,36047121000,4188,0.9597,62.1,24.0,53.2,22.8,4.8,13.0,32.5,20.7,97.5,17.1
36047,Kings County,36047121400,4649,0.8337,66.9,2.5,41.3,20.9,1.5,10.7,34.7,14.3,86.7,20.7
36047,Kings County,36047122000,7200,0.8056,34.1,5.9,41.0,9.2,3.4,7.6,33.1,25.3,50.1,19.4
36047,Kings County,36047123700,9448,0.6172,61.8,4.3,57.6,32.0,0.3,0.5,67.6,60.0,60.7,60.2
36047,Kings County,36047150200,2730,0.21,5.7,3.4,27.8,2.4,4.8,14.4,32.2,3.2,30.2,4.8
36047,Kings County,36047152200,3407,0.2093,3.3,2.9,10.6,3.3,4.3,11.9,18.7,25.0,21.4,1.6
36049,Lewis County,36049950101,2501,0.3663,18.0,4.9,16.4,10.5,9.3,18.8,26.8,1.7,5.8,16.2
36049,Lewis County,36049950200,4366,0.4417,22.0,4.5,20.5,11.4,4.7,16.6,25.2,2.9,3.9,17.6
36049,Lewis County,36049950301,3522,0.713,32.7,6.3,30.0,10.1,2.6,24.2,17.9,0.0,11.9,12.9
36049,Lewis County,36049950302,4085,0.4722,24.6,3.4,17.3,7.4,6.4,18.4,21.4,0.9,5.1,20.3
36049,Lewis County,36049950401,2509,0.2334,17.1,1.7,14.5,6.2,5.2,18.1,22.8,1.5,4.7,16.3
36049,Lewis County,36049950500,2468,0.5003,21.1,3.4,26.1,9.0,3.5,23.0,21.8,1.4,6.7,18.5
36049,Lewis County,36049950601,1199,0.4303,30.0,9.9,15.9,9.3,1.8,18.0,24.4,0.0,5.3,10.8
36049,Lewis County,36049950700,5203,0.3699,21.2,7.8,16.1,7.7,2.3,18.2,25.5,0.9,3.6,14.3
36049,Lewis County,36049950800,837,0.1239,25.2,5.1,22.0,6.0,1.3,28.9,12.7,0.0,1.8,13.6
36051,Livingston County,36051030100,4153,0.1403,10.7,3.4,16.2,6.9,0.6,20.4,17.1,0.3,3.0,9.0
36051,Livingston County,36051030201,5146,0.6364,34.1,3.5,33.9,8.9,5.8,14.9,20.9,0.0,9.0,15.7
36051,Livingston County,36051030203,2316,0.2796,12.3,0.0,22.3,5.7,0.7,30.2,19.0,2.0,8.1,13.5
36051,Livingston County,36051030204,3542,0.2021,6.5,2.6,20.4,1.6,2.0,25.2,18.9,0.0,4.0,6.0
36051,Livingston County,36051030300,3388,0.3045,19.5,3.1,29.0,4.4,4.6,24.1,21.9,0.0,3.7,7.6
36051,Livingston County,36051030400,3163,0.364,29.7,12.2,37.2,5.2,4.0,20.8,13.4,0.0,5.0,5.8
36051,Livingston County,36051030500,2890,,,1.9,,0.0,3.3,0.0,0.8,,,
36051,Livingston County,36051030600,4167,0.3465,13.5,1.9,21.2,6.0,2.3,14.2,21.3,3.2,8.1,8.5
36051,Livingston County,36051030701,2413,0.0424,5.0,3.8,15.6,5.4,0.0,15.9,17.6,0.0,0.2,0.0
36051,Livingston County,36051030702,5114,0.2522,13.0,13.8,17.4,1.5,1.1,20.1,19.3,0.7,2.1,10.0
36051,Livingston County,36051030800,4594,0.4195,13.7,3.1,15.0,7.2,5.2,23.7,18.8,0.2,8.1,15.9
36051,Livingston County,36051030900,3347,0.556,23.0,3.1,25.4,10.3,4.1,15.1,24.0,0.0,14.9,10.0
36051,Livingston County,36051031000,1184,,57.9,13.3,,37.9,31.6,2.6,0.0,,,
36051,Livingston County,36051031101,2033,0.5431,34.2,2.4,33.1,13.1,8.3,14.9,24.1,6.2,7.4,16.3
36051,Livingston County,36051031102,2124,0.1564,9.7,3.1,20.1,9.0,2.6,23.4,11.3,0.0,1.0,15.5
36051,Livingston County,36051031200,3791,0.429,27.2,1.9,18.4,11.1,3.1,18.1,20.8,0.0,7.5,19.1
36051,Livingston County,36051031300,3841,0.3364,17.1,1.9,18.2,9.8,5.1,27.2,16.9,1.4,2.8,15.2
36051,Livingston County,36051031400,4774,0.5467,19.9,7.6,31.5,8.2,4.5,18.2,17.3,0.7,8.2,23.0
36053,Madison County,36053030101,1975,0.6639,29.8,6.9,35.3,14.7,5.8,28.6,9.3,1.7,12.1,21.4
36053,Madison County,36053030102,5168,0.407,26.3,1.8,22.9,12.4,1.5,15.8,25.2,0.0,17.5,23.8
36053,Madison County,36053030103,3183,0.2515,10.4,2.5,20.8,4.9,2.2,23.8,19.4,0.8,2.2,10.4
36053,Madison County,36053030200,3424,0.4701,14.1,10.5,20.1,10.3,6.5,25.3,18.7,1.0,3.0,15.4
36053,Madison County,36053030300,5328,0.4712,19.7,4.3,19.2,8.0,1.0,15.9,21.7,1.6,11.0,12.7
36053,Madison County,36053030401,5060,0.478,19.4,5.5,29.4,3.9,2.0,16.6,25.7,0.3,2.9,11.7
36053,Madison County,36053030402,3039,0.2205,8.2,3.0,28.4,3.0,2.8,19.3,19.4,1.5,4.3,9.2
36053,Madison County,36053030403,3947,0.068,12.1,3.9,17.9,2.7,1.0,16.8,17.4,0.8,3.1,5.3
36053,Madison County,36053030404,2751,0.096,18.3,2.2,17.3,2.6,0.8,21.2,18.3,0.5,0.5,3.3
36053,Madison County,36053030501,3187,0.218,13.3,4.6,24.4,4.7,3.0,17.8,11.0,0.8,7.2,6.7
36053,Madison County,36053030502,3552,0.0542,9.8,4.0,21.2,1.9,2.8,29.8,17.0,0.0,2.4,6.8
36053,Madison County,36053030601,3107,0.2404,11.1,3.7,17.7,6.5,7.4,18.5,18.3,1.8,5.5,18.6
36053,Madison County,36053030602,3349,0.2131,14.7,1.6,16.3,7.9,6.2,23.6,19.9,1.3,3.6,17.0
36053,Madison County,36053030701,4203,0.2853,18.3,2.9,30.9,4.2,3.9,14.7,11.9,0.0,4.8,4.6
36053,Madison County,36053030702,1812,0.1964,16.2,3.4,18.4,6.2,3.8,22.2,18.8,0.6,3.2,16.3
36053,Madison County,36053030800,3399,0.5716,21.0,8.7,19.1,14.4,9.2,20.2,20.5,1.4,5.9,19.9
36053,Madison County,36053030900,3905,0.181,21.8,0.9,27.7,4.6,2.8,10.9,7.1,0.4,15.3,20.1
36053,Madison County,36053031000,5247,0.2908,17.8,3.8,30.5,7.0,1.7,19.4,23.3,1.5,2.4,8.6
36053,Madison County,36053031100,2384,0.223,27.0,5.1,17.7,10.8,2.4,15.1,21.8,0.7,2.6,11.9
36055,Monroe County,36055000200,2480,0.9342,46.8,10.9,58.2,29.8,6.0,5.7,31.9,6.1,41.9,23.7
36055,Monroe County,36055000700,1741,0.9055,57.5,6.3,44.3,26.7,5.4,14.0,23.5,3.1,28.2,30.6
36055,Monroe County,36055001000,3468,0.4716,38.6,3.1,30.9,5.1,4.1,19.4,4.9,0.5,26.6,9.2
36055,Monroe County,36055001300,1860,0.9825,51.9,20.7,44.4,37.3,14.9,11.2,44.2,2.6,55.2,30.3
36055,Monroe County,36055001600,2727,0.9721,49.4,12.8,52.2,36.9,6.0,11.7,28.5,6.4,28.0,39.7
36055,Monroe County,36055001800,4976,0.5714,26.1,11.6,29.8,12.5,6.6,11.7,20.6,0.0,12.9,19.5
36055,Monroe County,36055001900,2661,0.7213,39.2,5.2,56.3,15.6,3.3,13.8,23.1,3.3,20.5,14.4
36055,Monroe County,36055002000,5287,0.7672,36.8,5.9,37.7,15.5,4.4,8.9,29.9,0.9,15.3,15.5
36055,Monroe County,36055002100,4345,0.7879,56.0,5.3,45.5,23.5,4.7,5.7,38.3,0.7,26.0,7.9
36055,Monroe County,36055002200,3674,0.8278,39.5,6.0,47.3,21.6,2.9,7.0,31.1,2.1,33.0,7.0
36055,Monroe County,36055002300,3979,0.9394,66.8,17.9,56.1,27.2,5.8,12.2,28.1,1.6,48.8,26.7
36055,Monroe County,36055002400,3411,0.9048,74.2,8.1,53.6,32.5,5.2,7.4,36.8,2.0,34.8,15.6
36055,Monroe County,36055002700,1282,0.8833,49.1,14.8,61.7,19.9,8.7,16.1,22.8,3.5,25.6,19.6
36055,Monroe County,36055002900,3858,0.4771,30.2,2.8,42.9,9.7,7.4,8.9,2.8,0.8,19.0,7.3
36055,Monroe County,36055003000,2178,0.4412,32.3,6.1,32.5,10.7,9.2,6.9,14.3,0.0,17.8,12.7
36055,Monroe County,36055003101,2523,0.1,11.8,5.9,27.8,2.2,2.5,21.5,4.4,0.0,4.2,7.2
36055,Monroe County,36055003102,2068,0.3532,25.0,22.8,56.0,0.5,4.4,13.2,3.8,0.0,31.6,8.0
36055,Monroe County,36055003200,1812,0.8109,42.2,16.2,50.9,15.8,6.1,9.3,8.6,3.8,43.2,34.0
36055,Monroe County,36055003300,1524,0.5189,47.3,3.3,34.9,18.1,0.5,16.1,9.7,2.9,45.1,30.8
36055,Monroe County,36055003400,2466,0.4972,29.8,7.0,37.6,9.0,1.5,7.9,5.3,0.9,20.7,5.0
36055,Monroe County,36055003500,1604,0.2161,7.1,3.2,16.1,12.7,4.7,43.2,10.2,0.0,4.2,11.1
36055,Monroe County,36055003600,3053,0.0086,12.5,2.0,18.3,4.6,3.8,13.4,13.8,0.0,1.8,1.7
36055,Monroe County,36055003700,2948,0.0603,12.5,1.6,19.3,1.0,4.6,8.4,10.5,0.0,7.6,6.9
36055,Monroe County,36055003806,4954,0.7603,50.8,11.1,48.4,10.2,4.5,8.1,6.2,1.9,23.0,7.9
36055,Monroe County,36055003807,4416,0.111,20.0,8.3,34.0,2.6,0.6,7.3,2.9,0.0,0.0,1.8
36055,Monroe County,36055003900,1818,0.8554,68.3,8.2,46.8,29.6,3.7,14.4,26.7,5.6,20.3,40.8
36055,Monroe County,36055004000,1595,0.9156,54.4,5.9,45.7,31.0,4.3,4.2,36.4,9.4,41.2,16.9
36055,Monroe County,36055004100,1413,0.928,61.7,30.9,71.9,31.9,3.0,8.1,44.6,6.8,33.3,13.8
36055,Monroe County,36055004602,1887,0.9293,47.8,5.3,49.5,29.8,5.4,27.6,20.4,1.7,32.9,38.8
36055,Monroe County,36055004701,2735,0.9426,58.1,7.6,47.3,34.2,4.7,27.9,17.7,4.5,41.3,36.6
36055,Monroe County,36055004702,2499,0.736,39.3,4.3,48.9,23.4,3.3,13.9,25.2,0.6,22.9,16.5
36055,Monroe County,36055004800,2289,0.9278,48.3,18.4,41.5,29.3,2.8,7.3,34.6,2.0,34.6,23.5
36055,Monroe County,36055004900,2253,0.8719,63.3,11.5,51.4,34.6,1.8,4.1,39.3,21.7,23.8,18.2
36055,Monroe County,36055005000,1953,0.9589,63.6,23.2,61.9,39.8,8.4,8.3,23.3,12.1,45.0,12.3
36055,Monroe County,36055005100,1367,0.9333,78.5,17.1,71.3,39.0,1.9,8.2,28.9,7.9,39.6,28.4
36055,Monroe County,36055005200,1499,0.8937,64.1,10.4,56.7,41.1,5.7,8.4,29.7,0.0,46.1,15.5
36055,Monroe County,36055005400,4153,0.6858,25.3,9.5,25.8,15.9,2.0,10.9,28.3,5.5,13.7,17.9
36055,Monroe County,36055005500,1726,0.9502,65.7,27.7,47.5,23.1,5.9,8.7,34.7,7.1,36.0,17.6
36055,Monroe County,36055005600,2397,0.9262,64.1,20.2,64.4,13.3,6.5,8.7,31.6,2.1,31.2,12.1
36055,Monroe County,36055005700,1521,0.8149,45.7,17.0,37.6,15.1,2.4,18.1,30.6,1.8,17.3,7.9
36055,Monroe County,36055005800,3772,0.8059,56.8,7.5,47.0,29.7,4.4,8.7,33.9,3.9,27.9,14.2
36055,Monroe County,36055005900,1563,0.786,42.8,4.1,50.3,15.1,8.8,10.0,25.8,2.0,15.9,15.7
36055,Monroe County,36055006000,3348,0.3195,15.7,9.4,28.9,7.1,4.9,12.2,12.8,0.0,16.1,9.2
36055,Monroe County,36055006100,2300,0.0445,14.8,3.5,24.3,2.5,0.8,17.6,12.1,0.0,2.7,5.0
36055,Monroe County,36055006200,2726,0.5438,13.8,6.3,25.7,8.8,5.6,13.3,22.6,0.8,18.6,24.5
36055,Monroe County,36055006300,3190,0.7594,25.1,10.4,37.1,13.5,3.0,19.1,26.1,0.0,12.0,12.7
36055,Monroe County,36055006400,2221,0.8249,47.8,9.7,52.3,21.2,4.6,17.3,28.2,0.9,29.9,24.9
36055,Monroe County,36055006500,1723,0.8272,77.1,13.8,69.2,31.8,2.3,7.0,37.4,0.6,55.1,18.0
36055,Monroe County,36055006600,2139,0.8778,52.6,15.4,41.6,17.9,8.5,11.2,29.5,1.4,36.5,28.8
36055,Monroe County,36055006700,2935,0.6744,28.9,6.9,35.7,10.9,1.6,16.9,32.2,3.1,12.4,8.8
36055,Monroe County,36055006800,2827,0.3777,16.0,7.7,20.8,6.4,4.8,6.9,24.7,0.2,5.6,6.6
36055,Monroe County,36055006900,1898,0.813,57.9,24.4,46.9,11.3,2.8,15.8,16.5,1.2,35.9,33.7
36055,Monroe County,36055007000,3268,0.5795,32.3,5.3,37.3,7.7,8.0,5.1,18.4,0.0,14.6,6.1
36055,Monroe County,36055007100,3131,0.5718,36.6,5.5,29.6,10.6,4.6,22.1,12.4,4.2,6.0,10.7
36055,Monroe County,36055007500,2591,0.8745,45.9,9.8,60.2,29.3,3.1,17.8,30.0,2.4,47.9,25.8
36055,Monroe County,36055007600,2836,0.0057,12.1,1.2,10.8,3.4,1.5,14.1,7.1,0.0,3.3,2.5
36055,Monroe County,36055007700,2877,0.5704,22.4,5.3,29.3,3.8,2.3,13.6,18.4,1.4,10.1,18.2
36055,Monroe County,36055007801,2570,0.1317,13.2,8.0,27.5,1.1,1.9,25.3,4.8,0.0,7.9,9.8
36055,Monroe County,36055007802,1517,0.0378,4.4,1.9,14.0,3.3,3.2,27.4,12.5,0.0,2.5,10.9
36055,Monroe County,36055007900,1777,0.938,51.8,11.7,53.3,14.9,9.3,10.1,25.3,1.4,31.2,14.5
36055,Monroe County,36055008000,2017,0.8804,61.8,6.8,46.7,24.5,4.4,13.1,33.8,4.2,19.5,15.4
36055,Monroe County,36055008100,4324,0.9223,43.1,11.0,29.4,19.5,5.2,15.6,22.9,11.3,20.4,15.2
36055,Monroe County,36055008200,2943,0.7738,37.4,11.8,40.9,23.5,1.3,14.0,23.7,1.0,16.3,16.3
36055,Monroe County,36055008301,4722,0.8052,48.6,4.6,46.1,16.5,4.1,10.8,25.9,3.7,16.2,18.2
36055,Monroe County,36055008400,2727,0.8257,53.6,13.2,36.5,30.5,6.6,7.7,33.6,4.6,29.8,15.0
36055,Monroe County,36055008500,3599,0.6674,28.3,2.6,45.4,13.4,4.8,22.6,11.5,0.0,26.9,20.0
36055,Monroe County,36055008600,4448,0.5195,21.6,2.4,37.1,4.5,4.7,14.0,23.6,0.0,13.3,16.1
36055,Monroe County,36055008702,1524,0.8367,61.1,6.1,49.0,14.2,2.8,7.6,34.8,1.2,33.1,7.1
36055,Monroe County,36055008801,6510,0.8101,37.6,10.2,42.5,28.0,7.2,11.8,24.6,5.1,15.8,22.6
36055,Monroe County,36055009200,1163,0.9207,73.3,2.1,34.8,31.5,6.2,18.2,25.6,0.8,55.9,43.9
36055,Monroe County,36055009301,2083,0.9327,74.2,14.1,53.6,31.8,4.1,16.2,30.2,0.0,43.3,28.5
36055,Monroe County,36055009302,2098,0.4984,24.9,7.1,42.1,3.8,15.4,7.1,2.7,4.5,15.1,9.9
36055,Monroe County,36055009401,2212,0.7601,48.2,1.8,34.1,7.7,9.7,12.2,4.6,0.8,42.3,23.1
36055,Monroe County,36055009402,1947,0.2032,19.1,2.7,29.7,2.9,1.0,14.3,5.1,0.0,24.4,32.8
36055,Monroe County,36055009403,818,,,,,48.2,,0.0,1.1,,,
36055,Monroe County,36055009404,488,0.7206,32.8,21.2,20.2,16.1,5.1,8.2,4.7,6.6,27.6,4.9
36055,Monroe County,36055009500,3351,0.6921,40.8,6.1,33.9,7.7,2.3,11.2,18.5,6.8,15.1,8.6
36055,Monroe County,36055009601,1540,0.8441,56.8,10.9,62.3,14.6,5.0,12.3,17.7,0.0,51.7,26.5
36055,Monroe County,36055009602,1526,0.7888,68.3,13.0,47.7,31.4,1.7,7.5,36.6,3.1,29.0,25.7
36055,Monroe County,36055009605,2860,0.9492,59.4,22.4,67.3,34.6,5.5,9.9,39.1,1.2,39.5,38.1
36055,Monroe County,36055010100,3362,0.387,15.1,6.1,26.9,2.5,1.2,21.4,21.4,0.1,4.1,10.7
36055,Monroe County,36055010200,4064,0.0272,5.5,3.6,11.8,1.1,1.4,22.6,22.0,0.0,0.0,2.1
36055,Monroe County,36055010300,3922,0.0781,3.8,2.3,13.8,2.7,1.1,19.8,21.5,0.0,2.0,6.2
36055,Monroe County,36055010400,4968,0.6147,17.9,8.5,26.1,5.6,8.5,19.4,22.9,1.2,14.5,10.7
36055,Monroe County,36055010500,4342,0.1587,9.4,2.4,18.9,4.0,0.8,22.3,24.1,0.8,2.2,4.4
36055,Monroe County,36055010601,2773,0.4849,27.9,4.3,41.7,13.9,0.3,29.3,16.4,1.4,3.1,20.5
36055,Monroe County,36055010602,4015,0.4343,14.5,5.2,26.5,5.5,3.9,22.9,18.0,0.0,12.1,12.0
36055,Monroe County,36055010700,3418,0.1215,14.5,2.7,25.3,9.1,1.4,21.4,16.4,0.0,4.7,10.2
36055,Monroe County,36055010800,3118,0.0068,7.4,2.0,13.6,3.5,3.4,21.4,13.8,0.0,1.9,3.1
36055,Monroe County,36055010901,4313,0.8882,34.4,13.9,51.7,15.9,2.7,32.9,16.4,1.6,28.2,23.9
36055,Monroe County,36055010902,3391,0.8723,29.5,8.5,48.3,17.0,9.8,20.0,20.9,1.0,16.0,20.9
36055,Monroe County,36055011000,4953,0.2697,8.7,5.5,20.3,5.7,10.3,22.7,14.8,0.0,6.6,5.7
36055,Monroe County,36055011100,4575,0.1312,16.2,2.8,16.0,4.5,0.7,14.9,12.9,2.3,1.2,9.4
36055,Monroe County,36055011201,3625,0.122,16.5,3.9,14.3,5.6,3.1,24.6,20.8,0.0,0.8,9.8
36055,Monroe County,36055011203,2034,0.0528,6.5,1.2,11.3,3.4,1.5,23.7,19.9,0.9,1.0,5.9
36055,Monroe County,36055011205,5566,0.0388,7.7,2.0,18.4,1.3,1.0,18.0,23.4,1.3,6.8,6.8
36055,Monroe County,36055011207,4913,0.3623,13.7,4.0,30.7,5.2,7.0,21.1,18.2,2.8,3.4,14.9
36055,Monroe County,36055011209,4682,0.1996,16.7,2.3,28.8,3.8,1.6,29.9,15.3,0.0,12.2,16.1
36055,Monroe County,36055011210,889,0.4292,13.3,0.0,30.0,6.0,1.5,37.0,10.0,0.0,11.6,24.7
36055,Monroe County,36055011302,5449,0.0762,5.7,2.3,20.0,1.6,1.7,28.5,20.3,0.2,0.4,3.8
36055,Monroe County,36055011303,2626,0.0639,14.0,4.7,20.4,4.1,0.6,15.9,20.6,0.0,1.8,4.9
36055,Monroe County,36055011304,4661,0.0148,3.2,3.0,11.1,1.9,0.0,21.1,21.2,0.0,0.6,1.9
36055,Monroe County,36055011401,3398,0.168,12.6,0.8,24.9,5.6,0.0,13.6,24.6,1.1,6.5,12.4
36055,Monroe County,36055011402,4041,0.279,10.0,4.4,18.7,10.2,0.9,23.6,18.1,1.8,3.2,15.9
36055,Monroe County,36055011403,3339,0.6723,22.7,4.0,47.2,10.4,4.3,18.7,15.6,1.6,11.6,12.1
36055,Monroe County,36055011503,5322,0.0061,3.1,3.6,9.0,2.3,0.3,25.7,17.0,0.0,0.0,2.2
36055,Monroe County,36055011504,7862,0.0163,3.6,7.0,8.4,1.2,1.2,14.0,26.4,0.0,0.6,5.0
36055,Monroe County,36055011505,5790,0.1201,7.5,1.5,21.1,4.4,0.5,20.8,23.4,0.0,4.5,11.3
36055,Monroe County,36055011506,4030,0.0236,2.6,1.3,6.4,2.6,1.9,22.5,25.4,0.0,1.7,3.6
36055,Monroe County,36055011507,4562,0.418,9.2,3.5,26.5,6.0,0.6,15.4,25.0,0.7,12.1,9.0
36055,Monroe County,36055011601,5276,0.2311,9.8,1.7,16.9,5.2,0.4,29.2,23.0,0.0,12.9,8.7
36055,Monroe County,36055011603,1213,0.4606,38.8,2.7,49.9,8.4,5.6,13.4,11.1,0.0,20.3,14.1
36055,Monroe County,36055011604,2861,0.0525,7.6,2.6,15.0,3.0,2.8,24.6,12.9,0.0,2.8,6.6
36055,Monroe County,36055011605,2173,0.4345,12.9,8.6,16.2,5.9,5.0,19.5,24.3,0.6,0.5,4.9
36055,Monroe County,36055011705,2152,0.2549,6.2,3.6,23.4,1.4,0.3,30.0,19.9,0.0,10.5,12.7
36055,Monroe County,36055011707,6819,0.0722,5.2,3.6,16.3,2.6,1.5,22.2,21.3,0.0,1.2,3.8
36055,Monroe County,36055011708,3525,0.0158,2.1,6.3,9.6,0.9,1.2,28.4,18.4,0.0,2.3,1.4
36055,Monroe County,36055011709,2935,0.001,1.2,2.2,3.8,1.4,0.2,8.8,21.3,0.0,0.0,0.0
36055,Monroe County,36055011710,6886,0.1623,5.3,4.6,16.1,5.4,0.2,14.8,25.2,0.4,3.8,5.1
36055,Monroe County,36055011711,1836,0.3726,16.5,3.3,34.1,4.9,0.8,35.5,16.2,0.0,6.7,3.1
36055,Monroe County,36055011712,5263,0.1944,5.1,4.0,24.4,3.0,1.4,28.3,19.7,0.4,5.0,7.1
36055,Monroe County,36055011800,5463,0.2929,16.3,4.6,23.6,4.9,2.7,21.0,18.2,0.0,8.5,5.1
36055,Monroe County,36055011901,6116,0.5221,20.3,3.6,28.3,4.6,2.5,25.1,20.6,2.4,10.5,16.2
36055,Monroe County,36055011903,2118,0.0019,2.5,0.0,8.4,0.9,0.0,18.8,26.6,0.0,0.0,5.2
36055,Monroe County,36055011904,4121,0.0738,7.8,2.1,21.6,1.7,2.3,25.0,18.7,0.0,5.2,5.6
36055,Monroe County,36055012000,2477,0.4064,17.1,8.6,28.8,8.9,3.4,15.6,15.2,0.0,12.4,11.9
36055,Monroe County,36055012100,3844,0.3144,15.3,5.7,24.5,9.6,8.1,20.2,15.5,0.5,6.5,7.8
36055,Monroe County,36055012201,6106,0.054,10.8,2.4,18.1,3.7,0.8,14.7,14.9,0.0,2.3,3.7
36055,Monroe County,36055012202,3766,0.3178,7.8,5.0,13.9,2.6,1.5,31.5,19.6,0.0,6.8,2.9
36055,Monroe County,36055012301,5968,0.3026,4.5,5.0,18.1,2.8,1.5,20.8,23.8,1.2,7.3,10.9
36055,Monroe County,36055012304,4392,0.0232,4.7,2.2,11.5,2.1,0.2,16.4,25.0,0.9,2.3,0.7
36055,Monroe County,36055012305,4116,0.0146,0.9,1.8,4.6,0.7,0.1,18.0,26.7,0.0,0.0,3.8
36055,Monroe County,36055012307,2308,0.0065,0.3,0.4,13.9,2.0,1.3,12.3,32.1,0.0,1.0,5.8
36055,Monroe County,36055012308,3824,0.0342,2.9,1.4,20.3,0.9,0.2,31.1,18.7,0.0,3.8,22.2
36055,Monroe County,36055012401,3051,0.3013,10.2,9.7,22.3,2.9,0.6,23.6,20.8,1.2,8.3,18.4
36055,Monroe County,36055012402,6038,0.0032,6.0,1.3,7.3,1.8,2.0,16.4,24.2,0.0,0.0,3.3
36055,Monroe County,36055012500,4335,0.2756,15.3,0.6,33.1,5.7,1.6,29.1,14.5,0.0,17.4,8.4
36055,Monroe County,36055012600,4755,0.1984,10.2,0.6,26.5,2.0,2.4,23.6,19.8,0.5,9.6,17.1
36055,Monroe County,36055012700,3928,0.1355,7.1,1.5,19.1,0.5,0.9,15.1,29.9,0.4,2.0,5.9
36055,Monroe County,36055012800,4544,0.135,16.1,2.3,31.8,1.4,4.2,12.9,17.2,3.8,6.6,18.0
36055,Monroe County,36055012900,5382,0.2598,7.6,1.5,23.0,3.0,3.4,32.1,14.8,0.3,10.0,3.4
36055,Monroe County,36055013003,1440,0.0458,0.0,2.4,18.0,4.1,1.0,20.9,26.5,0.0,1.5,8.1
36055,Monroe County,36055013004,5335,0.2709,11.1,11.4,26.5,1.1,1.4,14.6,25.3,2.0,2.0,6.6
36055,Monroe County,36055013005,4832,0.5959,35.0,6.4,45.3,14.0,5.4,15.5,10.4,1.5,11.8,3.6
36055,Monroe County,36055013006,2268,0.5784,30.7,14.0,34.1,9.5,6.8,17.4,12.4,4.1,10.6,9.5
36055,Monroe County,36055013101,6863,0.5282,17.1,3.8,24.3,8.4,5.2,23.9,16.4,2.0,2.9,4.2
36055,Monroe County,36055013103,7143,0.2401,33.1,9.4,37.0,2.7,1.2,2.1,4.1,0.6,7.6,28.7
36055,Monroe County,36055013104,4514,0.5035,22.1,5.7,31.2,6.5,5.7,13.6,15.9,4.1,6.9,14.9
36055,Monroe County,36055013203,6371,0.3674,15.9,3.9,16.0,6.8,4.0,18.6,19.7,3.2,2.6,9.6
36055,Monroe County,36055013205,5461,0.5968,31.0,11.5,31.9,8.2,2.7,12.8,13.0,1.7,4.9,6.9
36055,Monroe County,36055013206,7127,0.0734,10.3,0.7,14.9,7.8,0.2,12.2,21.4,0.4,1.0,2.7
36055,Monroe County,36055013207,6572,0.2946,7.6,3.0,21.1,5.3,1.6,16.6,25.0,0.7,2.3,6.3
36055,Monroe County,36055013208,2400,0.3172,13.2,1.3,37.5,7.4,3.9,26.8,8.5,0.0,6.0,13.2
36055,Monroe County,36055013300,3488,0.0414,6.7,1.1,14.9,2.5,0.1,29.0,18.4,0.0,1.1,6.4
36055,Monroe County,36055013401,4051,0.3992,23.0,7.3,29.7,5.8,3.9,13.8,19.3,3.2,5.5,9.6
36055,Monroe County,36055013402,3296,0.1813,12.5,2.9,25.3,3.4,1.7,24.8,12.4,0.0,1.5,5.9
36055,Monroe County,36055013503,5718,0.0352,5.1,1.5,17.4,6.3,1.9,24.1,23.6,1.3,1.7,3.2
36055,Monroe County,36055013505,3840,0.3125,25.6,3.0,33.9,3.6,1.7,19.2,19.0,0.4,9.2,16.4
36055,Monroe County,36055013507,6358,0.2821,6.6,5.1,15.1,12.4,8.8,19.2,20.0,0.0,0.8,7.4
36055,Monroe County,36055013508,4069,0.0182,7.0,3.3,16.8,4.9,0.1,20.4,23.7,0.0,1.4,3.9
36055,Monroe County,36055013509,2612,0.0196,4.1,0.0,15.3,0.7,0.0,27.9,15.7,1.7,10.0,10.6
36055,Monroe County,36055013510,3497,0.2661,11.8,0.0,18.8,14.5,2.2,25.5,17.3,0.8,1.0,8.1
36055,Monroe County,36055013511,2063,0.6484,27.1,2.9,29.5,12.2,2.0,20.0,25.0,1.8,12.4,4.8
36055,Monroe County,36055013601,4013,0.5311,24.0,6.0,33.1,8.2,4.4,19.2,16.4,1.0,12.1,11.4
36055,Monroe County,36055013603,5226,0.2104,8.3,6.7,10.1,7.8,2.5,26.9,16.4,0.0,2.8,5.1
36055,Monroe County,36055013604,5938,0.6248,26.5,3.6,34.7,6.8,1.9,19.7,27.9,1.7,13.4,18.9
36055,Monroe County,36055013701,2281,0.4324,16.2,3.8,28.5,9.6,1.4,14.5,27.9,4.6,12.0,15.7
36055,Monroe County,36055013702,3946,0.483,19.6,7.6,27.8,2.7,2.3,17.3,25.6,1.4,10.0,13.2
36055,Monroe County,36055013800,5932,0.4782,16.9,8.2,26.4,11.1,2.1,8.7,28.9,3.8,6.5,5.7
36055,Monroe County,36055013901,4328,0.4609,18.4,3.2,33.4,6.2,0.8,17.8,23.5,5.5,11.8,18.0
36055,Monroe County,36055013902,4451,0.7839,41.7,5.6,38.2,13.7,3.0,9.3,29.9,4.6,16.5,16.3
36055,Monroe County,36055014001,4893,0.4309,9.0,3.4,26.5,9.2,1.0,25.4,25.2,2.4,5.5,7.1
36055,Monroe County,36055014003,4604,0.5083,13.6,9.5,28.3,13.0,2.3,18.5,14.5,0.6,7.7,12.7
36055,Monroe County,36055014004,4128,0.5833,32.1,5.5,30.7,14.8,3.0,14.5,20.0,7.3,8.2,16.4
36055,Monroe County,36055014102,3321,0.3381,17.7,1.5,26.3,11.3,2.4,23.9,15.9,2.9,6.0,14.8
36055,Monroe County,36055014103,4395,0.602,14.8,1.6,22.9,20.0,2.2,29.7,17.4,1.1,7.3,21.0
36055,Monroe County,36055014104,3324,0.4708,15.1,4.5,29.1,5.7,0.4,33.1,15.9,0.5,16.2,13.1
36055,Monroe County,36055014202,7371,0.1754,12.3,2.0,20.3,3.2,3.4,28.5,14.6,1.0,3.5,5.6
36055,Monroe County,36055014204,2319,0.2224,11.1,9.1,15.0,10.9,3.1,17.7,18.3,0.4,2.1,6.3
36055,Monroe County,36055014205,3053,0.1709,15.0,4.0,23.3,4.7,1.7,17.8,18.3,0.0,5.0,8.6
36055,Monroe County,36055014206,3654,0.2091,10.0,2.4,24.0,6.6,2.4,16.5,16.3,2.3,4.9,10.2
36055,Monroe County,36055014301,3431,0.6307,14.5,2.8,19.0,15.8,8.3,18.4,18.0,0.5,8.4,12.0
36055,Monroe County,36055014302,4716,0.352,20.8,5.2,29.5,8.6,2.3,19.7,18.6,1.3,4.8,11.8
36055,Monroe County,36055014400,4718,0.4448,12.4,4.7,21.4,5.6,1.8,16.7,20.3,1.1,4.0,5.7
36055,Monroe County,36055014501,5011,0.1829,7.8,1.8,10.8,2.8,5.2,22.2,20.7,0.5,2.6,5.2
36055,Monroe County,36055014503,3043,0.3828,17.2,4.1,20.1,5.2,2.7,22.1,17.9,2.3,6.6,15.6
36055,Monroe County,36055014504,5757,0.0798,4.3,4.9,12.8,4.8,2.0,18.7,24.0,0.0,0.3,1.9
36055,Monroe County,36055014505,4594,0.4408,11.8,2.5,33.4,8.0,5.5,24.0,16.7,0.0,7.4,17.9
36055,Monroe County,36055014601,5573,0.2644,7.3,5.8,17.0,7.5,4.1,15.5,22.2,0.9,2.7,3.5
36055,Monroe County,36055014602,5123,0.5603,16.7,3.2,37.6,10.5,1.8,17.9,20.8,4.4,5.1,9.3
36055,Monroe County,36055014700,4883,0.1462,13.2,3.1,13.0,2.4,2.3,21.4,18.5,0.6,2.1,7.0
36055,Monroe County,36055014802,5441,0.1408,11.0,10.2,18.4,2.7,0.8,22.9,19.2,0.7,4.9,14.0
36055,Monroe County,36055014803,3948,0.0796,8.2,2.5,14.6,2.7,2.5,14.2,28.4,0.0,1.5,5.0
36055,Monroe County,36055014805,3287,0.3634,25.2,2.1,33.6,4.9,6.8,19.1,22.9,0.0,14.1,12.9
36055,Monroe County,36055014806,3486,0.284,14.9,10.8,21.9,4.3,2.0,10.1,30.5,0.0,6.8,9.9
36055,Monroe County,36055014901,5455,0.2775,14.1,2.5,26.9,4.9,1.1,21.6,20.8,2.2,11.5,13.8
36055,Monroe County,36055014903,5585,0.1272,7.2,3.2,16.4,6.6,2.0,18.6,23.6,1.4,1.0,5.9
36055,Monroe County,36055014905,5567,0.0808,10.6,1.9,16.8,4.8,2.6,9.6,19.0,1.6,2.1,7.3
36055,Monroe County,36055014906,3656,0.3209,13.6,3.2,26.5,8.8,3.9,17.1,24.1,0.9,3.2,6.6
36055,Monroe County,36055015000,5579,0.3672,9.4,4.0,14.8,6.0,5.1,19.7,24.4,0.5,5.8,8.7
36055,Monroe County,36055015101,5105,0.0633,17.6,5.0,15.0,4.8,0.3,16.6,21.1,0.0,1.7,6.5
36055,Monroe County,36055015102,3606,0.4182,19.6,4.5,25.8,9.3,2.7,20.5,16.8,0.5,6.7,8.2
36055,Monroe County,36055015200,6865,0.5611,13.5,1.2,20.4,4.2,6.4,19.4,18.6,1.6,5.5,7.3
36055,Monroe County,36055015301,2436,0.4526,72.7,8.4,76.4,33.3,4.0,0.2,2.0,0.0,25.5,7.3
36055,Monroe County,36055015303,3147,0.2902,28.2,1.5,37.5,4.1,2.7,12.8,21.8,1.2,5.7,7.9
36055,Monroe County,36055015304,3470,0.3642,29.8,4.8,33.8,5.5,9.8,14.6,7.2,0.2,4.8,18.8
36055,Monroe County,36055015400,4277,0.5347,22.6,4.5,20.2,9.7,5.6,20.6,24.1,0.7,6.4,8.1
36055,Monroe County,36055980000,0,,,,,,,,,,,
36055,Monroe County,36055980100,27,0.0015,0.0,0.0,12.5,0.0,0.0,74.1,0.0,0.0,0.0,0.0
36055,Monroe County,36055980200,22,,100.0,,100.0,0.0,0.0,0.0,0.0,0.0,100.0,0.0
36057,Montgomery County,36057070200,2231,0.946,43.7,21.0,45.7,16.4,3.9,22.0,27.2,2.7,26.4,23.9
36057,Montgomery County,36057070300,2098,0.808,35.1,4.3,43.9,20.9,6.4,12.8,25.4,1.1,38.4,15.3
36057,Montgomery County,36057070400,2110,0.6352,29.1,1.0,26.5,10.9,4.9,20.5,25.8,2.9,11.4,14.8
36057,Montgomery County,36057070500,2598,0.3756,19.9,10.1,31.3,3.7,2.7,17.6,23.0,0.0,2.9,9.2
36057,Montgomery County,36057070600,2186,0.7571,33.2,11.2,41.8,20.8,6.1,16.0,23.7,0.0,30.6,28.8
36057,Montgomery County,36057070700,2310,0.3864,25.2,13.2,23.4,7.8,0.8,18.3,17.3,0.0,11.4,19.2
36057,Montgomery County,36057070800,3240,0.7692,52.1,5.2,30.3,9.2,5.1,11.5,30.4,7.5,17.7,22.8
36057,Montgomery County,36057070900,1471,0.7818,36.4,6.7,32.8,21.0,6.3,29.3,17.5,0.0,31.2,32.4
36057,Montgomery County,36057072100,5564,0.3159,12.8,5.5,23.2,7.1,0.7,27.4,9.4,0.0,3.8,17.2
36057,Montgomery County,36057072200,3588,0.5155,16.3,1.9,21.2,8.4,6.2,18.0,27.3,2.6,5.4,15.5
36057,Montgomery County,36057072300,3202,0.5183,27.1,1.8,22.9,7.9,3.7,27.9,16.1,0.7,11.4,29.1
36057,Montgomery County,36057072400,2587,0.7196,33.2,4.6,29.7,16.0,2.5,23.1,23.3,0.3,14.3,19.1
36057,Montgomery County,36057072500,4189,0.6379,31.8,5.9,33.4,11.9,2.9,13.2,29.1,1.6,13.1,18.7
36057,Montgomery County,36057072600,3670,0.7202,34.5,3.9,29.9,13.4,17.8,14.3,31.3,2.9,12.1,19.2
36057,Montgomery County,36057072700,4509,0.5657,20.9,1.9,16.8,12.6,13.2,15.4,27.8,4.4,8.0,15.4
36057,Montgomery County,36057072800,4071,0.2496,9.2,5.3,20.1,8.2,4.1,17.1,17.0,0.1,2.0,19.1
36059,Nassau County,36059300100,5593,0.1306,3.4,2.2,13.0,3.3,0.4,16.8,27.4,3.7,4.3,5.5
36059,Nassau County,36059300300,4477,0.7303,16.9,4.3,30.0,13.4,2.5,21.1,34.7,7.9,6.6,8.0
36059,Nassau County,36059300400,6583,0.338,16.8,4.9,18.3,6.3,2.7,15.9,36.5,7.0,5.3,7.7
36059,Nassau County,36059300500,6180,0.1943,7.0,2.3,20.6,3.8,1.8,19.8,29.4,0.9,4.1,5.6
36059,Nassau County,36059300600,6713,0.487,9.6,2.6,16.5,6.7,2.5,26.4,22.7,1.3,10.7,9.2
36059,Nassau County,36059300700,6510,0.4374,8.6,6.7,19.0,4.5,1.2,25.4,13.6,3.8,14.8,7.7
36059,Nassau County,36059300800,4171,0.2857,11.7,5.0,21.9,8.1,2.6,16.3,17.8,1.7,7.9,6.0
36059,Nassau County,36059300901,2825,0.3579,4.3,3.1,11.1,11.2,1.6,24.9,24.8,0.7,1.5,4.2
36059,Nassau County,36059300902,5425,0.1688,4.7,1.9,11.6,3.9,0.9,35.9,16.3,0.7,9.6,5.2
36059,Nassau County,36059301000,5432,0.1595,3.7,4.4,15.0,2.8,0.1,27.0,27.4,0.0,5.4,4.0
36059,Nassau County,36059301101,6929,0.4503,14.0,3.3,33.5,6.1,9.8,17.0,19.3,4.2,6.1,2.3
36059,Nassau County,36059301102,4950,0.1224,7.0,4.1,28.8,1.2,0.7,24.9,25.6,0.0,7.1,5.5
36059,Nassau County,36059301200,6330,0.1247,2.5,2.7,22.5,2.0,1.1,22.6,23.9,1.2,7.6,1.0
36059,Nassau County,36059301300,5141,0.5448,12.9,2.8,21.6,12.0,8.3,15.5,25.3,4.0,11.3,3.5
36059,Nassau County,36059301400,2181,0.0167,1.7,3.4,3.9,2.1,1.3,14.2,31.6,2.0,1.4,3.9
36059,Nassau County,36059301500,2968,0.0141,3.8,2.5,11.7,0.9,1.6,17.0,27.6,0.0,3.1,4.1
36059,Nassau County,36059301600,4787,0.0469,4.2,3.2,16.3,3.1,0.5,13.5,25.4,0.0,3.6,2.4
36059,Nassau County,36059301700,2792,0.016,6.3,6.6,8.0,1.5,0.0,13.1,32.5,0.0,1.2,3.6
36059,Nassau County,36059301800,4654,0.6482,10.8,1.0,23.8,6.8,8.4,18.8,19.8,0.9,10.7,9.0
36059,Nassau County,36059301900,3066,0.019,1.9,0.1,9.1,0.2,2.4,17.6,29.6,0.0,0.0,0.0
36059,Nassau County,36059302000,5182,0.4495,11.8,1.8,23.5,1.7,1.7,29.8,16.8,1.4,11.0,7.9
36059,Nassau County,36059302101,4470,0.0108,6.2,5.8,9.7,1.7,1.0,17.0,22.7,0.5,0.0,2.2
36059,Nassau County,36059302102,3496,0.0435,4.1,2.7,13.1,2.1,3.4,20.8,26.5,0.0,3.0,4.5
36059,Nassau County,36059302200,4049,0.1213,3.9,4.7,10.4,5.3,2.5,11.7,28.4,1.8,2.1,4.3
36059,Nassau County,36059302300,4700,0.1707,4.4,3.9,11.5,1.6,2.7,22.4,17.7,8.8,2.8,1.7
36059,Nassau County,36059302400,5095,0.1897,7.3,3.0,17.7,8.7,1.2,22.9,17.0,0.8,8.5,7.0
36059,Nassau County,36059302501,2866,0.0498,5.4,2.8,11.3,0.5,2.9,19.3,27.1,0.8,2.6,3.8
36059,Nassau County,36059302502,2757,0.1374,5.5,6.4,8.5,1.7,4.5,18.7,18.0,0.0,2.3,5.7
36059,Nassau County,36059302600,2294,0.1177,3.3,5.2,18.1,3.0,1.0,14.6,22.0,3.8,7.2,10.0
36059,Nassau County,36059302700,4105,0.1331,6.9,5.6,18.1,6.8,5.3,17.3,14.9,0.5,2.6,3.4
36059,Nassau County,36059302800,6167,0.0869,2.6,3.5,22.4,7.3,0.9,17.0,20.8,1.8,5.1,3.8
36059,Nassau County,36059302900,4380,0.0557,4.6,4.2,16.7,5.4,1.1,24.4,18.8,1.2,1.9,6.0
36059,Nassau County,36059303000,5998,0.3872,4.5,7.1,20.1,11.8,3.7,17.1,22.2,6.6,9.0,8.7
36059,Nassau County,36059303101,3904,0.1386,6.7,2.5,18.1,1.3,3.9,21.2,17.5,2.2,1.0,0.0
36059,Nassau County,36059303102,4225,0.2585,7.2,8.1,19.9,4.3,2.9,24.0,20.1,2.4,3.3,3.2
36059,Nassau County,36059303203,2988,0.2079,5.7,6.8,17.7,5.4,0.6,21.6,23.7,2.3,2.0,2.2
36059,Nassau County,36059303204,4787,0.5009,8.2,5.4,19.5,7.4,5.0,18.5,20.6,2.3,7.1,11.4
36059,Nassau County,36059303301,2754,0.33,12.4,6.2,26.9,3.5,5.7,16.1,24.7,3.1,5.5,5.6
36059,Nassau County,36059303302,4789,0.164,0.7,3.4,18.6,6.8,2.2,16.1,23.9,1.7,3.6,6.4
36059,Nassau County,36059303400,2630,0.0137,3.8,1.6,14.2,1.7,1.1,19.2,25.6,0.0,1.4,3.8
36059,Nassau County,36059303500,5638,0.1621,4.1,4.5,18.1,5.9,0.5,18.6,24.5,0.9,2.6,2.0
36059,Nassau County,36059303600,7984,0.3108,12.9,3.7,21.7,9.1,4.9,13.0,17.0,2.0,11.7,9.9
36059,Nassau County,36059303700,7318,0.1199,8.1,3.2,15.9,17.3,3.3,17.5,13.7,1.6,4.5,6.7
36059,Nassau County,36059303800,5375,0.3944,10.0,3.4,27.9,3.4,13.5,12.9,28.4,2.3,4.4,4.9
36059,Nassau County,36059303900,3948,0.1167,4.7,4.1,16.8,7.3,2.0,19.7,15.7,0.5,1.4,3.5
36059,Nassau County,36059304001,2302,0.0122,5.3,2.5,16.1,4.2,1.5,19.4,18.5,1.7,0.8,13.1
36059,Nassau County,36059304002,4971,0.5683,12.0,4.3,24.4,10.7,5.3,20.2,22.9,3.2,6.8,10.8
36059,Nassau County,36059304100,4852,0.583,13.2,1.6,11.8,21.7,12.4,12.7,25.0,13.2,3.2,4.5
36059,Nassau County,36059304202,3314,0.7056,20.0,2.1,33.6,28.7,15.3,14.2,24.5,9.5,4.2,8.8
36059,Nassau County,36059304203,5967,0.8175,26.6,4.1,27.3,38.4,17.3,8.2,26.5,18.9,1.6,12.9
36059,Nassau County,36059304204,5561,0.7394,18.1,2.6,35.3,32.2,12.2,5.6,32.9,22.4,16.0,14.3
36059,Nassau County,36059404300,3134,0.3043,9.7,10.2,29.0,7.3,1.8,20.2,19.1,6.3,2.2,3.3
36059,Nassau County,36059404400,5008,0.0481,5.5,2.1,15.8,2.4,2.4,16.7,22.7,0.6,3.6,3.4
36059,Nassau County,36059404500,4372,0.2557,10.5,3.3,19.9,6.2,2.4,16.3,18.4,1.9,14.8,10.4
36059,Nassau County,36059404600,4218,0.1827,6.5,5.5,19.1,7.6,2.3,25.0,23.3,0.5,2.2,3.0
36059,Nassau County,36059404700,6481,0.1017,7.4,2.9,18.5,5.9,2.9,20.0,19.0,1.3,2.7,3.1
36059,Nassau County,36059404800,6202,0.6915,23.6,9.8,29.2,9.2,4.0,15.5,22.0,8.4,6.4,8.2
36059,Nassau County,36059404901,5228,0.1726,7.1,3.4,23.6,9.6,3.6,19.1,15.9,0.0,0.2,2.4
36059,Nassau County,36059404902,5429,0.5343,10.6,9.1,19.7,16.8,5.2,12.8,19.2,2.2,13.2,4.9
36059,Nassau County,36059405000,5599,0.498,6.9,7.9,18.1,15.3,6.6,19.8,18.1,3.3,9.1,6.5
36059,Nassau County,36059405100,9554,0.1969,4.1,7.1,15.8,5.6,5.1,13.4,19.5,1.3,13.2,13.8
36059,Nassau County,36059405200,7782,0.4016,12.9,7.1,28.1,27.8,9.7,12.8,17.8,8.4,1.7,4.1
36059,Nassau County,36059405301,3443,0.3889,8.8,6.4,19.5,10.2,4.9,17.8,20.6,1.7,1.7,2.7
36059,Nassau County,36059405302,4956,0.2792,10.3,4.4,27.5,12.0,3.9,14.7,19.1,5.8,5.0,7.8
36059,Nassau County,36059405400,8578,0.4433,6.3,2.1,13.1,11.1,6.6,19.1,17.3,4.2,7.5,11.5
36059,Nassau County,36059405500,5801,0.1884,4.7,3.3,22.3,8.3,2.4,17.3,18.7,0.5,2.1,6.0
36059,Nassau County,36059405600,3899,0.1511,5.9,4.5,20.6,5.8,5.4,17.1,25.1,0.0,3.2,6.8
36059,Nassau County,36059405700,5292,0.1108,8.9,5.0,11.2,5.1,3.7,16.5,23.7,4.3,0.4,4.1
36059,Nassau County,36059405800,4113,0.1365,8.4,3.0,19.0,5.3,1.5,19.0,20.0,0.0,4.3,4.9
36059,Nassau County,36059405900,5735,0.2589,10.0,5.7,20.6,8.7,4.9,16.2,24.1,0.6,6.6,6.6
36059,Nassau County,36059406001,5146,0.2722,9.9,10.0,10.5,5.4,3.1,13.8,25.1,0.6,6.6,5.0
36059,Nassau County,36059406002,3357,0.3343,6.4,4.5,17.5,6.7,0.8,14.1,28.3,3.9,2.1,3.5
36059,Nassau County,36059406100,2738,0.1699,8.6,4.6,24.7,10.5,4.6,19.3,14.1,0.0,6.3,11.8
36059,Nassau County,36059406201,3417,0.3526,7.5,2.4,22.1,12.9,5.1,11.6,27.2,8.7,7.2,15.9
36059,Nassau County,36059406202,5938,0.4109,17.1,5.2,17.3,9.1,2.5,12.8,28.0,7.8,1.1,9.7
36059,Nassau County,36059406300,3939,0.0418,3.6,6.7,11.7,4.3,0.6,21.3,25.3,0.0,1.1,8.3
36059,Nassau County,36059406400,6629,0.0857,2.2,0.8,16.3,3.1,1.5,21.0,26.9,0.0,12.0,10.7
36059,Nassau County,36059406501,7192,0.0699,3.3,5.0,9.6,5.4,0.9,13.0,26.3,0.0,5.8,5.0
36059,Nassau County,36059406600,4147,0.0027,2.9,1.0,8.5,2.8,0.7,13.9,24.6,0.0,0.5,2.7
36059,Nassau County,36059406701,2535,0.8869,30.6,2.4,32.2,31.8,18.3,13.3,26.5,15.0,22.8,8.4
36059,Nassau County,36059406702,4636,0.8945,37.2,14.2,33.6,15.1,6.4,13.9,26.9,5.5,35.8,16.6
36059,Nassau County,36059406801,4476,0.9034,22.1,9.8,58.1,30.6,12.9,11.7,21.9,17.5,39.5,16.1
36059,Nassau County,36059406802,5720,0.9166,26.4,10.3,34.9,43.3,18.3,10.4,24.0,26.5,23.8,14.7
36059,Nassau County,36059406900,7327,0.8076,22.6,6.8,37.2,27.3,14.6,8.7,23.1,11.4,12.1,11.6
36059,Nassau County,36059407000,9657,0.9624,35.9,11.8,40.6,21.0,10.3,10.9,28.7,11.0,20.9,18.9
36059,Nassau County,36059407101,5371,0.8303,23.5,9.0,36.4,17.8,5.0,15.2,14.3,8.8,13.5,7.6
36059,Nassau County,36059407102,7423,0.4511,5.6,6.1,9.6,12.0,6.3,11.9,22.2,8.1,6.3,4.0
36059,Nassau County,36059407201,4170,0.9272,35.9,6.4,58.0,36.4,20.0,8.8,24.4,20.2,34.6,14.8
36059,Nassau County,36059407203,4080,0.8213,33.5,7.7,36.6,34.9,16.1,17.1,24.3,12.3,9.3,11.2
36059,Nassau County,36059407204,3162,0.6655,9.1,2.8,12.3,18.2,12.1,14.6,17.1,4.4,1.2,3.3
36059,Nassau County,36059407301,6654,0.6063,14.4,7.9,36.6,8.2,4.8,27.2,5.8,1.4,8.2,22.8
36059,Nassau County,36059407302,5158,0.6197,13.3,4.5,27.2,18.3,3.8,12.4,22.9,7.7,4.7,5.8
36059,Nassau County,36059407401,5991,0.7485,16.0,6.9,20.9,22.5,10.6,12.6,17.9,7.4,12.2,10.3
36059,Nassau County,36059407402,4107,0.7915,19.5,5.3,31.1,27.7,13.1,20.2,17.6,5.5,15.1,6.1
36059,Nassau County,36059407501,4742,0.8871,25.4,6.0,35.2,24.7,7.1,13.5,31.3,16.2,11.2,9.5
36059,Nassau County,36059407502,6540,0.5398,13.7,7.2,20.6,17.3,2.7,15.9,25.9,9.2,8.2,13.0
36059,Nassau County,36059407600,5657,0.2235,2.7,3.7,14.8,5.2,6.2,17.5,20.0,5.0,5.0,8.3
36059,Nassau County,36059407700,4977,0.1895,6.9,2.4,19.8,4.9,3.3,20.5,21.7,1.1,9.8,11.4
36059,Nassau County,36059407801,5553,0.1281,9.2,2.9,17.0,5.7,3.2,16.8,16.7,0.6,7.5,12.4
36059,Nassau County,36059407802,1161,0.4756,18.9,0.0,26.4,22.4,0.9,28.0,3.1,0.0,17.7,25.4
36059,Nassau County,36059407900,5624,0.3712,7.2,2.6,29.8,8.0,0.6,40.9,14.6,0.7,28.9,22.6
36059,Nassau County,36059408000,6420,0.0874,2.9,2.9,16.7,4.8,3.5,15.6,23.8,2.1,3.3,1.5
36059,Nassau County,36059408100,6940,0.2576,12.2,3.7,21.2,6.6,11.0,16.7,19.3,1.6,1.9,1.0
36059,Nassau County,36059408200,6532,0.317,12.1,1.9,14.6,9.0,3.5,19.0,22.3,0.0,8.8,8.5
36059,Nassau County,36059408300,6853,0.1811,4.7,6.0,11.0,6.8,3.7,21.9,25.5,0.0,1.3,9.6
36059,Nassau County,36059408400,3752,0.0692,1.1,1.9,18.6,1.5,0.4,23.3,18.0,1.0,0.0,11.2
36059,Nassau County,36059408500,6465,0.0124,3.5,2.9,17.1,4.2,0.6,16.3,23.3,0.3,1.4,0.8
36059,Nassau County,36059408600,4378,0.0893,3.0,15.6,12.3,4.8,0.6,14.0,24.4,0.0,4.8,8.9
36059,Nassau County,36059408700,4969,0.0916,5.1,6.3,20.7,9.1,2.0,13.5,19.9,2.4,0.8,3.8
36059,Nassau County,36059408800,6470,0.0188,4.1,2.4,17.1,6.4,2.8,17.7,14.3,0.0,0.6,4.7
36059,Nassau County,36059408900,6028,0.099,4.3,4.1,11.7,6.2,2.9,18.4,16.7,1.4,2.8,4.4
36059,Nassau County,36059409000,5581,0.1905,3.2,3.9,29.0,9.6,1.6,21.8,17.3,1.8,3.0,8.4
36059,Nassau County,36059409100,5021,0.0909,5.2,5.7,15.5,7.3,3.5,15.0,17.8,0.3,0.3,15.4
36059,Nassau County,36059409200,5855,0.0479,5.6,5.1,11.4,4.6,1.5,15.7,15.7,1.3,5.0,2.3
36059,Nassau County,36059409300,4176,0.1285,5.8,4.5,11.4,6.5,2.3,18.6,22.5,1.5,1.7,2.4
36059,Nassau County,36059409400,4334,0.1121,12.1,6.7,18.3,5.2,4.8,15.0,17.6,0.8,5.4,3.2
36059,Nassau County,36059409500,3992,0.0224,7.6,2.6,10.0,4.2,3.0,13.8,19.7,0.3,1.7,5.8
36059,Nassau County,36059409600,4993,0.0584,7.1,1.4,17.6,2.9,1.3,19.2,24.5,0.9,0.9,2.7
36059,Nassau County,36059409700,3930,0.0929,4.6,5.2,19.1,4.1,1.9,21.7,21.0,0.0,7.7,8.5
36059,Nassau County,36059409800,6380,0.2787,8.6,6.4,11.5,8.0,6.4,16.4,18.7,5.5,3.1,1.8
36059,Nassau County,36059409900,8323,0.207,6.1,5.5,21.0,10.2,2.0,15.2,20.8,0.0,6.5,9.1
36059,Nassau County,36059410000,4313,0.4632,5.5,3.7,19.4,8.2,4.7,24.2,15.0,3.3,6.3,11.5
36059,Nassau County,36059410100,5988,0.0629,6.3,2.2,15.8,2.5,2.0,20.2,19.9,0.9,0.5,4.5
36059,Nassau County,36059410200,3593,0.112,4.3,2.1,19.4,3.7,1.3,20.5,20.6,0.7,8.5,8.9
36059,Nassau County,36059410300,6338,0.5621,4.5,5.3,17.4,16.2,4.7,17.4,20.1,4.4,7.5,3.5
36059,Nassau County,36059410400,5116,0.1006,3.0,3.2,23.4,13.1,2.6,16.7,12.7,3.8,1.9,7.5
36059,Nassau County,36059410500,8326,0.5208,9.6,7.8,30.3,6.7,4.0,15.8,18.3,5.6,12.8,7.9
36059,Nassau County,36059410600,8007,0.4298,14.9,4.3,17.6,10.0,8.3,17.6,16.4,2.2,7.9,5.3
36059,Nassau County,36059410700,7351,0.3781,6.8,5.3,22.6,9.8,4.5,13.3,27.2,6.6,5.1,1.8
36059,Nassau County,36059410800,5150,0.2437,5.1,3.1,20.5,6.3,3.7,16.9,20.5,2.6,4.3,6.2
36059,Nassau County,36059410900,6529,0.525,18.7,5.4,23.0,14.0,2.8,21.0,23.0,10.0,8.5,8.7
36059,Nassau County,36059411000,6081,0.6911,30.0,5.2,34.8,26.4,11.1,9.1,24.0,3.0,11.8,7.1
36059,Nassau County,36059411100,5075,0.8284,44.3,4.8,46.2,30.7,4.7,13.1,32.4,24.8,34.4,20.0
36059,Nassau County,36059411200,7307,0.3199,11.9,7.1,36.3,3.4,4.1,16.1,29.4,1.2,16.4,9.1
36059,Nassau County,36059411301,4146,0.1296,2.7,4.8,18.5,4.7,2.6,15.0,30.9,1.2,8.0,8.7
36059,Nassau County,36059411302,6388,0.0243,0.7,6.0,13.5,1.6,1.3,17.8,29.1,0.0,1.8,4.1
36059,Nassau County,36059411400,7098,0.2,6.0,3.0,18.2,5.5,4.5,12.0,38.4,3.9,3.9,2.6
36059,Nassau County,36059411500,2947,0.0604,2.8,3.7,6.0,1.0,3.0,18.2,24.7,0.0,2.1,4.4
36059,Nassau County,36059411600,6773,0.0772,2.1,5.1,19.1,3.4,1.6,19.8,28.7,2.1,8.5,3.9
36059,Nassau County,36059411700,7590,0.3718,8.7,5.4,16.9,9.2,3.5,16.7,25.5,3.5,4.6,2.7
36059,Nassau County,36059411800,6586,0.1418,7.0,3.7,20.6,3.3,2.7,18.8,22.9,0.5,10.4,6.1
36059,Nassau County,36059411901,3284,0.6638,16.9,4.2,35.5,9.3,1.5,26.9,16.2,6.2,15.7,23.4
36059,Nassau County,36059411902,4033,0.3577,17.4,3.2,14.6,12.2,5.7,28.8,17.3,2.2,0.7,7.3
36059,Nassau County,36059412000,6396,0.4581,9.8,4.3,23.6,9.6,4.0,14.7,20.6,2.2,5.2,5.4
36059,Nassau County,36059412100,6415,0.3921,8.2,6.2,22.6,7.7,1.4,19.3,20.5,1.9,7.6,5.3
36059,Nassau County,36059412200,5044,0.2361,6.2,6.5,23.2,8.2,3.7,16.8,24.0,0.4,6.7,11.7
36059,Nassau County,36059412301,3710,0.2532,13.5,4.4,31.0,4.1,0.6,22.4,16.4,2.3,9.1,4.4
36059,Nassau County,36059412302,3660,0.2186,8.0,4.3,25.5,6.2,3.7,20.9,18.8,0.5,7.6,4.6
36059,Nassau County,36059412400,6038,0.5478,13.4,1.9,24.9,6.2,3.7,26.3,17.4,3.1,22.7,22.4
36059,Nassau County,36059412500,3942,0.031,1.5,5.9,9.2,5.0,0.8,17.5,26.7,0.0,1.5,3.6
36059,Nassau County,36059412600,3875,0.0135,1.4,2.4,7.4,0.9,0.5,15.6,26.4,0.0,1.2,2.6
36059,Nassau County,36059412700,4585,0.0125,5.5,12.2,7.8,4.0,0.1,16.8,29.8,0.0,1.4,4.9
36059,Nassau County,36059412800,3135,0.0392,3.2,2.0,9.8,1.6,3.6,17.6,19.9,0.4,1.0,7.2
36059,Nassau County,36059412900,6216,0.1197,4.6,4.4,18.5,4.3,2.7,18.4,17.7,1.4,0.0,5.9
36059,Nassau County,36059413001,3990,0.1794,5.6,4.2,22.6,5.4,1.4,23.5,18.1,1.3,9.3,6.0
36059,Nassau County,36059413002,4466,0.2015,6.1,8.4,14.6,10.4,1.9,20.1,22.1,0.0,2.3,2.9
36059,Nassau County,36059413100,5070,0.2558,7.6,8.5,20.0,3.1,3.2,25.2,21.4,0.5,5.3,13.8
36059,Nassau County,36059413200,5675,0.1446,13.3,4.5,20.3,5.6,3.2,25.7,12.9,0.0,4.3,5.3
36059,Nassau County,36059413300,6623,0.0407,4.6,4.0,17.4,2.8,4.2,19.5,21.8,0.0,0.9,3.3
36059,Nassau County,36059413400,5664,0.1646,0.6,6.9,9.6,5.9,1.3,15.9,26.4,0.6,0.7,1.6
36059,Nassau County,36059413500,7649,0.3572,5.6,7.3,19.6,5.6,6.2,15.9,19.6,5.6,2.5,6.0
36059,Nassau County,36059413600,5642,0.2328,10.3,3.3,15.7,3.9,2.8,13.0,19.4,2.9,10.3,6.5
36059,Nassau County,36059413700,5911,0.4952,18.0,4.1,20.8,14.7,3.7,14.3,27.2,5.0,8.3,11.7
36059,Nassau County,36059413803,4385,0.2359,13.3,1.5,21.5,8.3,0.5,18.7,19.1,0.0,4.8,4.8
36059,Nassau County,36059413804,3973,0.0473,4.4,2.7,17.1,5.4,1.5,20.3,18.4,0.0,4.2,4.0
36059,Nassau County,36059413900,8788,0.5256,12.4,4.0,23.7,19.1,6.0,10.3,27.2,3.8,2.5,12.8
36059,Nassau County,36059414001,5139,0.6501,11.4,4.5,39.0,16.9,4.3,10.8,24.5,10.6,12.0,7.8
36059,Nassau County,36059414002,5306,0.5527,9.6,5.8,22.1,19.8,10.3,10.2,21.8,6.9,6.9,14.2
36059,Nassau County,36059414100,7493,0.5206,9.7,3.3,25.4,20.5,4.6,17.0,23.2,10.7,2.1,5.6
36059,Nassau County,36059414201,5651,0.6727,11.5,9.0,26.7,14.1,8.8,17.4,18.4,7.0,11.5,11.2
36059,Nassau County,36059414202,4594,0.7257,22.9,3.6,39.1,20.9,10.2,6.4,23.2,10.6,5.6,10.2
36059,Nassau County,36059414301,3089,0.6278,6.8,8.2,22.6,14.4,0.1,16.4,21.0,12.3,3.4,3.7
36059,Nassau County,36059414303,5309,0.5839,4.1,6.7,17.7,11.8,7.2,11.6,23.1,12.8,5.0,3.0
36059,Nassau County,36059414304,3245,0.8154,20.6,5.5,27.5,34.6,13.2,19.1,21.2,4.2,27.1,14.7
36059,Nassau County,36059414400,5245,0.9061,21.0,5.7,38.1,22.4,11.2,12.0,23.1,9.9,23.8,10.8
36059,Nassau County,36059414501,5703,0.3148,10.3,7.6,16.4,7.7,2.7,20.6,16.5,1.4,7.2,7.5
36059,Nassau County,36059414502,3881,0.6255,9.9,4.9,32.7,7.4,4.8,19.2,15.5,3.3,7.5,8.8
36059,Nassau County,36059414600,3821,0.0783,5.7,3.1,17.8,9.8,1.6,15.7,26.3,0.0,3.2,9.6
36059,Nassau County,36059414700,4619,0.0686,11.3,2.7,18.5,5.5,8.0,17.7,23.3,0.5,1.1,1.4
36059,Nassau County,36059414800,6558,0.069,7.3,5.9,18.6,3.1,1.5,16.7,20.9,0.0,2.9,5.4
36059,Nassau County,36059414900,8047,0.0768,1.5,1.6,18.0,1.5,0.5,15.1,23.9,2.6,2.5,2.9
36059,Nassau County,36059415000,5943,0.0987,10.6,4.6,22.9,5.7,1.4,14.8,23.6,1.9,3.8,6.4
36059,Nassau County,36059415101,2426,0.0601,3.8,1.9,24.3,3.6,1.1,20.1,18.7,0.0,3.4,6.0
36059,Nassau County,36059415102,5000,0.0025,1.7,3.6,8.8,2.6,1.1,15.8,24.0,0.0,0.5,5.6
36059,Nassau County,36059415201,3331,0.0287,1.8,2.3,15.1,2.1,3.2,19.8,21.6,0.0,2.9,4.0
36059,Nassau County,36059415202,4304,0.011,2.7,2.0,22.1,2.3,1.5,20.0,23.6,0.0,1.5,4.9
36059,Nassau County,36059415300,6226,0.2273,5.0,1.1,13.5,4.9,1.5,17.6,20.6,1.7,4.5,4.5
36059,Nassau County,36059415401,5100,0.0454,6.1,3.2,16.1,3.1,1.0,16.3,21.2,0.3,6.6,7.7
36059,Nassau County,36059415402,4611,0.0087,2.0,4.9,7.2,1.5,0.7,12.7,25.5,0.8,4.0,3.8
36059,Nassau County,36059415500,2521,0.0468,1.1,0.9,13.2,3.2,1.2,21.9,18.9,3.1,2.1,3.7
36059,Nassau County,36059415600,5421,0.0382,5.2,6.9,9.6,2.1,0.5,15.3,24.8,0.0,1.6,0.6
36059,Nassau County,36059415700,5770,0.0428,6.5,3.4,19.0,4.7,0.1,13.0,27.9,0.0,1.7,4.2
36059,Nassau County,36059415802,6804,0.066,4.1,1.3,13.8,3.8,1.4,18.3,21.7,1.0,3.8,7.8
36059,Nassau County,36059416000,4313,0.0523,6.1,2.5,17.0,2.7,0.2,16.3,23.0,0.0,2.3,6.5
36059,Nassau County,36059416100,6694,0.0665,2.2,8.5,11.0,3.2,3.6,13.6,20.7,0.0,2.3,4.1
36059,Nassau County,36059416201,3713,0.0652,5.8,2.8,15.3,3.6,0.4,21.2,17.9,1.3,2.7,5.4
36059,Nassau County,36059416202,4947,0.5375,18.0,6.8,34.5,6.4,9.0,18.9,15.2,2.4,5.0,5.0
36059,Nassau County,36059416300,3088,0.0257,5.9,7.1,16.2,1.6,1.5,22.4,17.4,0.7,9.4,3.5
36059,Nassau County,36059416401,4448,0.0587,9.6,1.7,19.8,0.5,6.6,11.6,13.3,0.0,4.4,3.7
36059,Nassau County,36059416402,2685,0.1116,1.6,4.1,19.4,6.3,2.2,25.4,11.9,0.0,8.3,0.8
36059,Nassau County,36059416500,6664,0.7624,11.6,9.2,28.7,9.5,4.4,19.0,20.4,5.9,8.8,8.8
36059,Nassau County,36059416600,5264,0.4037,7.9,3.0,24.1,3.2,3.8,23.9,14.2,5.1,13.1,10.2
36059,Nassau County,36059416701,5233,0.2642,7.1,3.7,15.9,5.2,8.0,20.5,14.0,4.5,1.0,5.9
36059,Nassau County,36059416702,4180,0.1509,8.2,2.3,24.0,2.5,5.4,25.1,5.9,1.1,13.3,6.9
36059,Nassau County,36059416801,2235,0.0118,9.0,6.6,18.6,4.7,0.7,18.4,19.1,0.0,5.3,3.5
36059,Nassau County,36059416802,4025,0.153,9.3,0.0,25.6,0.8,4.8,20.8,9.0,1.4,13.5,7.6
36059,Nassau County,36059416900,3730,0.2022,11.9,4.6,23.4,2.7,1.7,30.3,13.8,0.0,9.6,7.7
36059,Nassau County,36059517000,3646,0.4372,20.0,6.9,20.9,6.9,7.3,29.4,14.6,0.0,6.8,10.5
36059,Nassau County,36059517101,5492,0.3849,16.1,1.7,34.3,12.5,2.9,16.1,15.4,6.4,5.6,6.6
36059,Nassau County,36059517102,2583,0.3556,1.8,8.9,12.3,11.0,2.0,23.9,16.1,2.5,3.4,6.4
36059,Nassau County,36059517201,3863,0.908,39.1,5.0,56.9,18.7,9.4,17.8,25.7,10.0,25.0,11.6
36059,Nassau County,36059517202,3668,0.9114,40.1,1.8,44.8,29.6,11.4,16.8,20.8,16.1,7.1,5.9
36059,Nassau County,36059517301,3561,0.4239,12.0,0.0,23.9,6.5,8.0,28.5,11.6,0.0,21.2,9.9
36059,Nassau County,36059517302,5319,0.689,23.1,3.9,31.3,16.4,14.4,17.1,22.4,1.4,8.3,7.8
36059,Nassau County,36059517400,5062,0.1255,4.3,12.2,17.3,2.8,2.2,19.5,26.1,0.5,2.4,7.2
36059,Nassau County,36059517500,3807,0.0758,6.5,3.1,19.9,4.4,0.8,24.2,21.3,0.0,0.7,3.0
36059,Nassau County,36059517600,4801,0.1699,8.2,2.2,21.4,5.4,0.9,20.4,23.3,0.0,2.8,4.3
36059,Nassau County,36059517701,7592,0.0853,7.9,5.3,17.2,3.7,1.7,20.3,23.0,1.0,2.6,4.3
36059,Nassau County,36059517705,2511,0.0234,6.4,3.3,5.8,2.6,2.0,17.3,23.1,1.3,1.5,0.4
36059,Nassau County,36059517801,3953,0.0593,6.5,4.3,10.7,4.9,1.0,19.6,21.6,0.2,2.6,3.3
36059,Nassau County,36059517802,3611,0.3248,7.4,3.2,22.3,12.2,6.0,17.1,27.9,2.3,2.3,6.2
36059,Nassau County,36059517901,4923,0.0561,5.8,4.7,19.2,4.3,3.2,19.4,18.0,0.0,12.3,14.7
36059,Nassau County,36059517902,2770,0.1405,8.3,2.9,21.8,6.7,0.6,29.4,12.6,0.2,6.6,3.6
36059,Nassau County,36059518000,6648,0.4032,18.9,5.8,34.1,5.8,1.7,18.9,20.9,3.9,12.6,9.3
36059,Nassau County,36059518100,2829,0.061,3.4,2.0,9.0,1.4,1.7,17.9,26.6,2.4,2.4,3.7
36059,Nassau County,36059518201,4247,0.045,7.1,4.0,7.7,1.8,3.3,17.9,22.5,0.4,2.2,3.8
36059,Nassau County,36059518203,4284,0.1808,9.1,2.5,10.4,8.2,3.1,36.8,15.7,0.0,2.2,7.0
36059,Nassau County,36059518204,4885,0.0804,3.2,1.3,9.3,1.0,1.8,29.8,23.7,1.5,5.2,4.9
36059,Nassau County,36059518300,5958,0.1391,9.2,2.3,16.2,3.2,0.6,18.7,30.6,1.5,1.5,4.4
36059,Nassau County,36059518400,4248,0.0732,13.9,2.8,23.4,1.7,1.2,15.6,25.3,0.0,1.7,7.2
36059,Nassau County,36059518501,6839,0.5738,4.8,8.3,10.3,7.3,3.0,22.2,23.7,0.0,8.2,2.9
36059,Nassau County,36059518502,3260,0.192,16.5,5.4,18.2,5.9,4.9,11.7,24.8,6.0,5.0,6.3
36059,Nassau County,36059518600,4260,0.2904,10.2,6.3,13.3,5.6,2.6,18.6,27.7,0.9,1.8,1.4
36059,Nassau County,36059518700,5503,0.2479,10.2,4.7,20.3,4.4,0.7,15.5,25.8,2.6,2.0,3.8
36059,Nassau County,36059518800,3098,0.0405,4.0,6.8,15.3,3.3,0.3,13.1,27.2,0.5,2.3,4.1
36059,Nassau County,36059518900,7430,0.2076,7.3,1.9,16.3,11.2,4.7,14.6,19.2,7.8,4.4,5.3
36059,Nassau County,36059519000,6007,0.1861,1.8,3.6,19.8,13.0,2.1,19.1,17.8,2.8,1.4,8.3
36059,Nassau County,36059519100,6368,0.3765,14.2,3.1,25.5,4.8,6.8,22.3,15.8,1.2,3.3,14.2
36059,Nassau County,36059519200,6851,0.3783,8.5,5.2,18.0,6.2,8.5,20.1,19.3,4.2,4.6,11.5
36059,Nassau County,36059519300,6741,0.482,11.3,4.2,24.2,11.8,7.1,14.7,19.2,12.0,5.5,6.1
36059,Nassau County,36059519400,4270,0.043,3.6,2.3,13.1,4.7,3.7,19.6,9.7,1.1,2.7,2.5
36059,Nassau County,36059519500,6417,0.2152,5.6,5.9,10.8,10.1,7.6,17.2,22.0,2.9,3.9,6.9
36059,Nassau County,36059519601,4461,0.0179,2.6,2.7,15.0,2.4,0.0,16.8,25.3,0.4,4.7,3.5
36059,Nassau County,36059519602,1997,0.1466,2.7,6.2,13.9,3.1,5.6,18.7,23.1,0.6,2.8,1.5
36059,Nassau County,36059519702,5917,0.3589,7.0,0.7,23.6,3.6,3.1,27.7,21.5,3.3,14.6,10.8
36059,Nassau County,36059519703,3624,0.0912,0.2,4.8,10.1,2.0,1.0,21.4,25.2,1.9,1.7,9.6
36059,Nassau County,36059519704,3087,0.1872,5.2,0.6,11.5,2.1,1.9,24.5,24.5,0.0,11.6,6.8
36059,Nassau County,36059519801,2441,0.2422,3.3,3.4,19.5,7.3,6.7,19.1,24.0,3.1,7.7,6.5
36059,Nassau County,36059519802,5093,0.1118,3.1,3.0,11.3,2.1,2.0,17.8,23.1,0.0,2.6,3.7
36059,Nassau County,36059519900,5515,0.1796,8.3,9.2,15.3,3.7,1.2,24.1,20.2,0.5,3.2,5.6
36059,Nassau County,36059520001,7103,0.2072,4.6,5.4,13.3,6.5,2.2,25.7,18.5,1.0,8.4,14.5
36059,Nassau County,36059520002,4663,0.3691,8.3,1.9,16.1,7.5,1.2,20.1,20.4,3.0,4.3,12.6
36059,Nassau County,36059520100,5779,0.1361,4.6,3.5,17.3,2.0,1.7,21.4,21.8,0.2,5.9,5.1
36059,Nassau County,36059520200,3310,0.1093,8.6,0.9,16.8,6.4,3.4,14.8,24.4,3.8,2.5,8.8
36059,Nassau County,36059520300,5653,0.3395,7.3,3.6,24.8,8.6,2.2,17.4,21.3,0.3,8.2,9.0
36059,Nassau County,36059520401,4335,0.095,5.9,4.6,13.6,5.4,1.3,15.1,16.8,0.0,8.3,4.7
36059,Nassau County,36059520402,4093,0.3988,7.9,4.3,30.4,5.1,2.4,24.2,18.3,1.1,10.4,13.8
36059,Nassau County,36059520501,3967,0.0962,5.0,13.5,13.5,4.6,6.4,15.7,16.0,0.8,8.3,3.7
36059,Nassau County,36059520502,5257,0.0241,7.3,2.2,15.3,6.2,1.3,19.8,17.0,0.0,3.2,9.4
36059,Nassau County,36059520600,5804,0.0327,4.2,3.3,11.2,6.0,1.5,15.5,19.1,2.5,1.1,7.5
36059,Nassau County,36059520700,4847,0.0184,7.3,1.1,20.4,3.8,1.3,13.9,16.8,0.0,1.3,6.6
36059,Nassau County,36059520800,4175,0.0051,2.2,5.3,13.9,3.6,0.4,17.5,20.1,0.0,2.8,8.6
36059,Nassau County,36059520900,4557,0.0969,7.4,2.2,21.2,2.8,2.2,19.7,17.0,0.0,1.9,4.5
36059,Nassau County,36059521000,4619,0.2211,6.5,3.4,16.7,8.5,4.3,23.3,18.7,0.0,4.1,4.7
36059,Nassau County,36059521100,4391,0.0373,5.0,3.3,19.2,3.7,0.7,18.0,19.8,1.3,6.3,4.7
36059,Nassau County,36059521200,2906,0.0274,3.2,1.3,8.7,9.1,0.9,19.5,18.0,2.3,1.8,8.1
36059,Nassau County,36059521301,2755,0.0209,5.9,4.4,17.5,2.6,0.5,11.7,20.5,0.0,0.0,6.1
36059,Nassau County,36059521302,5344,0.0023,5.7,5.0,15.5,3.2,1.6,17.9,18.5,0.0,2.9,5.3
36059,Nassau County,36059521400,6449,0.0222,3.4,6.7,16.5,1.5,0.5,19.9,23.6,0.0,0.0,4.0
36059,Nassau County,36059521500,5061,0.0895,13.1,6.6,20.5,2.0,3.7,20.5,19.6,2.2,3.1,0.8
36059,Nassau County,36059521601,4471,0.0504,6.6,2.2,10.7,2.5,3.1,17.5,19.3,3.4,2.9,5.1
36059,Nassau County,36059521602,3141,0.026,4.2,2.7,15.7,5.0,3.4,13.4,24.7,0.0,10.5,6.5
36059,Nassau County,36059521700,4372,0.0268,4.9,7.4,16.2,2.0,0.2,23.4,19.1,0.0,4.7,6.0
36059,Nassau County,36059521801,3761,0.0063,3.3,0.8,19.2,2.2,3.7,21.0,19.4,0.0,2.6,15.0
36059,Nassau County,36059521802,3847,0.0361,1.5,5.4,6.9,3.3,2.3,20.4,19.1,1.6,0.0,2.7
36059,Nassau County,36059521902,4440,0.0422,2.3,4.6,10.4,1.7,0.6,19.3,23.2,0.7,1.5,3.1
36059,Nassau County,36059522000,7460,0.4174,9.0,7.2,26.1,3.9,2.6,31.0,14.3,1.1,6.4,10.3
36059,Nassau County,36059522700,4846,0.1914,4.2,4.4,15.7,4.4,0.6,20.6,22.4,0.7,2.5,5.9
36059,Nassau County,36059980100,964,,,7.8,,,2.3,0.0,2.1,,,
36059,Nassau County,36059981100,931,,,13.3,,0.0,3.7,0.0,1.3,,,
36059,Nassau County,36059982100,1159,0.4353,0.0,11.1,100.0,66.7,4.1,0.9,3.9,0.0,100.0,0.0
36061,New York County,36061000100,0,,,,,,,,,,,
36061,New York County,36061000201,2666,0.939,55.9,10.8,50.3,31.3,0.0,12.3,44.3,18.6,91.5,17.3
36061,New York County,36061000202,7001,0.9236,38.2,10.2,37.5,23.3,3.2,18.2,12.5,7.1,85.1,23.5
36061,New York County,36061000500,0,,,,,,,,,,,
36061,New York County,36061000600,10751,0.9677,51.6,12.3,48.6,44.7,6.2,31.1,12.0,8.9,85.8,27.0
36061,New York County,36061000700,8674,0.0998,7.3,3.9,12.2,2.1,0.9,2.1,9.6,8.3,94.1,3.3
36061,New York County,36061000800,8713,0.9415,47.1,12.4,54.7,47.6,9.1,26.9,10.7,11.9,88.2,26.8
36061,New York County,36061000900,1824,0.1568,8.9,1.1,8.6,1.1,1.0,4.4,13.4,5.9,84.8,0.0
36061,New York County,36061001001,1696,0.1764,3.1,5.5,15.9,3.8,1.5,17.1,19.9,3.2,43.4,9.9
36061,New York County,36061001002,5989,0.9837,67.1,10.6,54.9,42.2,4.1,19.9,20.8,2.1,88.7,34.7
36061,New York County,36061001200,4157,0.7666,23.6,6.4,23.6,11.5,1.2,30.3,19.0,1.5,72.5,15.6
36061,New York County,36061001300,4861,0.1393,7.7,3.7,17.8,0.4,4.6,1.9,8.7,7.9,82.9,3.3
36061,New York County,36061001401,3165,0.4769,8.6,5.4,24.3,4.2,0.3,35.9,12.4,1.4,64.7,21.1
36061,New York County,36061001402,3286,0.9133,37.5,3.1,33.2,26.2,3.2,26.1,7.0,3.8,85.4,23.0
36061,New York County,36061001501,7721,0.6563,10.5,5.6,14.9,14.1,1.8,23.2,16.9,14.8,73.2,9.4
36061,New York County,36061001502,8623,0.321,12.8,2.4,17.8,2.8,5.1,3.6,7.1,7.6,88.2,0.0
36061,New York County,36061001600,7720,0.8785,20.5,10.8,45.6,34.7,7.8,25.5,10.3,12.1,83.6,31.4
36061,New York County,36061001800,6948,0.8143,22.1,2.4,29.3,30.1,12.1,20.7,5.7,7.1,88.6,18.0
36061,New York County,36061002000,4689,0.954,58.6,14.1,52.1,42.8,1.0,16.4,20.0,1.5,86.7,26.5
36061,New York County,36061002100,7275,0.0559,1.0,0.8,6.7,0.5,0.4,7.7,22.7,8.3,78.3,1.5
36061,New York County,36061002201,6748,0.8707,37.3,7.9,44.0,17.1,3.2,19.2,14.7,3.4,76.2,32.0
36061,New York County,36061002202,2521,0.5041,28.2,2.1,20.3,5.9,6.5,8.4,9.2,8.2,82.7,11.4
36061,New York County,36061002400,4311,0.966,69.2,12.9,50.2,41.0,2.6,23.0,23.3,4.4,79.3,26.6
36061,New York County,36061002500,5162,0.9939,58.6,13.4,46.4,48.0,1.6,23.4,24.4,11.0,89.2,38.9
36061,New York County,36061002601,4592,0.8844,50.0,6.6,47.3,27.1,4.4,9.8,12.8,3.3,87.0,20.3
36061,New York County,36061002602,3632,0.6843,19.8,4.1,34.4,10.3,4.9,12.1,6.4,8.9,77.2,12.2
36061,New York County,36061002700,1203,0.9234,20.9,8.9,22.4,24.6,7.6,34.6,8.4,32.3,78.2,38.8
36061,New York County,36061002800,6364,0.8253,31.8,5.1,33.8,16.7,3.3,20.9,11.2,5.1,77.2,20.1
36061,New York County,36061002901,1113,0.8939,79.7,88.2,86.2,47.7,0.8,14.9,0.0,16.1,86.2,70.1
36061,New York County,36061002902,3885,0.9013,42.3,8.8,41.6,33.0,9.8,32.0,9.6,12.7,81.2,28.9
36061,New York County,36061003001,3868,0.4165,22.2,0.2,31.0,9.8,4.8,5.2,6.0,2.5,84.9,7.8
36061,New York County,36061003002,3062,0.731,33.5,3.9,26.5,15.7,3.4,19.1,8.6,5.2,88.6,16.4
36061,New York County,36061003100,2667,0.4988,18.6,6.4,14.1,14.7,2.5,5.6,5.0,6.6,86.4,9.9
36061,New York County,36061003200,7523,0.5421,21.3,8.0,25.0,5.0,3.2,20.6,7.0,2.0,77.7,8.5
36061,New York County,36061003300,5787,0.1083,3.0,3.0,10.4,0.4,3.2,10.4,20.1,3.7,62.1,2.8
36061,New York County,36061003400,6647,0.2961,23.1,3.0,24.1,7.1,2.6,9.6,4.3,3.0,78.1,5.2
36061,New York County,36061003601,2942,0.8287,32.9,2.0,38.6,27.4,3.8,20.8,8.8,6.4,83.2,16.4
36061,New York County,36061003602,3409,0.7518,31.5,9.8,22.6,10.5,4.7,17.0,6.4,6.7,89.3,7.3
36061,New York County,36061003700,3380,0.1152,9.4,1.0,14.5,2.5,2.8,19.4,13.0,1.6,73.9,3.8
36061,New York County,36061003800,8199,0.628,24.8,4.0,35.3,10.6,4.8,18.2,2.3,2.8,90.6,14.1
36061,New York County,36061003900,6935,0.4138,11.1,3.6,23.8,4.0,1.3,22.6,18.6,2.7,50.7,4.4
36061,New York County,36061004001,3035,0.214,15.4,1.6,19.9,1.3,7.6,16.5,0.7,0.0,93.5,4.8
36061,New York County,36061004002,6067,0.3055,19.8,2.8,22.7,3.7,1.6,5.4,6.4,1.8,90.4,8.5
36061,New York County,36061004100,7051,0.7763,19.1,5.9,32.9,19.4,6.5,13.9,10.4,6.8,81.9,16.2
36061,New York County,36061004200,5243,0.3074,13.6,6.8,25.8,2.3,1.9,6.7,4.7,5.2,82.6,1.4
36061,New York County,36061004300,3494,0.5849,30.5,2.3,29.1,11.3,6.1,20.5,2.0,1.4,91.9,6.6
36061,New York County,36061004400,15945,0.0852,12.2,2.2,15.4,2.5,1.4,14.6,9.0,3.5,73.1,14.2
36061,New York County,36061004500,1226,0.4579,13.4,4.1,13.5,8.5,5.0,19.8,16.8,10.4,63.7,2.9
36061,New York County,36061004700,2466,0.0948,8.6,3.5,17.1,0.6,5.4,17.1,9.0,4.7,82.8,1.1
36061,New York County,36061004800,6413,0.2724,11.7,4.3,13.0,2.5,0.6,16.7,10.1,3.4,76.4,4.7
36061,New York County,36061004900,4323,0.3161,12.0,2.6,18.2,1.2,1.8,23.9,8.8,3.0,72.3,4.1
36061,New York County,36061005000,4892,0.1675,6.4,3.6,13.7,3.5,1.2,14.2,16.7,4.6,79.7,0.6
36061,New York County,36061005200,3128,0.2963,11.8,5.7,18.7,3.3,1.5,12.1,11.3,2.3,69.0,5.1
36061,New York County,36061005400,4713,0.2577,8.7,2.6,11.3,3.3,2.9,20.3,10.6,3.2,71.5,3.9
36061,New York County,36061005501,4987,0.3283,17.0,5.3,16.6,2.9,2.8,13.3,11.6,6.4,63.7,4.4
36061,New York County,36061005502,1918,0.3923,14.8,7.7,15.6,1.6,0.6,15.3,8.6,2.9,73.1,4.7
36061,New York County,36061005600,4319,0.5151,21.3,3.8,32.7,7.3,2.5,15.9,12.2,1.3,83.6,9.9
36061,New York County,36061005700,2957,0.1256,5.1,3.2,24.0,2.3,1.1,18.9,10.7,2.4,56.3,1.9
36061,New York County,36061005800,4237,0.1534,14.2,3.1,12.4,2.0,1.5,5.7,12.2,0.0,84.5,7.2
36061,New York County,36061005900,5001,0.2209,3.5,4.6,19.6,0.7,2.2,21.3,6.6,4.4,66.9,1.8
36061,New York County,36061006000,5630,0.4214,3.6,4.0,10.1,4.0,3.6,22.1,27.2,2.9,61.5,1.9
36061,New York County,36061006100,5218,0.2458,5.4,8.1,11.8,0.7,1.1,18.8,7.2,1.7,68.9,2.2
36061,New York County,36061006200,4234,0.7584,28.3,6.6,27.5,14.4,9.3,13.8,8.6,6.0,86.8,13.9
36061,New York County,36061006300,5799,0.2781,5.9,1.6,16.6,0.6,2.7,24.5,7.6,1.2,75.8,5.2
36061,New York County,36061006400,7513,0.4482,19.9,1.0,28.9,4.5,4.4,14.9,10.4,1.4,82.2,2.1
36061,New York County,36061006500,6088,0.3266,9.8,8.9,28.9,0.4,4.1,11.7,4.2,6.8,82.4,5.3
36061,New York County,36061006600,11615,0.3454,10.7,4.1,20.8,1.6,3.2,20.5,8.1,1.4,78.7,9.1
36061,New York County,36061006700,5020,0.2408,8.7,3.1,21.9,1.4,3.2,21.5,1.1,2.5,89.1,9.5
36061,New York County,36061006800,7265,0.2545,14.4,3.7,19.6,1.6,2.5,11.7,7.1,0.6,79.6,6.7
36061,New York County,36061006900,2491,0.1454,7.0,6.7,11.5,0.0,2.3,13.6,9.1,2.0,73.7,0.8
36061,New York County,36061007001,3928,0.1351,2.6,0.8,22.4,3.7,0.0,15.6,13.6,4.0,69.8,14.1
36061,New York County,36061007002,3657,0.2315,12.7,6.1,18.1,0.3,6.3,8.8,6.7,4.0,83.8,3.8
36061,New York County,36061007100,4995,0.1663,9.1,2.9,17.9,3.5,1.5,13.3,8.6,3.3,86.2,1.9
36061,New York County,36061007200,7035,0.0867,8.1,0.7,16.2,2.5,1.1,10.3,6.9,0.7,90.9,3.5
36061,New York County,36061007300,5683,0.1753,10.5,11.2,22.7,2.0,4.7,8.7,7.0,2.0,82.6,1.6
36061,New York County,36061007400,5056,0.2636,11.3,5.7,16.7,3.3,3.6,8.6,5.1,2.3,92.3,4.1
36061,New York County,36061007500,3692,0.233,7.7,5.1,18.3,1.7,2.5,27.6,6.4,2.3,69.9,4.4
36061,New York County,36061007600,2442,0.5942,19.5,7.3,22.9,6.1,2.7,8.4,8.8,5.7,88.0,9.2
36061,New York County,36061007700,5706,0.1496,9.1,5.5,17.8,1.7,1.2,15.2,7.2,3.3,87.1,0.7
36061,New York County,36061007800,9023,0.1682,6.2,1.5,15.6,1.8,6.8,12.5,10.1,4.6,90.0,8.3
36061,New York County,36061007900,4211,0.1777,9.2,17.4,17.2,0.4,0.5,18.7,15.2,7.9,84.4,10.6
36061,New York County,36061008000,5137,0.1804,9.7,3.3,13.8,1.3,1.7,17.6,10.6,5.8,80.4,4.6
36061,New York County,36061008100,6639,0.1903,8.6,2.8,14.2,2.8,1.4,17.8,11.1,3.3,77.5,4.4
36061,New York County,36061008200,3551,0.2233,8.7,6.7,20.3,3.6,1.0,11.5,18.8,9.9,85.8,3.0
36061,New York County,36061008300,3798,0.7789,26.2,8.6,35.5,13.4,6.4,21.0,6.2,1.2,82.7,13.2
36061,New York County,36061008400,1590,0.5358,8.7,1.9,3.7,4.6,6.1,16.2,7.5,6.6,89.1,4.3
36061,New York County,36061008601,3127,0.2551,17.8,7.1,15.8,0.7,4.9,10.6,7.2,4.1,78.7,2.3
36061,New York County,36061008602,0,,,,,,,,,,,
36061,New York County,36061008603,4765,0.0787,3.1,2.7,8.3,0.0,0.1,44.8,14.4,1.5,57.1,10.4
36061,New York County,36061008700,6133,0.1513,13.5,4.4,27.1,3.1,3.7,6.8,9.5,2.1,82.6,1.6
36061,New York County,36061008800,7491,0.2097,7.2,3.5,30.8,0.6,1.3,19.8,7.4,7.4,82.4,0.7
36061,New York County,36061008900,6314,0.5822,15.5,10.6,35.0,8.4,1.9,15.1,10.5,3.7,76.6,6.7
36061,New York County,36061009000,6947,0.5201,13.5,5.8,19.6,6.9,5.9,22.8,3.1,3.4,85.1,4.8
36061,New York County,36061009100,6654,0.4362,20.6,1.4,19.5,5.4,2.2,10.4,8.9,0.8,75.1,5.2
36061,New York County,36061009200,1436,0.2051,4.1,4.2,22.5,2.3,1.8,19.5,7.7,3.8,86.3,2.5
36061,New York County,36061009300,9632,0.616,19.3,6.1,27.0,9.2,1.5,22.7,12.2,3.2,78.3,7.1
36061,New York County,36061009400,89,0.0449,18.0,50.0,0.0,0.0,0.0,0.0,0.0,0.0,88.9,0.0
36061,New York County,36061009500,3217,0.2566,10.7,10.0,15.8,2.7,1.7,10.2,8.7,3.4,89.8,3.2
36061,New York County,36061009600,310,0.4537,23.1,7.9,16.6,11.6,0.0,12.9,0.0,0.0,78.1,8.9
36061,New York County,36061009700,4565,0.674,18.4,1.8,24.1,13.1,1.7,36.5,7.8,0.8,81.6,12.4
36061,New York County,36061009800,8116,0.4933,16.5,1.5,26.4,4.9,4.2,14.5,11.1,6.9,84.1,5.7
36061,New York County,36061009901,1800,0.0846,5.3,0.0,11.3,3.6,0.1,1.7,14.6,6.8,69.0,1.7
36061,New York County,36061009902,3057,0.222,13.7,2.8,23.8,9.1,2.7,5.2,12.9,1.5,83.4,8.5
36061,New York County,36061009903,916,0.5809,12.4,8.4,31.7,0.0,6.2,15.5,8.3,13.1,89.1,3.1
36061,New York County,36061010000,1636,0.241,6.7,4.8,39.1,1.1,0.9,17.5,3.5,1.7,91.2,4.2
36061,New York County,36061010100,1824,0.6499,26.4,4.9,21.4,11.2,4.4,4.3,3.7,6.7,91.7,1.0
36061,New York County,36061010200,243,0.4874,20.6,4.1,20.0,2.4,3.0,58.4,13.2,3.8,85.0,0.0
36061,New York County,36061010300,2648,0.3361,12.2,4.3,24.3,0.4,3.6,6.7,2.7,5.1,98.2,2.9
36061,New York County,36061010400,741,0.2568,5.5,3.7,9.8,1.1,2.2,29.7,1.8,1.2,77.1,2.8
36061,New York County,36061010601,7366,0.1009,4.8,3.3,12.8,1.6,0.2,39.4,11.9,2.1,61.9,5.3
36061,New York County,36061010602,4992,0.3077,8.2,2.5,12.4,0.4,1.0,13.6,21.0,9.2,75.7,13.5
36061,New York County,36061010801,3164,0.2446,5.9,8.7,15.8,0.0,2.3,21.8,8.5,1.0,87.8,5.7
36061,New York County,36061010802,4352,0.256,9.2,6.4,22.7,2.3,0.0,49.5,8.4,4.8,87.2,7.2
36061,New York County,36061010803,1876,0.1815,5.4,9.0,6.6,0.0,2.7,20.0,14.4,5.6,76.9,7.0
36061,New York County,36061010900,210,0.4243,44.8,0.0,27.6,17.2,1.9,6.7,3.8,2.3,92.0,13.8
36061,New York County,36061011000,7303,0.2323,7.3,4.9,15.4,1.7,2.0,16.9,16.7,2.8,78.0,3.3
36061,New York County,36061011100,4899,0.6191,20.8,2.7,30.0,9.1,4.7,10.0,7.2,10.3,91.2,9.7
36061,New York County,36061011201,936,0.2591,9.7,2.4,21.7,0.8,1.6,28.1,10.8,0.6,85.3,4.9
36061,New York County,36061011202,488,0.0502,9.2,1.7,11.5,0.0,0.4,51.4,7.0,0.7,66.5,0.0
36061,New York County,36061011203,1076,0.1218,5.1,5.6,16.7,2.2,1.8,24.3,10.3,1.9,72.0,4.3
36061,New York County,36061011300,137,0.9059,66.4,23.4,39.1,18.8,15.3,35.8,0.0,0.0,87.0,0.0
36061,New York County,36061011401,1066,0.4052,6.1,10.0,10.0,3.3,5.1,35.2,15.5,0.0,70.1,4.0
36061,New York County,36061011402,2371,0.3001,3.3,7.6,14.6,1.5,0.0,24.9,15.2,2.5,76.1,0.9
36061,New York County,36061011500,3475,0.5588,22.6,8.2,18.8,6.1,4.4,7.6,5.4,3.8,94.9,4.0
36061,New York County,36061011600,3577,0.3796,10.3,1.3,27.1,3.8,0.5,16.3,9.4,0.7,91.9,18.6
36061,New York County,36061011700,4991,0.3359,10.7,3.4,17.2,2.6,2.5,5.3,7.0,3.0,88.6,1.3
36061,New York County,36061011800,9510,0.272,9.6,3.8,25.1,0.6,0.9,20.9,15.4,2.2,67.0,4.7
36061,New York County,36061011900,1040,0.8968,63.4,15.2,45.4,30.4,7.8,50.6,1.1,0.0,96.0,61.3
36061,New York County,36061012000,2993,0.2891,16.6,1.1,14.2,2.8,2.8,35.9,10.9,2.0,65.5,10.3
36061,New York County,36061012101,2837,0.7972,34.6,15.2,31.7,9.0,8.5,20.6,1.6,3.9,98.2,12.0
36061,New York County,36061012102,5049,0.8401,24.7,15.6,47.7,15.4,4.5,37.9,5.2,2.1,91.5,22.8
36061,New York County,36061012200,2608,0.0578,6.2,1.4,15.5,0.7,0.0,37.7,15.3,0.0,62.0,1.0
36061,New York County,36061012400,9826,0.3935,5.9,3.9,20.8,5.5,0.3,19.8,17.1,6.6,73.6,8.2
36061,New York County,36061012500,2488,0.4089,16.4,7.7,20.9,6.7,0.8,13.5,7.7,1.1,91.6,7.2
36061,New York County,36061012601,7417,0.1293,4.4,7.5,23.8,0.0,2.5,16.7,17.6,0.4,68.0,3.2
36061,New York County,36061012602,4682,0.0985,6.7,0.0,17.2,4.3,0.0,22.8,13.3,0.0,73.9,4.6
36061,New York County,36061012700,7092,0.421,14.2,1.9,20.1,5.9,1.5,9.7,5.4,1.0,87.5,16.3
36061,New York County,36061012800,5089,0.2184,5.4,2.0,16.0,1.6,0.6,37.9,17.0,0.0,54.0,8.5
36061,New York County,36061012901,7530,0.2648,9.8,3.4,27.8,0.7,0.4,5.9,10.4,1.7,84.6,6.1
36061,New York County,36061012902,2350,0.5408,22.5,2.0,27.3,5.4,8.1,10.2,8.0,5.3,77.0,1.5
36061,New York County,36061013000,3632,0.3994,6.7,7.4,21.3,1.1,1.8,38.8,15.5,0.0,55.6,10.3
36061,New York County,36061013100,3018,0.6012,17.4,3.0,31.1,5.1,3.5,20.5,5.5,6.6,88.0,18.3
36061,New York County,36061013201,2274,0.2716,9.8,1.8,24.9,0.8,4.2,15.2,6.6,1.3,90.3,5.8
36061,New York County,36061013202,3261,0.4355,23.2,2.7,50.0,2.8,5.5,30.8,11.1,3.0,70.9,10.6
36061,New York County,36061013203,4277,0.4168,24.0,2.1,38.3,0.0,7.4,20.0,16.4,10.9,80.6,0.0
36061,New York County,36061013300,6304,0.4826,19.6,4.5,34.7,4.0,5.8,13.1,4.1,4.1,86.8,6.3
36061,New York County,36061013400,11387,0.2593,10.5,3.4,21.7,0.7,2.2,14.6,18.0,7.6,78.2,5.0
36061,New York County,36061013501,4569,0.4497,22.7,1.7,23.5,8.2,0.5,17.7,13.4,12.0,92.6,3.4
36061,New York County,36061013502,5593,0.8757,32.0,11.4,36.1,7.4,2.3,25.0,5.3,4.4,81.3,13.2
36061,New York County,36061013601,1722,0.1291,0.9,2.1,17.6,8.1,0.5,42.7,10.9,0.0,55.2,4.9
36061,New York County,36061013602,6142,0.3239,5.3,3.5,15.7,4.0,0.3,19.6,24.6,14.9,54.6,1.2
36061,New York County,36061013603,3937,0.1718,7.6,1.0,28.3,0.0,0.0,32.1,12.2,1.2,74.9,4.0
36061,New York County,36061013604,3435,0.0711,8.6,0.0,23.1,1.4,1.8,20.3,2.9,3.6,73.1,0.6
36061,New York County,36061013700,6673,0.4866,10.2,6.0,20.6,0.2,1.8,21.0,8.6,3.7,66.2,0.0
36061,New York County,36061013800,12826,0.3153,7.3,6.5,22.3,2.0,1.8,19.8,11.5,5.4,76.3,2.8
36061,New York County,36061013900,9612,0.5889,17.4,7.8,32.4,2.2,3.5,23.2,6.0,5.7,87.5,15.1
36061,New York County,36061014000,7487,0.1882,5.9,5.8,21.3,2.5,1.8,25.3,15.5,0.7,64.5,5.7
36061,New York County,36061014200,4254,0.3094,7.4,4.5,21.3,0.7,3.7,33.6,20.0,0.0,48.5,2.4
36061,New York County,36061014300,0,,,,,,,,,,,
36061,New York County,36061014401,4514,0.072,2.0,2.7,9.6,1.4,1.1,23.7,12.9,3.1,64.3,0.9
36061,New York County,36061014402,6742,0.2745,6.7,6.2,19.4,2.6,6.7,19.9,11.8,2.0,75.2,0.8
36061,New York County,36061014500,6620,0.4493,8.8,5.2,20.1,1.5,2.6,18.6,12.2,6.7,79.4,7.9
36061,New York County,36061014601,3705,0.379,12.3,3.2,21.7,1.0,8.5,17.2,7.2,8.4,88.9,11.9
36061,New York County,36061014602,8433,0.303,10.8,6.4,26.4,3.6,2.0,29.4,8.2,0.4,80.4,4.8
36061,New York County,36061014700,2932,0.169,5.8,2.8,12.4,0.0,1.4,4.9,23.2,7.1,70.8,1.2
36061,New York County,36061014801,2942,0.2119,2.4,5.4,13.4,3.3,0.5,23.4,18.5,2.7,68.4,5.2
36061,New York County,36061014802,6353,0.4533,10.9,8.1,11.7,0.9,10.7,18.2,19.5,3.0,73.2,2.0
36061,New York County,36061014900,5781,0.3965,14.6,0.8,22.4,2.6,1.5,29.5,13.1,2.2,60.5,5.2
36061,New York County,36061015001,1972,0.0945,3.2,3.9,20.5,0.0,0.0,29.0,18.5,1.9,62.4,2.0
36061,New York County,36061015002,4588,0.1139,7.7,3.8,9.3,0.4,0.5,34.0,20.1,0.0,46.8,2.7
36061,New York County,36061015101,2786,0.7848,54.0,2.0,47.3,29.4,0.0,24.4,16.5,0.0,79.4,23.5
36061,New York County,36061015102,8161,0.5605,15.9,8.1,19.8,1.0,6.3,4.8,27.6,4.0,73.2,2.5
36061,New York County,36061015200,7864,0.709,21.9,6.7,25.5,9.8,4.0,20.2,18.2,5.1,73.4,8.7
36061,New York County,36061015301,4644,0.2682,5.1,3.3,8.5,2.4,7.6,24.5,17.2,2.6,67.1,3.9
36061,New York County,36061015302,5377,0.4039,4.4,3.7,28.4,1.0,3.1,19.0,18.9,5.6,81.4,2.0
36061,New York County,36061015401,4666,0.3537,7.8,7.1,20.8,0.0,8.7,24.1,6.2,1.1,78.5,14.5
36061,New York County,36061015402,3899,0.2197,8.9,4.1,15.6,7.5,0.6,20.4,8.6,2.2,63.5,0.0
36061,New York County,36061015403,4881,0.6434,12.3,10.6,22.4,8.3,3.6,24.9,16.1,1.5,82.9,13.8
36061,New York County,36061015501,5084,0.1161,8.6,4.0,19.1,0.0,1.3,34.1,9.0,3.8,55.3,5.5
36061,New York County,36061015502,5167,0.3606,17.1,17.1,24.3,0.0,1.3,25.8,13.1,2.3,60.3,3.9
36061,New York County,36061015601,4879,0.5406,16.9,6.0,28.1,6.4,8.2,11.1,11.5,6.1,83.7,9.5
36061,New York County,36061015602,2212,0.7107,26.9,4.1,32.8,11.7,5.6,12.4,18.5,1.5,85.4,8.1
36061,New York County,36061015700,10352,0.3106,8.9,8.3,19.5,0.8,4.6,14.0,9.6,4.7,78.9,3.6
36061,New York County,36061015801,4899,0.2657,7.7,4.6,15.6,2.2,1.1,21.1,14.8,4.2,68.7,1.5
36061,New York County,36061015802,3813,0.6179,19.7,5.7,33.3,17.2,4.1,16.8,6.9,3.7,87.3,21.1
36061,New York County,36061015900,9005,0.2463,7.5,4.0,15.6,1.4,2.8,23.0,11.9,2.0,67.2,6.4
36061,New York County,36061016001,2884,0.161,5.5,4.8,14.7,0.1,0.2,31.3,15.6,0.0,49.9,4.9
36061,New York County,36061016002,3250,0.6406,30.6,5.4,32.4,23.3,3.1,27.0,11.3,0.0,84.2,18.2
36061,New York County,36061016100,6278,0.2448,7.1,7.2,23.3,1.1,2.5,19.6,12.4,1.2,82.9,0.8
36061,New York County,36061016200,9015,0.9525,50.3,13.5,54.6,20.3,5.2,23.3,14.2,10.1,86.2,19.9
36061,New York County,36061016300,6989,0.4602,20.0,4.1,27.9,3.4,2.4,22.0,20.0,4.1,61.1,9.0
36061,New York County,36061016400,7814,0.9445,51.4,11.3,53.1,26.2,3.6,15.8,20.2,9.0,82.1,29.4
36061,New York County,36061016500,7257,0.3893,11.7,5.9,11.7,7.3,0.4,25.7,17.2,1.7,74.5,4.9
36061,New York County,36061016600,5916,0.8652,43.9,5.7,36.3,17.1,4.1,11.3,16.1,7.4,87.1,16.6
36061,New York County,36061016700,7196,0.115,8.1,2.3,13.1,0.3,1.2,18.6,22.3,1.2,68.4,4.6
36061,New York County,36061016800,4585,0.969,41.2,4.8,47.1,25.8,4.0,25.4,24.0,3.9,81.3,18.2
36061,New York County,36061016900,8010,0.3516,10.5,2.3,16.9,4.8,1.9,21.9,14.4,6.3,74.7,0.8
36061,New York County,36061017000,8558,0.9489,32.6,10.0,50.0,20.5,6.8,16.4,18.0,6.9,78.4,27.0
36061,New York County,36061017100,9200,0.2389,15.2,2.0,18.5,1.8,0.4,17.7,15.5,2.4,70.3,5.8
36061,New York County,36061017200,5325,0.9126,50.3,13.3,51.4,23.8,11.3,10.1,13.0,13.5,84.9,24.7
36061,New York County,36061017300,8652,0.6706,11.7,6.5,25.7,5.5,2.9,25.8,19.8,8.4,83.1,13.2
36061,New York County,36061017401,5508,0.9337,41.2,7.5,44.9,22.2,1.3,16.8,27.3,6.5,87.8,23.0
36061,New York County,36061017402,2529,0.7521,28.3,7.2,39.6,19.1,6.6,12.2,10.6,4.7,83.5,14.0
36061,New York County,36061017500,10125,0.5377,5.7,1.2,17.6,4.9,3.7,26.9,15.2,7.2,74.7,4.7
36061,New York County,36061017700,10451,0.6565,17.0,6.1,26.8,4.3,0.8,20.9,21.5,12.5,69.2,7.4
36061,New York County,36061017800,4555,0.927,45.0,11.2,40.3,21.1,13.4,10.1,22.8,13.0,81.4,19.9
36061,New York County,36061017900,9953,0.5024,9.9,4.1,16.0,4.6,10.4,13.9,19.4,5.9,71.7,8.1
36061,New York County,36061018000,6970,0.9481,58.4,5.6,54.9,35.1,12.3,11.8,21.3,11.9,91.1,25.4
36061,New York County,36061018100,8837,0.4731,6.8,9.7,20.6,4.7,1.4,30.5,13.9,2.4,69.4,4.7
36061,New York County,36061018200,6839,0.9565,41.7,6.3,51.4,22.3,8.6,13.5,21.3,6.0,83.0,33.0
36061,New York County,36061018300,8724,0.4877,19.1,3.1,21.9,5.1,2.8,20.6,14.7,6.4,67.8,7.8
36061,New York County,36061018400,7661,0.9169,46.7,8.3,49.1,22.0,3.9,11.8,22.5,4.3,82.1,21.2
36061,New York County,36061018500,5055,0.269,7.5,2.1,12.9,1.7,2.7,25.0,10.1,6.3,69.2,3.5
36061,New York County,36061018600,6366,0.9348,37.2,5.2,36.7,21.0,6.5,12.4,20.5,9.2,78.9,16.1
36061,New York County,36061018700,10053,0.4402,11.0,5.8,17.4,6.3,2.2,16.4,14.5,5.4,74.2,7.3
36061,New York County,36061018800,4358,0.8987,43.6,5.4,58.6,20.0,16.8,9.4,9.8,6.3,82.9,18.7
36061,New York County,36061018900,11169,0.973,44.9,17.0,43.4,29.9,6.0,22.2,23.2,2.4,84.6,9.8
36061,New York County,36061019000,3719,0.571,22.4,4.8,26.7,11.6,1.3,15.7,21.4,10.7,64.0,15.5
36061,New York County,36061019100,8533,0.7008,18.1,5.4,23.7,10.0,4.6,26.7,12.5,8.7,74.1,10.9
36061,New York County,36061019200,4358,0.9755,66.1,7.1,40.2,40.8,8.7,11.4,31.0,3.9,87.8,31.1
36061,New York County,36061019300,10654,0.7922,29.3,5.2,31.6,16.0,8.4,15.9,9.6,7.4,82.3,15.7
36061,New York County,36061019400,6524,0.9572,41.5,9.0,50.6,23.8,3.6,16.6,20.4,9.7,85.4,28.4
36061,New York County,36061019500,7601,0.6035,17.6,6.6,24.9,6.7,2.5,22.9,12.3,3.9,73.5,10.6
36061,New York County,36061019600,4211,0.9799,49.7,20.2,41.9,31.4,5.7,25.3,19.3,5.5,91.0,47.3
36061,New York County,36061019701,958,0.5584,34.4,9.0,38.2,1.1,2.7,7.3,14.0,8.9,74.1,5.7
36061,New York County,36061019702,2901,0.7318,25.2,7.7,36.8,7.1,3.7,11.8,13.8,8.0,67.6,9.8
36061,New York County,36061019800,2684,0.6854,11.4,6.3,25.9,11.0,1.2,20.8,20.4,15.5,66.0,14.7
36061,New York County,36061019900,9017,0.4896,24.7,8.6,25.4,3.2,1.5,22.0,6.8,1.1,74.3,12.0
36061,New York County,36061020000,3123,0.6926,28.2,6.2,27.7,4.4,6.1,17.1,14.4,3.1,78.1,19.8
36061,New York County,36061020101,1858,0.3505,19.4,10.9,21.9,0.2,5.8,6.6,3.9,0.0,75.9,16.2
36061,New York County,36061020102,4028,0.7075,24.2,13.7,27.2,9.5,7.3,9.7,19.7,6.2,75.3,5.3
36061,New York County,36061020300,3933,0.7006,27.8,11.4,47.3,4.8,4.8,5.2,6.3,5.0,86.3,33.0
36061,New York County,36061020500,5650,0.3378,6.1,9.5,14.5,1.0,2.8,13.7,10.1,1.8,59.3,10.8
36061,New York County,36061020600,3839,0.7886,31.7,7.9,47.3,17.2,5.2,8.4,14.8,6.2,84.3,21.7
36061,New York County,36061020701,2858,0.4552,31.3,9.5,43.9,1.5,3.6,4.7,8.2,1.1,87.3,19.1
36061,New York County,36061020800,5713,0.67,29.1,7.0,29.2,10.4,3.4,9.7,17.2,7.4,68.9,14.4
36061,New York County,36061020901,3388,0.9496,54.5,12.8,43.6,18.8,5.5,14.4,25.1,3.6,88.5,27.1
36061,New York County,36061021000,7038,0.9154,51.6,9.8,51.4,11.8,4.1,17.4,23.5,7.3,81.6,13.3
36061,New York County,36061021100,10110,0.7373,28.4,10.4,36.8,6.4,4.6,13.6,11.7,4.8,79.1,11.0
36061,New York County,36061021200,4270,0.8458,24.3,8.5,36.9,11.1,3.8,24.6,14.9,3.6,80.2,18.1
36061,New York County,36061021303,6539,0.9242,32.6,16.9,33.6,24.9,7.8,11.6,19.5,6.2,77.6,14.9
36061,New York County,36061021400,3037,0.6487,21.8,9.0,45.4,7.2,8.1,21.4,7.1,2.5,81.4,16.9
36061,New York County,36061021500,4193,0.7985,24.7,7.2,31.6,14.1,7.2,11.2,17.8,4.3,81.8,15.5
36061,New York County,36061021600,9294,0.8225,31.7,6.6,40.6,11.7,8.3,6.5,23.2,6.3,76.0,6.4
36061,New York County,36061021703,85,,,0.0,,0.0,9.4,0.0,0.0,,,
36061,New York County,36061021800,5756,0.7126,23.2,6.8,42.1,15.1,4.1,11.1,14.5,2.0,71.0,18.1
36061,New York County,36061021900,6147,0.9563,54.9,15.2,55.7,24.3,7.7,11.6,32.7,2.1,85.7,17.0
36061,New York County,36061022000,6369,0.601,21.1,5.7,25.9,5.4,6.0,13.5,13.6,4.2,65.0,6.0
36061,New York County,36061022102,2645,0.2414,11.0,7.7,29.0,4.7,2.4,6.6,12.6,1.2,69.7,2.8
36061,New York County,36061022200,3350,0.7755,34.1,8.8,35.2,10.5,1.9,9.2,23.3,7.1,81.9,8.9
36061,New York County,36061022301,7680,0.9356,31.6,10.4,44.0,20.0,8.0,13.0,12.4,6.5,80.3,13.6
36061,New York County,36061022302,3036,0.9103,44.1,9.0,51.4,26.2,6.9,21.0,11.8,6.0,88.6,25.6
36061,New York County,36061022400,7517,0.9631,45.5,12.4,40.6,27.4,6.0,11.6,28.7,10.7,82.2,27.8
36061,New York County,36061022500,10647,0.8715,24.7,7.5,36.9,25.8,5.0,20.2,15.0,4.1,79.8,18.4
36061,New York County,36061022600,5400,0.8628,35.4,7.9,39.6,15.2,5.8,10.9,21.8,2.9,66.5,12.8
36061,New York County,36061022700,5156,0.8438,30.1,5.0,40.6,21.4,11.0,11.9,13.0,8.5,85.7,13.6
36061,New York County,36061022800,6542,0.8014,20.6,4.8,30.8,11.3,6.3,11.4,15.5,7.2,68.1,7.8
36061,New York County,36061022900,9177,0.8694,40.4,11.0,42.0,25.6,8.9,9.5,11.4,7.5,78.1,9.1
36061,New York County,36061023000,8803,0.9363,41.2,10.8,47.9,23.9,4.5,15.2,19.1,5.9,83.0,18.4
36061,New York County,36061023100,6787,0.846,28.5,7.7,28.4,15.0,10.6,12.6,13.5,9.6,80.3,0.5
36061,New York County,36061023200,9581,0.9781,56.3,13.9,55.9,32.0,13.4,7.4,22.5,13.0,82.0,9.5
36061,New York County,36061023300,7371,0.8464,31.4,8.0,33.0,21.9,6.6,7.0,20.6,7.4,75.1,9.1
36061,New York County,36061023400,4822,0.7945,32.1,11.8,41.1,12.5,6.2,10.8,16.1,5.3,87.7,14.1
36061,New York County,36061023501,7478,0.8227,18.5,10.5,25.5,15.3,10.7,8.7,18.7,2.1,76.4,5.7
36061,New York County,36061023502,1697,0.9635,38.1,6.5,47.4,28.6,17.4,14.3,23.6,8.9,79.9,14.9
36061,New York County,36061023600,9640,0.859,36.0,19.5,40.9,10.0,5.4,14.2,21.7,8.5,66.7,18.1
36061,New York County,36061023700,6738,0.9226,44.1,6.9,45.6,26.5,13.1,13.1,19.3,6.9,83.2,10.2
36061,New York County,36061023802,5340,0.7267,11.5,4.4,23.2,11.5,5.2,22.2,18.4,13.9,75.9,11.7
36061,New York County,36061023803,3368,0.6982,14.0,7.5,35.8,6.0,4.1,23.2,12.3,5.5,71.8,11.1
36061,New York County,36061023804,3138,0.563,12.1,1.8,20.9,3.4,0.0,7.1,24.8,16.3,77.1,5.5
36061,New York County,36061023900,3127,0.9249,39.1,6.0,48.6,19.7,9.8,14.0,19.5,6.0,87.9,19.3
36061,New York County,36061024000,2316,,85.5,41.5,,40.0,24.1,8.6,2.1,,,
36061,New York County,36061024100,8197,0.9285,38.4,13.3,45.9,17.0,8.8,18.7,12.8,5.7,72.9,16.8
36061,New York County,36061024200,5535,0.9903,47.3,16.1,45.8,21.4,8.2,11.3,32.4,13.6,88.3,26.7
36061,New York County,36061024301,4965,0.9082,22.6,9.0,34.6,25.3,17.1,12.5,14.6,4.5,85.7,9.8
36061,New York County,36061024302,7570,0.9722,48.1,30.8,44.6,26.3,4.4,12.4,24.0,3.4,86.8,19.5
36061,New York County,36061024500,15353,0.9487,39.5,18.0,52.0,29.7,8.0,15.1,14.9,5.7,88.4,18.5
36061,New York County,36061024700,6768,0.8274,25.7,6.6,35.3,25.6,3.8,27.4,10.2,10.0,72.1,28.6
36061,New York County,36061024900,1057,0.8525,7.9,11.3,31.7,23.3,5.5,23.3,7.6,3.4,76.0,4.9
36061,New York County,36061025100,2795,0.9899,44.4,11.7,50.9,36.0,9.2,15.0,20.4,19.1,83.3,20.3
36061,New York County,36061025300,11434,0.9434,22.8,13.6,47.4,32.6,9.1,18.7,15.1,8.5,86.3,9.9
36061,New York County,36061025500,5900,0.885,25.5,3.6,38.5,21.6,9.5,11.6,7.4,11.5,84.0,16.8
36061,New York County,36061025700,4870,0.6094,18.4,5.7,32.9,9.0,4.2,7.4,19.7,7.7,68.3,8.1
36061,New York County,36061025900,4678,0.9167,25.2,8.6,36.6,18.9,12.5,4.1,23.8,10.0,68.8,12.4
36061,New York County,36061026100,12794,0.9738,36.0,21.4,51.7,39.1,11.0,12.7,18.1,16.0,82.5,12.2
36061,New York County,36061026300,8903,0.9559,41.0,14.1,45.4,26.1,12.5,13.2,18.9,10.3,74.0,13.4
36061,New York County,36061026500,8296,0.6904,18.2,5.6,22.7,16.5,8.9,11.7,15.4,9.3,67.1,7.4
36061,New York County,36061026700,2034,0.8688,27.9,15.0,49.5,15.2,9.8,9.2,12.1,12.4,50.4,16.4
36061,New York County,36061026900,8989,0.9762,24.9,11.9,34.7,32.5,10.9,16.5,16.2,13.5,69.4,18.7
36061,New York County,36061027100,8364,0.8344,22.5,11.6,36.6,17.7,10.0,13.8,12.0,11.2,76.4,10.2
36061,New York County,36061027300,7877,0.4013,8.2,3.0,23.6,4.4,1.5,12.3,25.3,7.0,70.9,3.4
36061,New York County,36061027500,3132,0.3258,8.0,12.8,14.4,3.0,2.7,21.3,12.9,0.8,70.1,6.1
36061,New York County,36061027700,6944,0.9935,43.0,17.4,58.8,31.2,5.7,29.0,17.9,6.4,89.5,13.7
36061,New York County,36061027900,10796,0.9097,29.5,18.7,48.4,24.8,12.7,11.8,19.0,11.2,72.4,8.9
36061,New York County,36061028100,3278,0.4685,8.1,10.1,20.0,3.5,0.4,16.9,17.7,5.6,63.6,3.8
36061,New York County,36061028300,8275,0.9413,25.3,9.9,36.5,22.3,8.3,23.1,15.3,12.7,65.9,11.5
36061,New York County,36061028500,8403,0.9546,37.1,21.2,56.6,27.3,5.8,15.9,18.9,17.4,83.2,11.9
36061,New York County,36061028700,4116,0.7301,17.6,9.4,37.9,14.0,2.0,14.8,13.0,5.9,80.8,16.3
36061,New York County,36061029100,11967,0.9141,27.3,9.5,46.4,24.2,8.1,11.0,18.8,16.3,78.8,19.2
36061,New York County,36061029300,9361,0.9591,43.6,8.7,52.0,27.3,8.8,13.2,26.3,21.6,70.0,18.2
36061,New York County,36061029500,7716,0.7227,14.6,5.7,40.0,13.3,6.4,12.7,16.6,10.5,75.6,4.2
36061,New York County,36061029700,17,,,,,37.5,,11.8,5.9,,,
36061,New York County,36061029900,3806,0.9759,47.2,19.7,54.8,36.6,5.3,23.0,18.9,6.2,75.7,20.2
36061,New York County,36061030300,4110,0.8791,27.6,7.8,33.2,22.7,8.4,17.3,15.2,9.3,70.7,6.7
36061,New York County,36061030700,3923,0.2519,8.3,3.7,18.2,4.7,2.3,15.4,17.1,2.2,53.8,8.2
36061,New York County,36061030900,11563,0.9641,48.2,7.8,55.4,25.8,4.2,12.6,30.7,19.1,67.9,13.7
36061,New York County,36061031100,0,,,,,,,,,,,
36061,New York County,36061031703,6450,0.2289,5.8,3.4,6.4,0.8,1.1,8.9,28.3,5.7,67.4,3.7
36061,New York County,36061031704,10540,0.0973,5.1,1.0,7.3,1.3,2.6,12.9,14.0,2.6,75.2,2.2
36061,New York County,36061031900,0,,,,,,,,,,,
36063,Niagara County,36063020100,3451,0.1762,17.6,4.1,24.1,3.6,1.6,13.0,19.7,0.0,7.0,1.8
36063,Niagara County,36063020200,2595,0.8974,70.2,14.9,53.0,13.4,1.5,16.9,30.8,5.4,33.8,29.5
36063,Niagara County,36063020300,2081,0.3669,16.6,10.3,19.4,12.3,1.8,20.5,21.4,0.0,8.7,14.7
36063,Niagara County,36063020400,1507,0.6807,37.9,13.5,26.4,9.5,2.1,18.5,21.0,1.5,26.1,6.1
36063,Niagara County,36063020500,2272,0.8084,52.2,9.5,41.8,14.1,4.8,25.1,11.8,0.1,47.7,21.2
36063,Niagara County,36063020600,1353,0.8209,31.2,11.7,40.1,16.3,2.7,12.8,21.6,1.6,27.0,21.0
36063,Niagara County,36063020700,2631,0.778,42.6,14.4,32.4,8.2,4.8,11.3,23.3,4.3,20.5,21.7
36063,Niagara County,36063020900,2554,0.8884,73.9,32.9,53.6,20.4,2.4,17.0,27.4,0.0,58.0,35.5
36063,Niagara County,36063021000,2843,0.2412,30.7,2.3,28.8,13.8,3.0,16.0,17.5,6.2,17.2,15.5
36063,Niagara County,36063021100,1603,0.9107,59.4,15.5,54.8,21.0,8.7,24.0,27.3,1.5,35.1,22.6
36063,Niagara County,36063021200,2140,0.6961,42.4,4.3,36.5,15.4,1.2,27.5,19.4,0.0,41.2,30.2
36063,Niagara County,36063021300,2270,0.675,61.5,16.6,49.1,20.4,1.5,13.7,22.1,0.0,29.0,22.1
36063,Niagara County,36063021400,2104,0.5185,20.2,2.6,18.1,13.2,1.9,23.0,20.9,1.8,12.4,28.8
36063,Niagara County,36063021700,3230,0.7902,41.5,8.4,29.4,26.3,4.9,17.6,25.7,3.1,31.3,19.5
36063,Niagara County,36063022000,3420,0.4317,32.6,10.9,27.9,6.4,1.3,14.5,26.8,0.0,5.5,13.4
36063,Niagara County,36063022100,2076,0.3976,22.4,8.1,31.6,7.0,3.3,22.3,20.6,0.0,9.4,10.8
36063,Niagara County,36063022200,3509,0.4357,16.9,4.9,17.5,16.4,4.3,17.5,12.6,0.6,10.9,7.5
36063,Niagara County,36063022300,2367,0.1232,10.7,3.1,9.1,4.1,2.1,14.6,21.3,1.1,5.1,14.0
36063,Niagara County,36063022401,1969,0.1207,14.0,4.4,20.5,6.1,2.9,21.0,20.1,0.0,4.3,13.7
36063,Niagara County,36063022500,2527,0.5339,23.0,7.8,23.6,7.1,4.9,24.0,16.2,1.6,3.6,13.0
36063,Niagara County,36063022601,2378,0.1171,16.4,5.4,18.5,10.1,1.4,20.6,18.3,1.9,2.8,8.3
36063,Niagara County,36063022602,5523,0.476,23.7,2.7,24.0,5.9,2.6,26.4,13.3,2.3,7.8,11.3
36063,Niagara County,36063022702,6992,0.0935,7.1,3.2,16.6,3.4,1.2,21.9,22.3,1.3,4.3,8.7
36063,Niagara County,36063022713,3331,0.1614,7.2,2.9,15.4,7.1,1.3,23.0,18.9,2.0,4.0,13.2
36063,Niagara County,36063022714,4296,0.3387,8.2,5.7,17.9,4.5,0.3,25.6,18.5,0.0,10.1,16.2
36063,Niagara County,36063022715,2292,0.0736,6.0,3.1,14.5,1.9,0.0,20.8,24.5,0.0,0.6,4.9
36063,Niagara County,36063022716,3347,0.4098,12.4,5.6,23.2,6.9,1.5,34.3,14.4,0.0,23.7,24.9
36063,Niagara County,36063022717,5289,0.2026,13.2,5.5,12.0,12.3,0.2,13.2,29.8,0.2,1.2,3.4
36063,Niagara County,36063022803,3251,0.035,11.6,1.6,23.4,3.1,0.2,26.9,17.2,0.0,9.6,12.8
36063,Niagara County,36063022804,3411,0.0471,7.8,7.2,15.9,1.0,1.1,24.3,15.2,0.0,0.8,6.1
36063,Niagara County,36063022901,2410,0.2157,22.0,0.8,24.9,4.4,2.4,18.1,21.2,4.3,13.6,20.6
36063,Niagara County,36063022902,2574,0.0595,6.7,3.2,15.6,5.4,2.3,18.8,13.4,1.4,3.9,8.6
36063,Niagara County,36063023001,2199,0.5039,29.3,10.3,30.8,10.3,6.8,12.7,20.6,7.5,8.1,11.3
36063,Niagara County,36063023100,2364,0.3224,38.0,17.2,29.7,19.3,0.7,9.9,14.2,2.6,12.5,16.1
36063,Niagara County,36063023200,3024,0.3881,24.0,6.3,26.6,7.6,4.7,13.6,14.3,0.0,17.1,13.6
36063,Niagara County,36063023301,2867,0.0401,14.7,6.9,18.5,4.8,0.5,20.3,14.8,1.3,3.7,9.9
36063,Niagara County,36063023302,3679,0.5875,26.3,4.7,33.7,8.9,1.1,15.7,23.5,1.4,19.5,8.6
36063,Niagara County,36063023401,7029,0.2363,15.3,3.5,23.9,8.7,0.4,17.4,19.4,0.0,6.3,8.8
36063,Niagara County,36063023402,4549,0.0091,3.9,2.5,10.3,1.1,0.1,28.0,16.9,0.3,1.8,6.1
36063,Niagara County,36063023404,4933,0.4206,11.8,4.5,20.3,9.3,0.9,14.4,21.6,1.3,7.7,7.7
36063,Niagara County,36063023405,4067,0.64,19.1,9.2,28.1,6.3,5.4,18.3,19.0,1.3,9.8,14.0
36063,Niagara County,36063023500,2683,0.5776,44.7,2.3,29.9,16.3,6.6,15.7,24.9,0.0,13.9,25.6
36063,Niagara County,36063023600,4065,0.7366,32.3,7.9,28.7,15.2,5.0,8.9,27.3,2.2,13.1,10.4
36063,Niagara County,36063023700,2064,0.7362,46.6,11.1,38.7,16.1,3.3,9.9,21.0,1.4,20.4,17.3
36063,Niagara County,36063023800,3233,0.3459,28.7,2.0,23.3,7.1,2.9,12.9,21.7,0.0,11.1,16.1
36063,Niagara County,36063023901,4098,0.3703,16.5,8.0,19.3,6.6,4.6,18.6,21.4,0.5,6.9,7.4
36063,Niagara County,36063023902,4665,0.441,12.8,3.5,22.8,5.6,2.3,23.4,16.3,1.7,10.6,13.1
36063,Niagara County,36063024001,5835,0.0855,7.1,8.2,20.3,7.3,1.0,19.1,19.2,0.0,6.4,7.5
36063,Niagara County,36063024002,1972,0.3372,28.0,6.1,25.7,10.1,3.5,12.1,25.5,1.3,5.6,11.9
36063,Niagara County,36063024101,3595,0.2017,9.3,4.9,11.4,8.0,1.8,23.3,18.2,1.2,0.0,9.0
36063,Niagara County,36063024102,3070,0.541,22.4,3.1,28.1,10.1,3.7,17.9,26.0,0.7,4.7,7.4
36063,Niagara County,36063024201,6557,0.4028,17.1,3.7,25.4,10.1,3.3,19.4,21.9,0.0,3.5,14.7
36063,Niagara County,36063024202,2735,0.2336,15.6,4.8,12.1,7.2,2.8,20.8,19.0,1.4,0.8,11.0
36063,Niagara County,36063024301,1371,0.4305,28.7,7.1,20.7,3.8,2.5,18.7,19.5,0.7,4.9,10.5
36063,Niagara County,36063024302,4468,0.1414,8.4,3.3,15.1,4.7,2.6,19.6,19.2,0.8,1.9,8.4
36063,Niagara County,36063024303,5735,0.0386,5.1,3.8,8.7,6.5,2.6,16.3,18.0,0.0,3.2,16.2
36063,Niagara County,36063024401,2541,0.2279,12.2,4.1,26.8,6.2,4.7,28.8,12.3,0.6,10.6,11.7
36063,Niagara County,36063024404,4322,0.188,5.9,4.3,20.1,5.7,0.1,31.6,16.5,0.0,0.9,1.7
36063,Niagara County,36063024405,5507,0.4961,14.8,4.9,26.1,3.3,2.5,28.1,18.0,1.1,10.0,15.6
36063,Niagara County,36063024406,3535,0.0684,18.4,3.1,29.5,9.0,1.6,13.1,13.6,0.0,2.8,14.2
36063,Niagara County,36063024501,2657,0.1865,12.9,6.2,20.6,1.6,4.5,25.9,22.0,1.6,1.6,7.3
36063,Niagara County,36063024502,3853,0.2469,13.2,2.2,23.8,6.1,1.6,24.3,18.7,0.0,2.4,9.3
36063,Niagara County,36063024600,4700,0.0715,13.7,2.2,21.1,5.7,0.7,20.9,19.4,3.1,7.2,12.2
36063,Niagara County,36063940001,662,0.4796,22.7,14.7,13.2,25.0,2.9,24.9,17.5,0.0,11.0,28.5
36063,Niagara County,36063940100,0,,,,,,,,,,,
36065,Oneida County,36065020102,1368,0.5976,49.0,10.0,28.6,19.6,2.8,6.7,14.8,0.0,24.1,16.1
36065,Oneida County,36065020300,1606,0.9418,61.8,9.8,48.8,26.9,7.5,14.1,20.5,4.3,53.5,30.9
36065,Oneida County,36065020705,2069,0.264,15.1,3.7,16.7,3.3,2.6,17.0,19.1,2.9,8.1,8.3
36065,Oneida County,36065020802,4272,0.9033,51.8,9.0,31.1,22.9,7.8,12.4,32.7,5.3,15.1,20.9
36065,Oneida County,36065020803,3234,0.8561,58.4,6.7,42.0,19.5,6.2,12.0,28.1,9.1,34.0,13.7
36065,Oneida County,36065020900,1901,0.8314,55.1,19.0,57.4,41.5,7.7,7.5,23.5,10.7,35.3,17.2
36065,Oneida County,36065021000,1600,0.9371,67.5,24.5,53.5,23.9,1.3,21.7,25.8,3.9,48.9,19.3
36065,Oneida County,36065021103,1425,0.7898,61.9,14.2,40.8,13.7,2.1,9.3,32.1,0.0,39.5,23.8
36065,Oneida County,36065021104,4436,0.8787,65.8,1.6,50.5,26.4,3.5,10.8,35.7,9.8,36.8,25.3
36065,Oneida County,36065021201,2062,0.6318,46.8,0.0,41.9,40.3,0.7,7.7,31.7,7.6,29.0,14.2
36065,Oneida County,36065021202,2928,0.8299,46.7,1.2,31.8,23.9,7.0,12.0,37.3,3.3,16.2,8.2
36065,Oneida County,36065021301,1250,0.4501,15.1,3.9,14.6,19.8,0.0,55.4,11.1,0.8,8.5,32.4
36065,Oneida County,36065021302,4941,0.7231,34.4,8.8,30.0,21.2,0.7,14.8,29.4,3.7,16.4,12.5
36065,Oneida County,36065021303,3961,0.6826,29.9,1.6,22.6,18.7,4.0,17.4,21.0,7.5,15.1,11.3
36065,Oneida County,36065021401,3140,0.7649,44.0,12.2,35.5,13.9,3.7,10.4,22.6,4.7,17.4,16.4
36065,Oneida County,36065021402,1877,0.605,30.4,6.8,26.0,10.1,6.3,13.0,21.3,0.0,14.8,17.7
36065,Oneida County,36065021500,2318,0.8801,64.3,13.3,39.4,38.8,4.1,12.6,29.4,1.2,22.1,20.7
36065,Oneida County,36065021601,5057,0.6225,27.4,4.3,30.0,6.3,4.9,20.8,18.7,0.0,7.2,14.5
36065,Oneida County,36065021602,2489,0.3163,13.7,6.6,22.7,5.4,7.8,23.8,16.4,0.0,11.6,10.0
36065,Oneida County,36065021701,3106,0.3724,12.6,2.4,17.4,3.3,4.1,28.5,18.4,0.4,1.9,4.2
36065,Oneida County,36065021702,2644,0.3575,22.7,6.5,21.1,4.2,1.7,14.3,20.5,0.0,5.9,4.5
36065,Oneida County,36065021900,1597,0.5674,41.4,0.0,29.4,18.6,2.7,9.8,29.1,0.0,9.7,11.8
36065,Oneida County,36065022000,3057,0.5204,37.7,4.3,36.3,11.4,4.4,9.6,23.2,0.0,11.7,9.7
36065,Oneida County,36065022100,2748,0.3904,24.7,2.6,24.4,7.1,6.7,26.9,21.2,1.7,4.7,5.2
36065,Oneida County,36065022200,2688,0.3621,9.2,5.9,17.0,5.3,1.2,26.0,15.3,0.0,13.5,10.4
36065,Oneida County,36065022400,3384,0.5586,25.6,13.5,24.5,3.3,3.2,18.6,27.8,6.1,9.5,8.3
36065,Oneida County,36065022500,4686,0.7943,37.8,3.5,33.9,12.1,6.0,11.4,26.9,1.7,17.3,18.2
36065,Oneida County,36065022701,2384,0.4476,11.7,6.5,21.4,8.9,4.0,33.2,13.6,0.0,8.0,17.7
36065,Oneida County,36065022702,3816,0.2486,8.2,6.7,17.1,4.6,2.4,22.5,16.3,0.7,4.1,18.0
36065,Oneida County,36065022800,2871,0.2306,14.6,2.6,10.7,11.1,1.5,20.6,20.1,3.7,1.3,8.3
36065,Oneida County,36065023000,5935,0.2437,17.4,1.4,12.6,7.6,1.8,19.2,20.2,2.4,1.0,6.0
36065,Oneida County,36065023200,4211,0.5081,15.0,8.0,22.9,6.8,4.3,21.9,19.1,2.9,5.5,13.6
36065,Oneida County,36065023300,2635,0.3151,23.7,5.5,29.0,5.8,0.9,14.4,22.6,2.1,6.3,7.9
36065,Oneida County,36065023400,4575,0.1867,11.6,0.0,19.6,4.2,2.3,29.4,11.7,1.2,10.8,12.3
36065,Oneida County,36065023501,2424,0.0279,4.3,1.7,10.3,3.5,2.6,23.4,24.4,0.7,1.5,9.8
36065,Oneida County,36065023502,4409,0.0622,5.9,0.9,11.5,1.8,1.1,21.9,20.1,1.3,2.6,6.8
36065,Oneida County,36065023702,3730,0.1262,10.1,1.2,15.8,4.7,5.3,20.2,21.6,0.7,4.5,8.4
36065,Oneida County,36065023901,2249,0.0226,7.3,0.9,11.4,3.3,1.6,28.8,22.1,0.0,2.6,2.8
36065,Oneida County,36065023902,1718,0.2173,7.1,4.2,13.0,7.4,3.2,18.2,20.3,2.3,7.7,15.5
36065,Oneida County,36065024000,4285,0.4123,15.9,1.1,19.7,7.6,4.7,20.6,26.3,0.0,5.4,13.0
36065,Oneida County,36065024101,1513,0.329,17.2,0.9,21.0,7.3,4.0,29.2,20.5,5.7,3.9,11.5
36065,Oneida County,36065024102,2473,0.2773,13.8,1.5,18.9,6.3,5.8,21.3,19.5,0.8,6.0,16.3
36065,Oneida County,36065024200,4489,0.5569,17.5,5.0,24.4,9.1,3.9,22.8,17.7,1.0,10.0,15.6
36065,Oneida County,36065024301,2930,0.1095,5.8,2.0,11.5,6.7,0.8,25.7,17.2,0.0,0.0,10.0
36065,Oneida County,36065024302,3227,0.2095,24.0,7.3,11.8,8.2,2.9,17.8,22.7,0.0,0.6,16.0
36065,Oneida County,36065024303,2631,0.3345,20.7,4.4,15.1,9.2,5.5,19.8,23.7,1.5,5.2,11.0
36065,Oneida County,36065024400,3919,0.532,18.2,6.1,12.9,17.0,3.6,16.9,26.4,4.9,3.2,26.7
36065,Oneida County,36065024500,4779,0.5324,24.3,1.3,26.9,7.2,2.5,28.2,19.9,0.9,10.5,27.0
36065,Oneida County,36065024700,5954,0.3503,11.7,10.2,17.4,2.1,3.9,20.6,21.0,2.6,7.1,10.6
36065,Oneida County,36065024800,3057,0.18,8.6,3.2,14.9,3.9,1.5,27.1,21.4,1.1,5.6,8.1
36065,Oneida County,36065024900,5235,0.3535,18.1,4.9,11.0,10.8,3.3,18.2,16.6,5.9,2.3,6.4
36065,Oneida County,36065025001,2706,0.4157,13.6,2.3,22.7,6.4,1.3,31.2,15.8,0.8,9.7,17.4
36065,Oneida County,36065025002,4000,0.081,12.7,1.6,26.6,2.5,1.9,20.1,14.5,0.0,5.9,5.5
36065,Oneida County,36065025003,3194,0.0156,11.2,4.7,12.2,0.9,3.4,9.0,10.7,0.0,0.0,8.7
36065,Oneida County,36065025100,1891,0.2967,16.9,2.5,20.9,4.9,1.4,30.2,19.8,0.5,12.5,23.4
36065,Oneida County,36065025200,4447,0.5579,11.3,2.9,26.1,7.5,2.8,44.2,11.3,2.9,8.8,16.0
36065,Oneida County,36065025300,7136,0.0878,4.0,2.1,14.6,2.4,3.9,22.1,21.8,0.4,3.9,6.3
36065,Oneida County,36065025400,5791,0.3129,12.5,2.5,20.6,4.2,1.1,24.4,19.1,3.0,2.7,2.2
36065,Oneida County,36065025500,4315,0.2376,10.2,4.0,17.2,5.2,3.4,14.2,26.0,1.4,3.0,5.6
36065,Oneida County,36065025601,2246,0.0509,9.7,1.0,16.6,6.8,1.1,13.6,24.0,0.9,0.5,7.0
36065,Oneida County,36065025602,1940,0.4805,23.2,2.4,26.6,9.0,8.6,17.8,20.4,0.6,9.3,24.2
36065,Oneida County,36065025700,2452,0.3518,13.7,1.5,18.9,8.4,1.0,21.1,18.8,0.7,7.6,19.4
36065,Oneida County,36065025800,1402,0.2998,29.9,2.3,25.1,11.4,1.6,14.7,22.8,0.2,3.9,9.5
36065,Oneida County,36065025900,1274,,100.0,,,56.7,0.0,7.3,0.0,,,
36065,Oneida County,36065026100,2465,0.1283,15.5,2.6,17.1,7.6,1.9,17.2,18.4,0.7,7.5,15.6
36065,Oneida County,36065026200,6932,0.1243,6.1,2.1,12.8,5.2,2.1,13.3,21.6,1.2,1.1,6.7
36065,Oneida County,36065026300,3522,0.7122,57.6,0.8,48.5,29.5,2.9,22.1,22.7,0.0,45.4,30.0
36065,Oneida County,36065026400,6059,0.9282,47.8,9.5,45.0,36.7,1.3,8.9,28.1,4.0,25.2,15.5
36065,Oneida County,36065026501,802,,,3.7,,,5.5,0.0,0.5,,,
36065,Oneida County,36065026502,183,0.191,92.4,0.0,0.0,32.6,2.5,29.0,0.0,0.0,0.0,0.0
36065,Oneida County,36065026600,1765,0.007,0.0,0.0,0.0,53.3,0.0,2.3,0.0,0.0,0.0,0.0
36065,Oneida County,36065026700,5236,0.2634,21.2,4.8,12.9,12.6,4.9,16.0,18.9,0.6,4.3,15.3
36065,Oneida County,36065980002,0,,,,,,,,,,,
36065,Oneida County,36065980003,0,,,,,,,,,,,
36065,Oneida County,36065980100,4,0.0002,0.0,0.0,0.0,0.0,0.0,100.0,0.0,0.0,0.0,0.0
36067,Onondaga County,36067000100,1047,0.1644,18.6,2.3,34.2,7.8,5.4,10.2,3.9,0.0,7.1,10.5
36067,Onondaga County,36067000200,3979,0.8445,49.0,9.6,42.8,27.6,10.0,11.4,22.0,2.4,27.7,22.7
36067,Onondaga County,36067000300,1476,0.7124,28.3,10.5,24.8,17.8,10.5,12.9,17.3,0.9,7.1,7.9
36067,Onondaga County,36067000400,3931,0.4642,15.8,9.1,25.7,13.9,10.5,17.2,15.3,0.9,1.8,8.1
36067,Onondaga County,36067000501,2319,0.8886,71.6,15.2,43.3,43.5,5.2,8.1,39.1,3.2,32.4,34.6
36067,Onondaga County,36067000600,2970,0.9743,60.3,12.9,38.4,28.6,5.5,12.4,31.7,8.6,49.3,20.7
36067,Onondaga County,36067000700,1538,0.766,46.1,5.8,37.0,49.9,3.8,5.3,30.5,4.3,25.1,20.4
36067,Onondaga County,36067000800,3302,0.8825,50.7,15.5,50.3,20.6,6.5,11.5,34.0,7.4,35.7,21.5
36067,Onondaga County,36067000900,3474,0.349,13.2,7.3,24.8,3.1,3.7,15.8,22.7,0.0,9.1,9.7
36067,Onondaga County,36067001000,3976,0.5299,41.6,5.4,39.8,10.1,2.6,16.3,15.8,0.0,28.2,13.4
36067,Onondaga County,36067001400,3188,0.9768,60.4,9.8,45.7,39.7,5.2,14.1,45.8,18.6,52.5,26.3
36067,Onondaga County,36067001500,2346,0.8981,37.3,10.3,32.1,27.3,7.4,8.9,31.8,7.2,25.9,20.0
36067,Onondaga County,36067001600,3566,0.8738,49.1,12.8,46.5,17.4,6.6,30.7,5.9,4.8,52.9,38.7
36067,Onondaga County,36067001701,2590,0.3784,40.7,5.9,27.9,10.1,0.0,12.8,18.4,0.0,26.5,9.4
36067,Onondaga County,36067001702,2565,0.4224,26.6,2.7,29.5,12.5,1.8,10.0,27.0,0.0,16.5,12.2
36067,Onondaga County,36067001800,3038,0.491,29.5,6.9,25.0,6.7,9.2,14.7,19.0,3.5,15.6,12.6
36067,Onondaga County,36067001900,4301,0.4946,20.3,7.0,27.6,12.5,5.0,19.5,14.8,0.7,4.1,11.8
36067,Onondaga County,36067002000,2005,0.6073,40.8,6.1,52.1,8.1,6.8,13.7,20.6,0.5,25.0,8.1
36067,Onondaga County,36067002101,2575,0.8734,52.5,13.4,53.0,12.6,7.8,10.1,24.5,6.3,39.6,30.7
36067,Onondaga County,36067002300,1549,0.9323,58.8,8.8,59.5,26.5,1.7,22.0,21.4,6.2,52.4,25.8
36067,Onondaga County,36067002400,1962,0.7039,42.5,9.1,33.1,14.7,0.7,11.2,20.2,5.8,18.1,20.2
36067,Onondaga County,36067002700,1802,0.7061,39.9,3.0,34.8,9.6,12.5,14.3,16.9,0.8,11.3,23.2
36067,Onondaga County,36067002901,2815,0.0506,18.0,5.1,17.0,2.9,3.9,9.2,11.4,0.0,7.5,16.4
36067,Onondaga County,36067003000,1932,0.9757,73.0,21.8,43.6,33.3,1.7,6.9,35.6,8.1,45.0,27.3
36067,Onondaga County,36067003200,3233,0.5088,32.8,6.3,36.0,11.3,3.1,5.7,1.5,1.3,38.2,27.8
36067,Onondaga County,36067003400,1471,0.6198,55.8,5.0,48.5,14.4,3.1,2.2,11.6,0.0,39.6,26.1
36067,Onondaga County,36067003500,2335,0.7021,50.6,9.7,39.0,22.8,0.0,9.6,15.6,0.0,44.1,17.4
36067,Onondaga County,36067003601,2227,0.9147,48.7,10.2,33.5,15.2,8.5,14.6,28.7,2.5,20.6,22.3
36067,Onondaga County,36067003602,2733,0.8753,31.5,1.9,38.7,15.8,7.8,15.8,26.4,3.9,26.1,16.5
36067,Onondaga County,36067003800,2370,0.9709,66.2,15.8,50.1,22.1,4.1,14.9,45.2,4.0,35.3,29.0
36067,Onondaga County,36067003900,3325,0.9673,67.1,12.2,60.6,26.1,2.8,5.0,37.4,3.8,50.3,14.5
36067,Onondaga County,36067004000,1317,0.9646,67.4,10.7,50.3,30.9,12.6,12.1,31.2,2.5,29.9,12.1
36067,Onondaga County,36067004200,2788,0.9753,82.3,16.9,45.0,33.4,1.6,4.3,42.2,7.6,62.8,56.1
36067,Onondaga County,36067004301,1611,0.8122,83.7,11.6,52.5,28.7,5.9,9.1,5.9,0.8,67.3,44.0
36067,Onondaga County,36067004302,7415,0.4988,77.5,16.0,69.3,9.5,5.3,2.0,1.5,0.0,52.0,34.0
36067,Onondaga County,36067004401,3014,0.1789,46.5,6.0,43.5,6.1,1.9,10.0,12.6,0.0,10.3,2.4
36067,Onondaga County,36067004500,2166,0.3393,39.2,7.7,35.1,3.4,2.7,5.7,10.2,0.0,15.5,9.7
36067,Onondaga County,36067004600,4840,0.1492,7.2,5.7,14.8,2.2,3.9,25.4,13.1,0.0,8.8,17.5
36067,Onondaga County,36067004800,1481,0.0319,7.1,1.3,13.7,4.8,0.9,24.0,12.6,0.0,7.7,1.7
36067,Onondaga County,36067004900,1755,0.4332,28.5,6.0,21.0,3.9,6.5,14.9,28.3,0.0,8.8,10.7
36067,Onondaga County,36067005000,2513,0.2142,23.2,3.5,24.9,1.1,4.2,15.8,19.8,0.2,11.4,3.9
36067,Onondaga County,36067005100,2395,0.7548,58.5,8.5,56.0,13.2,4.7,9.7,33.5,10.8,27.3,29.5
36067,Onondaga County,36067005200,1856,0.7094,57.2,7.8,27.4,28.7,6.2,7.9,30.9,2.1,22.0,28.1
36067,Onondaga County,36067005300,2049,0.9177,54.5,16.9,43.7,19.5,5.7,14.6,21.0,3.8,44.4,34.0
36067,Onondaga County,36067005400,2559,0.8932,59.1,20.3,50.7,18.2,4.5,10.3,36.9,3.5,33.7,20.9
36067,Onondaga County,36067005500,3339,0.6839,37.7,6.2,48.6,5.0,6.3,10.9,12.8,3.1,21.3,8.1
36067,Onondaga County,36067005601,1661,0.3302,19.5,6.9,24.4,4.2,6.1,14.3,16.0,6.2,4.3,3.2
36067,Onondaga County,36067005602,4128,0.3366,64.9,9.0,82.1,0.0,8.7,0.2,1.1,0.0,16.4,31.3
36067,Onondaga County,36067005700,1881,0.571,34.3,6.8,14.9,17.9,3.0,18.3,23.8,0.0,14.0,28.9
36067,Onondaga County,36067005800,2041,0.8947,57.3,21.7,49.6,32.0,3.3,13.5,31.2,3.7,49.8,25.3
36067,Onondaga County,36067005900,1735,0.8164,46.3,6.3,33.6,32.7,7.4,9.4,38.0,0.0,12.2,19.9
36067,Onondaga County,36067006000,3356,0.6219,33.8,8.6,34.6,7.2,3.1,20.9,24.3,0.0,11.1,18.1
36067,Onondaga County,36067006101,4147,0.9468,51.3,11.4,51.5,17.9,3.4,29.3,25.6,0.0,30.6,29.1
36067,Onondaga County,36067006102,1956,0.689,42.0,3.8,50.6,15.1,2.2,38.3,9.8,2.7,41.6,24.6
36067,Onondaga County,36067006103,2179,0.1973,14.1,0.0,11.9,4.9,1.4,20.6,15.3,2.0,12.9,21.8
36067,Onondaga County,36067010100,2662,0.012,7.1,3.0,18.7,3.6,0.0,20.1,21.0,0.0,5.3,5.3
36067,Onondaga County,36067010200,6336,0.5389,25.3,5.4,21.1,6.7,2.0,17.9,28.0,0.9,9.7,5.8
36067,Onondaga County,36067010301,5321,0.1604,15.1,2.6,21.6,5.2,4.2,17.7,17.3,1.1,1.5,2.9
36067,Onondaga County,36067010321,3132,0.0011,1.0,0.9,9.1,3.4,0.7,12.8,25.9,0.3,1.0,2.3
36067,Onondaga County,36067010322,3305,0.0076,4.4,3.3,9.2,4.2,1.4,12.7,22.4,0.0,2.1,1.3
36067,Onondaga County,36067010400,4060,0.2262,13.2,3.2,19.1,5.3,3.7,17.0,27.5,1.4,2.3,5.7
36067,Onondaga County,36067010500,2367,0.0642,7.9,5.1,15.7,5.0,2.8,20.2,21.5,0.0,3.4,3.7
36067,Onondaga County,36067010600,2191,0.1019,14.8,5.5,13.4,7.1,3.1,24.9,14.3,0.0,1.5,13.4
36067,Onondaga County,36067010700,1977,0.4883,24.2,4.6,24.9,10.8,2.3,27.6,16.4,0.0,16.6,14.2
36067,Onondaga County,36067010800,4692,0.3324,22.4,4.9,28.6,3.1,3.1,16.7,19.0,1.3,9.3,17.5
36067,Onondaga County,36067010900,2515,0.1585,25.2,4.8,19.2,5.6,2.9,19.8,17.5,0.1,4.9,9.6
36067,Onondaga County,36067011011,3698,0.3098,14.2,6.3,28.8,5.1,6.2,29.7,10.0,0.0,8.1,8.6
36067,Onondaga County,36067011012,3877,0.4237,10.9,3.5,19.6,7.6,3.2,20.2,18.8,2.4,1.0,10.7
36067,Onondaga County,36067011021,2786,0.2707,19.2,7.8,16.1,4.3,2.2,12.6,24.2,0.9,2.9,9.2
36067,Onondaga County,36067011022,3150,0.1948,13.3,8.1,17.3,6.5,1.9,25.0,13.0,0.6,6.7,8.8
36067,Onondaga County,36067011101,5634,0.1376,11.2,3.7,9.3,9.3,0.7,20.8,23.8,2.2,4.3,11.2
36067,Onondaga County,36067011102,3609,0.7618,38.9,4.6,40.9,10.6,5.5,4.1,27.0,7.2,14.5,23.5
36067,Onondaga County,36067011201,4394,0.3549,16.1,0.8,33.2,7.0,3.3,12.1,22.6,0.6,9.5,2.1
36067,Onondaga County,36067011202,4165,0.2252,11.2,3.9,18.3,4.8,3.8,17.7,19.6,1.4,6.6,5.3
36067,Onondaga County,36067011231,4596,0.191,12.0,6.7,19.4,7.2,3.2,15.3,23.4,0.5,1.4,7.2
36067,Onondaga County,36067011232,4290,0.0724,7.0,4.2,17.8,2.2,1.0,14.8,20.2,0.3,2.7,10.4
36067,Onondaga County,36067011241,2451,0.0097,3.9,2.2,7.6,1.9,1.2,19.9,22.8,0.3,0.0,0.6
36067,Onondaga County,36067011242,6327,0.2114,6.2,8.3,15.2,9.2,2.5,12.8,25.4,0.5,7.9,3.8
36067,Onondaga County,36067011300,4035,0.2003,4.9,3.4,23.7,7.4,6.6,17.0,17.0,0.0,5.2,3.4
36067,Onondaga County,36067011401,7085,0.1695,13.7,2.9,25.0,3.4,0.9,21.4,23.6,2.6,5.8,7.7
36067,Onondaga County,36067011402,4134,0.2146,15.8,1.8,20.5,6.0,3.7,18.3,22.5,1.9,2.4,8.8
36067,Onondaga County,36067011500,6294,0.1583,13.2,4.9,16.6,8.4,1.2,15.1,25.3,1.5,5.5,2.0
36067,Onondaga County,36067011600,5509,0.1606,12.1,6.4,17.5,3.5,2.3,15.2,24.3,0.7,4.4,6.1
36067,Onondaga County,36067011700,4479,0.4222,21.4,1.4,27.4,4.2,2.8,22.8,21.4,1.4,8.5,16.8
36067,Onondaga County,36067011800,5951,0.5237,21.5,7.1,29.8,6.9,5.3,19.8,15.0,1.5,7.2,7.8
36067,Onondaga County,36067011900,3815,0.1369,13.3,1.2,13.3,4.1,6.4,18.3,27.1,0.6,2.4,11.2
36067,Onondaga County,36067012000,5470,0.4655,22.1,6.8,19.8,8.8,1.9,20.8,20.0,0.0,3.1,7.6
36067,Onondaga County,36067012100,5001,0.1471,7.8,4.7,16.0,2.7,0.7,16.1,27.1,0.5,3.3,5.7
36067,Onondaga County,36067012200,1232,0.5286,21.0,5.3,39.4,5.9,2.8,20.9,15.3,0.0,13.5,16.7
36067,Onondaga County,36067012300,3772,0.0871,5.0,6.7,16.8,3.7,0.8,21.9,23.5,1.7,1.9,5.3
36067,Onondaga County,36067012400,4226,0.4725,16.5,3.3,35.9,7.6,2.2,32.8,17.8,0.6,5.4,16.7
36067,Onondaga County,36067012500,3490,0.3805,16.4,3.7,22.7,8.8,2.2,17.2,17.2,0.8,4.1,20.4
36067,Onondaga County,36067012600,5413,0.1551,8.6,2.0,15.4,4.5,1.9,17.3,22.9,0.6,8.7,9.7
36067,Onondaga County,36067012700,2135,0.141,14.4,3.8,16.6,3.1,3.4,24.6,16.2,0.0,2.0,9.9
36067,Onondaga County,36067012800,2813,0.2538,7.1,2.3,24.7,9.0,0.5,20.4,17.2,0.9,3.9,9.9
36067,Onondaga County,36067012900,2304,0.8329,34.3,10.3,22.2,12.9,10.5,13.3,28.3,10.7,21.8,15.8
36067,Onondaga County,36067013000,4303,0.4191,20.5,3.3,20.4,12.5,5.2,20.8,20.1,1.3,11.7,13.5
36067,Onondaga County,36067013100,4418,0.0255,4.5,1.0,12.9,2.2,1.2,23.4,22.7,0.4,4.6,11.6
36067,Onondaga County,36067013200,3137,0.3874,10.2,3.9,11.5,6.6,2.0,26.7,18.2,0.6,12.0,8.7
36067,Onondaga County,36067013300,2331,0.2969,20.6,2.9,23.0,4.1,2.6,25.2,17.0,2.0,10.1,20.6
36067,Onondaga County,36067013400,5477,0.0907,8.5,1.3,19.9,2.3,2.2,20.0,18.1,1.2,2.3,8.6
36067,Onondaga County,36067013500,5095,0.2287,14.8,0.6,24.1,9.7,1.9,25.3,19.4,0.0,9.6,14.4
36067,Onondaga County,36067013600,3234,0.5136,26.2,7.6,20.0,6.3,5.9,14.1,18.5,0.8,7.4,11.9
36067,Onondaga County,36067013701,4591,0.6963,19.0,10.0,21.5,9.7,7.0,22.7,18.5,4.3,16.7,13.0
36067,Onondaga County,36067013800,2056,0.246,14.9,2.0,21.8,6.2,2.4,25.7,20.1,0.0,6.5,5.6
36067,Onondaga County,36067013900,2662,0.1758,17.1,2.7,17.8,7.9,1.6,14.3,27.0,0.0,5.7,12.5
36067,Onondaga County,36067014000,3290,0.5465,14.5,7.8,20.8,11.3,4.5,15.6,18.4,0.9,5.6,15.1
36067,Onondaga County,36067014200,4393,0.6221,23.3,9.3,25.7,8.2,2.8,12.9,23.6,2.9,4.6,11.7
36067,Onondaga County,36067014300,3065,0.3121,14.9,1.6,23.2,12.8,4.8,14.1,16.3,0.0,12.5,27.9
36067,Onondaga County,36067014400,2106,0.5746,31.6,9.2,21.8,10.4,3.1,17.2,21.3,1.2,10.3,9.6
36067,Onondaga County,36067014500,3828,0.2836,14.3,3.7,19.5,10.1,3.9,21.9,14.0,0.0,8.1,12.3
36067,Onondaga County,36067014600,4926,0.7702,19.5,6.0,27.3,9.1,7.2,13.1,27.8,8.9,16.3,8.6
36067,Onondaga County,36067014700,6341,0.2406,7.1,4.1,13.2,3.6,1.2,29.3,20.1,0.0,7.8,6.3
36067,Onondaga County,36067014800,3605,0.2019,10.4,5.0,15.9,2.0,1.0,19.7,23.2,1.0,2.9,2.5
36067,Onondaga County,36067014900,2122,0.1773,8.6,1.1,14.4,13.9,1.9,13.1,21.7,0.0,2.4,6.6
36067,Onondaga County,36067015000,4348,0.1983,5.4,2.6,16.4,3.7,1.1,20.9,25.1,0.0,6.5,8.5
36067,Onondaga County,36067015100,5954,0.2155,11.5,1.9,24.2,4.0,1.7,26.8,18.1,1.0,8.2,8.1
36067,Onondaga County,36067015201,3380,0.1751,8.6,3.2,21.9,8.8,0.0,22.4,18.3,0.5,4.7,10.6
36067,Onondaga County,36067015202,4675,0.1032,8.6,2.9,20.7,3.5,2.2,14.7,29.7,1.3,0.0,3.4
36067,Onondaga County,36067015203,2874,0.0834,5.6,3.2,18.5,1.6,1.0,23.9,23.8,0.0,10.8,12.6
36067,Onondaga County,36067015400,5774,0.4547,15.4,10.8,22.7,12.1,2.3,19.8,19.4,0.7,4.5,15.1
36067,Onondaga County,36067015500,2854,0.1055,15.9,2.9,24.4,1.7,2.3,26.9,17.2,0.0,1.2,5.9
36067,Onondaga County,36067015601,2072,0.3169,8.0,6.7,21.9,6.1,2.4,19.7,17.0,1.6,5.7,5.4
36067,Onondaga County,36067015602,1561,0.0105,7.0,7.2,10.3,0.0,0.3,13.6,22.5,0.0,0.0,0.0
36067,Onondaga County,36067015701,2155,0.0772,1.2,14.8,2.5,4.0,0.9,23.8,11.0,0.0,6.1,19.1
36067,Onondaga County,36067015702,4917,0.1222,4.1,4.2,9.0,4.5,3.5,20.1,22.5,0.0,1.3,7.1
36067,Onondaga County,36067015800,4899,0.0789,7.2,3.2,11.7,2.1,3.9,18.8,19.2,0.0,1.2,12.5
36067,Onondaga County,36067016001,3256,0.1131,9.5,3.4,19.4,7.6,3.5,26.1,16.1,2.2,2.7,6.9
36067,Onondaga County,36067016002,2818,0.0093,3.0,2.3,7.1,3.1,2.2,25.8,19.7,0.0,2.1,5.1
36067,Onondaga County,36067016100,2686,0.44,12.5,6.5,13.7,7.2,1.1,19.4,29.6,3.9,7.1,6.8
36067,Onondaga County,36067016200,2287,0.4167,19.0,3.9,17.3,8.6,5.6,15.5,24.2,1.1,9.0,10.9
36067,Onondaga County,36067016300,7795,0.1958,10.4,3.4,22.1,4.2,0.4,22.8,18.9,0.0,8.3,11.4
36067,Onondaga County,36067016400,3920,0.1277,6.1,2.7,17.7,4.7,3.6,18.7,21.8,0.0,7.1,10.5
36067,Onondaga County,36067016501,1781,0.1929,14.2,6.7,16.8,6.2,3.7,23.6,18.7,1.0,3.8,8.4
36067,Onondaga County,36067016502,4282,0.1768,8.8,8.0,19.7,3.7,2.5,24.5,18.6,1.0,6.2,9.0
36067,Onondaga County,36067016600,4594,0.2138,8.3,2.9,20.0,1.7,1.2,29.7,24.1,0.8,6.6,11.2
36067,Onondaga County,36067016700,2520,0.3222,23.7,9.4,15.4,3.9,1.8,29.5,16.3,0.0,5.8,4.3
36067,Onondaga County,36067016801,1863,0.0688,3.3,1.1,11.6,6.6,5.4,28.6,17.3,0.0,1.3,8.2
36067,Onondaga County,36067016802,2405,0.1236,10.4,3.5,19.2,3.6,2.4,22.3,20.9,2.0,1.0,17.4
36067,Onondaga County,36067016901,2661,0.3051,11.6,3.7,17.4,5.3,1.2,20.6,22.3,1.2,8.7,12.0
36067,Onondaga County,36067016902,2099,0.1775,12.3,6.9,13.0,5.0,5.2,25.2,18.2,1.0,0.1,15.4
36067,Onondaga County,36067940000,412,0.4541,54.6,0.0,19.9,11.9,28.6,17.7,18.4,0.0,0.0,0.0
36069,Ontario County,36069050101,3571,0.0129,8.7,2.8,12.8,2.0,0.0,18.8,26.3,2.0,1.9,3.3
36069,Ontario County,36069050103,3604,0.3123,14.7,1.4,21.0,1.8,2.8,27.0,19.9,0.0,3.5,14.4
36069,Ontario County,36069050104,3793,0.0648,3.3,5.8,17.0,5.3,0.9,18.9,26.4,0.0,13.2,8.5
36069,Ontario County,36069050105,3302,0.1253,8.5,1.1,19.1,3.2,2.1,19.5,24.2,2.1,3.8,7.6
36069,Ontario County,36069050106,1528,0.0029,4.6,0.8,14.4,6.4,0.0,28.8,13.9,0.0,0.0,5.8
36069,Ontario County,36069050203,4107,0.5267,27.3,3.4,37.3,5.8,3.6,13.3,22.0,5.6,2.2,4.8
36069,Ontario County,36069050204,3236,0.0317,8.4,0.3,5.0,6.2,2.1,22.9,14.2,0.4,7.4,2.1
36069,Ontario County,36069050205,4653,0.0489,13.3,3.6,11.3,2.4,0.6,9.6,28.3,1.1,7.9,8.8
36069,Ontario County,36069050206,2272,0.2482,19.5,20.8,19.1,0.9,6.4,11.1,30.4,0.0,4.1,0.0
36069,Ontario County,36069050302,3977,0.2055,14.3,3.1,13.6,8.1,2.2,18.2,18.5,0.7,4.1,10.8
36069,Ontario County,36069050303,2675,0.7683,31.6,4.1,31.3,7.8,2.4,21.5,29.6,0.8,11.7,13.3
36069,Ontario County,36069050304,2741,0.356,18.5,1.8,16.2,25.9,3.1,22.7,15.0,1.4,1.7,20.9
36069,Ontario County,36069050401,3512,0.1441,17.6,3.9,18.4,4.1,0.9,19.1,23.6,0.5,0.3,8.9
36069,Ontario County,36069050402,3159,0.6157,18.1,2.1,20.6,8.9,9.3,22.3,21.6,0.4,4.4,12.3
36069,Ontario County,36069050501,3629,0.3497,10.7,5.0,24.7,7.0,3.3,23.2,20.3,0.0,6.5,22.2
36069,Ontario County,36069050502,2725,0.4163,19.5,7.5,20.3,10.8,5.7,30.1,17.7,0.8,3.6,17.2
36069,Ontario County,36069050601,6075,0.1591,8.7,0.7,22.1,1.5,0.6,26.7,19.2,0.0,1.2,5.8
36069,Ontario County,36069050603,2515,0.23,10.2,3.0,16.9,0.7,2.8,14.4,25.7,0.0,2.5,3.7
36069,Ontario County,36069050604,2496,0.2874,17.5,3.2,25.1,3.2,3.1,15.6,11.9,0.0,3.2,14.4
36069,Ontario County,36069050800,3056,0.5649,34.4,4.2,34.4,6.1,1.6,22.5,19.3,2.0,17.2,19.6
36069,Ontario County,36069050900,2440,0.2623,9.6,0.9,32.5,4.8,2.5,23.6,12.6,0.8,10.6,5.1
36069,Ontario County,36069051001,1917,0.3798,12.1,4.8,30.4,7.1,4.1,17.0,16.5,0.0,10.7,9.5
36069,Ontario County,36069051101,1888,0.6771,15.3,6.1,27.2,15.5,13.0,9.5,17.0,4.2,11.6,14.9
36069,Ontario County,36069051102,1261,0.6533,19.7,1.3,35.5,14.8,1.0,43.3,11.0,0.5,15.9,28.1
36069,Ontario County,36069051200,3917,0.422,14.8,6.1,15.1,6.3,0.9,21.8,15.4,1.1,6.4,8.1
36069,Ontario County,36069051301,1763,0.3551,17.3,3.7,13.4,7.4,2.4,27.1,22.2,4.0,9.7,10.7
36069,Ontario County,36069051302,2351,0.6997,21.6,4.5,30.9,12.5,7.8,27.4,16.1,1.1,9.4,12.9
36069,Ontario County,36069051400,2641,0.4955,13.8,1.7,26.6,8.7,9.4,23.9,21.8,1.6,4.0,9.0
36069,Ontario County,36069051501,1938,0.206,9.2,5.8,10.4,2.5,3.7,39.1,13.2,0.0,6.1,9.0
36069,Ontario County,36069051502,1529,0.5368,23.1,3.9,23.8,7.8,1.7,19.4,22.6,0.7,2.0,14.1
36069,Ontario County,36069051600,1433,0.3229,12.2,1.1,22.5,11.4,3.6,31.5,14.3,0.0,15.0,2.7
36069,Ontario County,36069051700,2702,0.8721,47.7,2.8,35.9,22.3,3.0,17.5,28.8,1.9,19.4,15.8
36069,Ontario County,36069051801,5285,0.5499,20.1,3.6,27.6,8.8,7.2,14.6,16.8,5.2,14.5,12.1
36069,Ontario County,36069051900,3250,0.1475,18.2,3.2,25.2,7.0,1.6,7.3,8.1,1.5,14.4,9.5
36069,Ontario County,36069052001,1649,0.2503,12.4,12.1,13.7,7.3,11.7,25.5,12.8,0.4,3.8,19.8
36069,Ontario County,36069052002,1581,0.1427,12.5,6.0,25.5,5.3,4.4,18.5,18.3,0.0,1.7,8.2
36069,Ontario County,36069052003,1774,0.085,0.3,12.2,14.4,9.9,0.0,33.1,12.1,0.8,0.0,2.3
36069,Ontario County,36069052101,1731,0.3218,17.6,4.4,20.0,3.0,2.9,33.3,11.2,2.4,2.8,5.0
36069,Ontario County,36069052102,2021,0.0207,7.4,2.9,22.5,2.8,1.8,24.1,15.3,0.0,2.2,3.9
36069,Ontario County,36069052200,2591,0.4528,30.5,6.4,28.9,3.3,4.4,21.8,19.5,0.5,2.4,8.1
36071,Orange County,36071000100,3258,0.8755,30.1,16.0,57.8,17.6,5.6,12.6,13.0,5.4,10.4,15.5
36071,Orange County,36071000200,3075,0.8204,13.9,7.5,32.1,15.3,12.6,10.6,27.1,2.8,6.7,13.9
36071,Orange County,36071000301,2106,0.8489,30.8,0.0,49.2,21.2,21.3,7.4,27.0,11.9,44.6,19.3
36071,Orange County,36071000302,5019,0.7143,27.9,1.7,37.8,17.7,19.1,10.4,22.9,8.0,15.7,8.0
36071,Orange County,36071000400,4635,0.9076,54.4,13.6,49.5,16.3,9.6,12.6,28.2,1.7,17.1,12.2
36071,Orange County,36071000501,2473,0.8428,44.2,3.6,56.5,21.4,15.3,16.2,21.4,0.0,53.9,28.0
36071,Orange County,36071000502,4350,0.8645,41.9,5.4,35.2,23.5,18.3,8.3,30.5,10.2,19.3,9.1
36071,Orange County,36071000600,3835,0.9403,48.8,10.7,56.8,25.5,2.9,21.0,23.9,1.9,41.3,26.9
36071,Orange County,36071001100,4609,0.6742,18.5,0.9,37.6,20.3,14.4,16.9,19.3,6.3,4.3,11.1
36071,Orange County,36071001200,2605,0.8985,46.7,8.7,35.3,28.1,10.1,5.3,35.0,13.3,10.9,18.2
36071,Orange County,36071001300,3154,0.2956,9.2,6.3,23.5,3.4,3.7,20.3,17.1,0.0,0.6,8.1
36071,Orange County,36071001500,5057,0.8282,31.2,5.4,33.4,20.2,8.1,10.8,28.1,3.6,17.7,19.3
36071,Orange County,36071001601,4764,0.5545,16.3,1.1,47.0,5.1,2.8,14.0,25.5,5.9,11.4,5.7
36071,Orange County,36071001602,3355,0.6056,19.6,14.4,20.6,12.5,7.2,14.2,24.5,3.9,9.5,15.1
36071,Orange County,36071002100,3083,0.7255,32.6,3.3,43.8,11.0,5.2,19.4,20.6,0.0,26.5,28.8
36071,Orange County,36071002200,3281,0.8335,31.5,13.7,60.5,14.3,6.4,24.0,16.6,1.1,16.4,19.0
36071,Orange County,36071002300,2361,0.5296,27.7,4.7,33.3,19.1,3.2,11.2,28.1,6.6,10.4,9.4
36071,Orange County,36071010101,5350,0.5227,21.9,5.8,24.8,7.0,6.3,12.4,26.9,0.9,5.2,3.5
36071,Orange County,36071010102,4633,0.1258,6.0,2.3,16.2,7.7,3.1,9.9,19.6,0.0,0.8,2.7
36071,Orange County,36071010200,5501,0.306,10.7,6.2,21.2,6.6,2.8,19.7,16.5,1.4,5.0,7.7
36071,Orange County,36071010300,3332,0.2766,9.5,2.8,16.5,11.3,4.3,17.1,18.9,3.9,0.8,6.4
36071,Orange County,36071010400,3935,0.4125,11.1,6.6,28.3,9.0,3.7,25.1,18.1,0.0,5.9,7.7
36071,Orange County,36071010501,4233,0.1334,6.5,1.5,25.2,6.8,3.8,17.7,16.6,1.3,2.6,10.6
36071,Orange County,36071010502,4824,0.2416,8.9,2.0,29.6,7.5,2.9,23.1,12.7,0.0,2.4,11.3
36071,Orange County,36071010601,3013,0.0306,2.4,2.0,12.8,3.4,0.9,17.0,21.4,0.0,1.7,1.0
36071,Orange County,36071010602,3477,0.4965,14.5,2.2,30.8,14.1,1.6,12.6,26.3,3.2,1.9,1.9
36071,Orange County,36071010701,2516,0.3186,17.5,6.4,13.7,6.3,12.1,6.5,29.7,2.1,3.7,3.5
36071,Orange County,36071010702,4345,0.7419,38.6,5.4,47.9,14.2,4.4,14.5,18.7,6.7,6.6,18.2
36071,Orange County,36071010801,4500,0.3066,9.5,3.0,28.2,8.6,1.8,18.0,22.6,3.6,5.9,10.7
36071,Orange County,36071010802,5378,0.4518,20.0,2.7,29.3,6.7,4.1,20.1,24.0,5.1,3.4,3.1
36071,Orange County,36071010901,3460,0.4566,11.0,8.4,18.2,6.4,6.5,15.7,21.0,0.9,1.4,7.8
36071,Orange County,36071010902,5664,0.2646,11.0,5.6,14.8,4.1,4.3,11.9,26.0,1.4,1.4,13.1
36071,Orange County,36071011000,5156,0.4377,15.7,1.6,22.2,6.6,5.7,18.8,18.7,1.1,2.5,5.2
36071,Orange County,36071011101,3623,0.5858,11.0,6.6,14.3,8.5,10.0,11.1,23.7,1.6,4.1,10.0
36071,Orange County,36071011102,4424,0.318,16.6,2.1,24.1,11.1,1.5,10.2,17.9,2.0,4.2,7.2
36071,Orange County,36071011200,4754,0.6419,13.9,9.7,29.4,9.7,1.0,21.9,19.8,0.7,10.8,22.7
36071,Orange County,36071011301,4891,0.9116,30.6,16.2,43.2,18.6,3.8,19.4,27.0,9.7,19.7,17.4
36071,Orange County,36071011302,3312,0.5961,14.4,4.1,35.1,13.8,9.4,13.9,16.8,1.5,12.1,16.7
36071,Orange County,36071011400,4413,0.3425,7.8,5.6,24.1,9.5,4.5,15.5,17.1,0.0,2.3,10.6
36071,Orange County,36071011500,6549,0.609,8.4,2.9,23.7,18.6,8.8,16.0,17.1,2.7,4.2,10.0
36071,Orange County,36071011601,3696,0.6833,22.5,9.5,29.3,4.4,9.2,19.6,18.7,4.3,4.0,8.7
36071,Orange County,36071011602,3802,0.3857,14.3,7.3,25.8,6.4,2.9,18.8,24.2,2.3,1.0,10.2
36071,Orange County,36071011701,4681,0.1874,7.8,2.6,12.4,3.9,2.4,13.2,27.2,2.5,3.5,4.4
36071,Orange County,36071011702,4633,0.1901,16.7,1.5,25.4,6.0,4.2,11.4,26.3,0.0,1.1,2.7
36071,Orange County,36071011801,5129,0.3813,12.7,8.4,23.6,5.1,5.1,13.7,23.6,0.0,5.3,9.7
36071,Orange County,36071011802,2353,0.4524,9.0,6.8,31.0,6.2,2.8,16.4,19.0,0.0,6.8,8.5
36071,Orange County,36071011900,6721,0.2711,6.9,9.2,16.7,12.5,1.4,16.7,20.1,2.5,6.0,2.4
36071,Orange County,36071012100,3833,0.6953,4.9,2.8,22.5,12.5,12.1,21.7,16.2,5.5,9.4,11.8
36071,Orange County,36071012200,3939,0.2665,6.8,4.2,34.4,2.9,1.8,24.5,21.8,0.0,2.7,2.0
36071,Orange County,36071012300,5452,0.287,10.5,2.9,17.0,5.4,5.8,13.8,23.6,0.9,0.0,1.5
36071,Orange County,36071012601,4806,0.3273,9.2,11.8,15.3,8.0,2.7,17.8,18.8,0.0,8.8,8.0
36071,Orange County,36071012602,2881,0.548,8.1,4.2,47.0,10.7,1.1,15.6,20.0,6.5,7.5,5.2
36071,Orange County,36071012700,3917,0.7398,23.7,18.8,29.3,9.9,8.7,14.2,17.2,3.0,4.3,3.3
36071,Orange County,36071012800,4900,0.5396,15.0,3.5,34.0,9.6,4.8,16.5,17.3,3.3,3.9,10.7
36071,Orange County,36071012900,3075,0.0717,7.5,1.4,19.7,2.0,2.4,19.4,19.5,0.0,1.4,6.9
36071,Orange County,36071013000,4411,0.3357,6.8,3.4,20.9,3.4,3.8,18.6,23.7,0.6,2.6,6.3
36071,Orange County,36071013100,5332,0.2074,11.9,6.0,21.4,7.2,2.7,17.5,20.8,0.4,1.8,9.3
36071,Orange County,36071013201,5265,0.2844,7.3,4.5,28.4,11.2,1.5,15.3,21.0,0.6,5.9,6.4
36071,Orange County,36071013202,2077,0.283,7.2,6.2,28.7,6.4,3.5,11.3,22.7,0.0,1.9,6.5
36071,Orange County,36071013301,5155,0.2321,10.3,3.5,24.0,8.8,0.2,7.5,28.5,5.6,6.2,4.6
36071,Orange County,36071013302,2213,0.0755,5.0,13.8,16.9,2.5,3.6,8.2,26.8,0.0,0.6,2.7
36071,Orange County,36071013400,3965,0.61,56.1,12.9,47.0,7.5,2.7,10.1,41.9,4.5,5.3,16.5
36071,Orange County,36071013500,6238,0.2353,10.6,4.0,21.0,6.4,5.4,10.1,21.9,0.0,9.1,3.5
36071,Orange County,36071013600,6386,0.0996,8.5,3.2,16.6,1.2,1.9,0.5,27.1,1.6,0.6,1.4
36071,Orange County,36071013700,2795,0.5638,19.2,6.2,33.6,7.8,6.0,14.5,17.7,3.2,5.1,6.0
36071,Orange County,36071013800,3702,0.3383,5.7,3.0,27.2,9.0,0.0,18.4,22.3,4.0,2.6,9.7
36071,Orange County,36071013900,5133,0.2309,6.3,9.5,25.5,4.6,2.7,12.8,25.5,1.1,3.9,0.8
36071,Orange County,36071014101,4856,0.479,13.4,3.3,20.7,16.0,7.8,10.4,25.9,9.6,5.8,9.1
36071,Orange County,36071014102,5668,0.6546,15.5,7.5,32.6,6.7,9.5,10.9,26.1,3.3,6.9,9.1
36071,Orange County,36071014201,3751,0.3237,5.2,4.2,23.0,4.4,5.5,20.8,20.5,3.1,5.6,4.8
36071,Orange County,36071014202,6725,0.2954,6.1,4.4,8.5,8.5,2.7,17.2,21.2,1.0,1.2,5.9
36071,Orange County,36071014301,4534,0.2539,10.7,4.0,25.0,7.7,2.8,14.9,16.7,0.0,7.0,6.7
36071,Orange County,36071014302,8057,0.1234,8.6,5.4,15.5,4.2,2.3,16.7,22.8,0.0,1.2,10.7
36071,Orange County,36071014400,4876,0.3573,11.2,4.5,18.5,4.2,5.7,16.8,24.4,3.4,4.6,5.0
36071,Orange County,36071014501,4304,0.0517,4.7,1.1,13.2,3.4,2.8,17.7,22.3,2.5,0.0,3.8
36071,Orange County,36071014502,5933,0.1192,8.6,3.6,25.8,5.1,1.5,17.0,18.7,0.7,7.4,7.0
36071,Orange County,36071014601,3106,0.1908,8.4,0.6,25.3,3.2,4.4,28.6,16.9,0.0,17.4,10.5
36071,Orange County,36071014602,3491,0.3847,10.3,3.8,32.6,6.5,6.6,22.6,20.9,1.8,5.3,5.0
36071,Orange County,36071014700,4027,0.0365,4.6,4.8,12.0,7.2,0.4,14.6,16.6,0.0,1.5,2.3
36071,Orange County,36071014801,3279,0.5537,24.5,0.7,28.4,10.0,9.8,17.5,17.1,11.0,1.9,11.1
36071,Orange County,36071014802,2928,0.2543,9.8,6.4,26.4,11.6,3.4,14.7,26.6,2.9,6.8,14.4
36071,Orange County,36071014900,3772,0.2507,9.9,2.1,24.7,4.6,2.4,21.9,18.1,0.6,2.2,5.1
36071,Orange County,36071015003,10758,0.6153,57.7,3.8,55.0,32.1,0.2,1.4,60.4,47.8,30.8,66.5
36071,Orange County,36071015005,6524,0.6377,67.2,1.4,64.5,19.4,0.5,1.6,56.7,25.2,34.5,73.1
36071,Orange County,36071015007,6002,0.5292,78.0,0.0,67.6,21.9,0.2,0.5,60.3,33.4,26.8,82.8
36071,Orange County,36071015008,4281,0.7269,73.5,6.6,79.7,33.4,0.8,4.2,47.8,13.2,53.7,90.6
36071,Orange County,36071015009,2735,0.823,56.7,10.3,68.0,25.6,10.1,7.8,50.5,17.5,42.2,87.5
36071,Orange County,36071015010,5075,0.6246,56.7,1.1,52.6,24.7,2.8,3.4,59.2,26.2,36.9,75.0
36071,Orange County,36071015100,6599,0.882,34.8,3.2,43.4,20.4,10.9,13.5,31.1,2.9,25.4,21.5
36071,Orange County,36071015201,4294,0.2484,12.1,4.8,18.2,8.1,6.1,10.7,24.6,0.4,0.8,6.9
36071,Orange County,36071015202,5301,0.6151,17.5,7.0,26.5,20.7,3.2,18.4,25.7,0.0,1.5,9.8
36071,Orange County,36071015203,1568,0.367,13.0,13.8,22.3,0.4,3.3,3.0,21.8,0.0,7.2,0.0
36073,Orleans County,36073040200,3144,0.3819,14.9,3.2,22.0,15.3,3.5,12.0,19.4,0.9,4.1,13.2
36073,Orleans County,36073040300,2497,0.5748,22.1,6.4,19.0,17.4,8.4,16.9,21.9,0.6,4.0,16.8
36073,Orleans County,36073040400,3438,0.5187,19.3,2.3,28.4,11.8,4.6,16.0,22.8,0.0,5.4,5.3
36073,Orleans County,36073040500,2399,0.7991,36.3,11.4,27.7,20.7,7.8,19.0,22.0,0.0,16.4,17.3
36073,Orleans County,36073040601,1888,0.3205,26.8,2.8,16.3,13.6,2.5,18.9,23.4,4.1,4.4,17.6
36073,Orleans County,36073040602,1588,,,,,39.2,,1.7,0.0,,,
36073,Orleans County,36073040603,3414,0.4902,27.0,7.0,36.7,7.4,3.9,27.4,11.4,0.0,4.7,11.7
36073,Orleans County,36073040701,2778,0.7404,23.9,12.1,30.9,16.1,7.2,15.2,20.8,0.0,21.5,30.4
36073,Orleans County,36073040702,2849,0.832,32.3,18.6,31.2,15.7,6.1,25.2,17.6,0.0,12.1,18.7
36073,Orleans County,36073040801,3325,0.3402,20.4,3.3,28.2,3.6,1.4,21.6,22.3,2.1,4.8,9.8
36073,Orleans County,36073040802,4801,0.4754,17.4,4.5,25.8,11.3,4.4,16.9,20.3,2.9,3.9,11.4
36073,Orleans County,36073401200,3466,0.7014,26.9,3.9,27.0,17.8,12.1,20.2,20.2,2.5,12.0,22.3
36073,Orleans County,36073401300,4561,0.3007,11.3,3.5,15.5,7.8,4.2,18.7,19.7,0.6,2.7,3.9
36075,Oswego County,36075020101,2024,0.6835,26.3,8.1,22.3,16.6,10.9,13.6,22.9,4.3,8.0,13.1
36075,Oswego County,36075020102,1522,0.2912,25.4,4.0,17.0,14.8,3.5,12.4,29.4,10.0,2.6,9.2
36075,Oswego County,36075020201,2467,0.3243,28.9,7.1,38.3,9.8,3.2,23.2,18.4,0.8,3.6,6.2
36075,Oswego County,36075020202,1349,0.5852,34.3,6.0,19.7,9.9,2.1,16.8,22.8,2.0,3.6,12.7
36075,Oswego County,36075020301,2090,0.4583,22.0,3.5,24.2,10.5,4.3,23.5,17.1,0.8,8.4,15.1
36075,Oswego County,36075020303,1984,0.3228,15.4,4.4,20.1,8.5,10.7,23.2,22.9,7.8,0.9,13.3
36075,Oswego County,36075020304,1598,0.5761,56.4,1.0,21.5,17.9,9.5,14.2,26.2,0.0,5.4,17.4
36075,Oswego County,36075020400,5257,0.6349,20.2,3.3,31.4,19.1,5.9,20.3,18.0,1.8,6.1,9.3
36075,Oswego County,36075020501,1737,0.5624,27.1,14.1,26.5,12.2,5.9,11.9,24.4,3.2,4.3,6.6
36075,Oswego County,36075020502,2581,0.4851,22.3,10.1,20.8,15.7,4.2,14.6,17.5,1.1,10.0,10.7
36075,Oswego County,36075020503,1129,0.4421,26.0,8.4,22.0,11.1,4.4,13.9,22.3,3.0,6.9,18.1
36075,Oswego County,36075020600,4799,0.3446,16.0,8.4,28.0,12.2,3.8,19.2,21.4,0.0,1.8,11.2
36075,Oswego County,36075020703,5113,0.2737,16.3,8.1,18.6,7.0,3.2,16.6,16.7,3.0,4.0,8.6
36075,Oswego County,36075020704,1988,0.0905,6.8,3.5,25.1,4.1,1.4,18.5,18.2,1.3,3.0,8.5
36075,Oswego County,36075020705,2096,0.4931,32.9,7.1,25.7,15.4,3.9,14.4,23.8,5.8,4.9,13.7
36075,Oswego County,36075020706,2319,0.5048,23.8,3.3,31.6,7.3,2.4,17.4,23.4,0.7,12.7,14.7
36075,Oswego County,36075020707,1929,0.417,23.7,11.3,21.3,4.6,4.8,21.4,18.2,3.2,1.0,4.0
36075,Oswego County,36075020800,3464,0.5121,35.0,4.2,25.5,13.8,2.2,20.6,31.3,2.1,7.4,11.0
36075,Oswego County,36075020901,2440,0.5111,29.0,8.7,37.6,11.9,1.1,15.2,25.7,1.3,17.4,12.4
36075,Oswego County,36075020903,2571,0.3458,21.2,6.5,17.5,3.6,2.5,19.9,20.7,2.1,7.1,15.6
36075,Oswego County,36075020904,1839,0.2294,23.9,8.1,22.9,7.3,3.8,17.2,19.0,1.3,0.0,2.5
36075,Oswego County,36075020905,1151,0.0439,7.6,1.9,10.1,9.3,3.2,12.8,25.5,0.0,2.1,2.3
36075,Oswego County,36075021001,2475,0.4693,19.4,2.9,18.1,9.5,0.3,26.9,18.1,3.0,5.6,8.9
36075,Oswego County,36075021002,2170,0.1106,21.0,4.0,10.5,5.6,6.7,10.4,15.6,0.0,3.1,3.6
36075,Oswego County,36075021003,1027,0.1431,22.1,4.2,8.6,2.5,5.3,16.7,13.6,1.3,0.0,7.0
36075,Oswego County,36075021101,3482,0.524,32.7,6.0,30.2,15.0,5.9,13.2,19.8,0.0,26.9,13.5
36075,Oswego County,36075021102,2315,0.8726,55.9,11.2,48.3,25.4,8.4,12.9,25.7,1.8,18.8,9.9
36075,Oswego County,36075021103,2949,0.3851,21.8,4.5,17.0,4.7,6.2,17.5,28.4,0.0,8.5,4.1
36075,Oswego County,36075021104,2635,0.6814,30.6,16.1,36.3,14.7,6.6,13.6,25.3,10.0,22.1,12.3
36075,Oswego County,36075021201,1199,0.6143,52.9,6.9,32.4,24.9,1.2,16.5,31.8,8.3,1.4,21.8
36075,Oswego County,36075021202,2586,0.3362,23.9,5.3,26.2,6.4,3.4,22.0,16.6,0.6,8.1,10.1
36075,Oswego County,36075021203,2763,0.2802,20.1,3.3,17.6,9.8,1.9,17.7,16.7,2.1,1.5,8.4
36075,Oswego County,36075021300,4526,0.5261,27.1,9.2,26.6,10.3,8.3,18.4,21.1,2.4,5.4,9.7
36075,Oswego County,36075021401,8082,0.4571,20.4,12.3,13.5,10.6,3.1,8.3,10.8,4.2,1.7,4.1
36075,Oswego County,36075021402,1736,0.4535,12.3,10.1,17.3,3.7,5.4,23.6,19.2,0.9,2.4,7.4
36075,Oswego County,36075021501,2933,0.2849,17.6,2.8,18.4,8.6,2.1,19.8,23.5,2.5,1.4,4.7
36075,Oswego County,36075021503,2302,0.0433,4.8,4.2,17.1,8.7,0.0,13.1,17.5,0.0,0.0,8.5
36075,Oswego County,36075021504,2319,0.345,18.0,6.0,12.9,4.2,3.3,25.6,17.4,4.8,11.6,8.1
36075,Oswego County,36075021505,1999,0.1657,16.5,0.0,25.7,1.5,0.2,11.8,23.2,0.0,13.3,23.7
36075,Oswego County,36075021601,2610,0.5993,42.7,9.3,38.7,10.0,5.5,21.5,18.0,0.0,15.5,11.8
36075,Oswego County,36075021602,2971,0.7607,41.5,17.4,34.1,10.2,4.9,14.0,16.8,2.4,13.5,13.0
36075,Oswego County,36075021603,3316,0.4187,20.9,3.8,26.7,4.1,4.4,22.3,18.0,0.0,10.2,8.6
36075,Oswego County,36075021604,4870,0.8151,31.7,10.2,35.5,7.6,1.8,19.4,27.3,1.7,21.1,22.2
36075,Oswego County,36075021605,3325,0.6613,43.5,13.1,46.7,11.9,6.3,10.4,28.6,3.4,19.4,8.4
36077,Otsego County,36077590101,2186,0.3697,21.3,4.2,17.3,7.7,12.8,21.0,18.8,2.8,6.4,13.6
36077,Otsego County,36077590102,1923,0.2994,10.0,7.3,14.4,5.3,5.4,26.5,12.4,0.6,0.6,11.2
36077,Otsego County,36077590201,2276,0.2921,11.1,16.4,12.4,8.4,3.0,17.8,17.3,1.1,8.8,16.7
36077,Otsego County,36077590202,3664,0.3587,9.4,5.2,15.9,2.1,5.5,31.6,11.6,0.0,7.6,11.0
36077,Otsego County,36077590301,1936,0.644,35.0,2.5,26.8,11.2,3.7,22.3,21.2,6.3,7.6,19.2
36077,Otsego County,36077590302,2117,0.2214,12.5,9.7,22.6,11.6,1.7,17.7,20.8,1.8,3.9,11.8
36077,Otsego County,36077590401,2013,0.6847,31.1,1.9,20.5,15.7,11.4,16.5,23.9,2.2,8.4,17.9
36077,Otsego County,36077590402,3679,0.4906,24.5,4.7,16.7,6.5,10.5,23.6,20.8,3.3,3.5,16.8
36077,Otsego County,36077590500,2828,0.3707,19.1,0.4,22.6,5.2,4.9,25.3,18.0,1.7,3.8,12.6
36077,Otsego County,36077590600,1786,0.3956,19.6,4.1,18.5,10.6,4.3,23.0,13.3,2.9,3.9,28.4
36077,Otsego County,36077590701,1645,0.2378,17.0,3.6,19.4,6.6,2.2,29.0,17.4,0.0,4.0,10.3
36077,Otsego County,36077590702,1864,0.1922,11.4,4.8,20.0,4.2,2.5,23.7,11.5,0.3,5.2,13.8
36077,Otsego County,36077590800,5074,0.6907,23.7,3.4,29.8,10.4,5.4,21.7,18.0,0.3,6.5,13.5
36077,Otsego County,36077590900,2537,0.1612,22.6,0.0,19.0,0.7,0.8,25.0,17.1,0.0,4.8,6.3
36077,Otsego County,36077591000,3353,0.3916,31.6,3.5,37.6,9.0,4.0,19.1,7.4,1.8,15.4,9.3
36077,Otsego County,36077591100,3281,0.3686,39.3,1.8,39.9,5.0,7.2,15.7,12.0,0.0,16.2,16.3
36077,Otsego County,36077591401,2777,0.3995,21.5,4.1,22.4,10.0,1.6,20.6,15.6,1.2,4.3,24.7
36077,Otsego County,36077591402,2173,0.4613,18.8,12.2,23.0,4.8,8.8,27.6,19.1,0.8,5.6,14.1
36077,Otsego County,36077591500,3512,0.2454,21.7,3.6,19.1,6.3,3.8,20.9,18.5,0.7,6.7,18.7
36077,Otsego County,36077591601,1727,0.5763,29.9,11.6,26.8,7.8,8.2,25.4,16.4,1.5,7.7,14.7
36077,Otsego County,36077591602,2401,0.3828,21.7,2.1,24.8,11.9,3.5,22.3,14.4,0.4,8.5,16.8
36077,Otsego County,36077591700,4926,0.1099,16.7,7.7,18.1,5.8,2.2,5.4,4.6,0.0,4.4,6.0
36079,Putnam County,36079010100,3575,0.3473,7.5,8.1,32.0,11.9,3.3,25.0,15.2,3.3,0.6,4.6
36079,Putnam County,36079010201,4266,0.302,7.4,6.3,27.7,3.7,1.8,14.4,23.1,0.0,7.5,7.7
36079,Putnam County,36079010202,3736,0.5691,37.5,4.9,23.0,8.6,12.1,11.4,12.1,0.9,10.2,0.0
36079,Putnam County,36079010300,4770,0.1057,8.0,2.8,21.0,8.1,2.9,14.8,19.7,0.7,6.1,9.1
36079,Putnam County,36079010400,3233,0.2965,14.1,5.4,34.6,10.9,1.6,19.1,23.3,4.6,2.7,4.3
36079,Putnam County,36079010500,4937,0.0661,7.4,5.7,14.6,2.8,0.8,20.9,19.3,0.3,0.4,1.9
36079,Putnam County,36079010600,3739,0.2747,7.6,4.6,14.4,5.4,4.0,25.2,19.7,1.4,5.0,6.3
36079,Putnam County,36079010700,2518,0.2878,12.8,5.7,25.6,2.8,2.4,19.2,21.1,0.6,10.4,3.8
36079,Putnam County,36079010800,3580,0.1304,12.8,3.9,18.5,2.4,1.6,22.8,18.4,2.6,6.4,4.0
36079,Putnam County,36079010901,3695,0.2078,14.1,6.3,15.1,5.0,5.9,13.9,17.6,2.6,3.6,5.2
36079,Putnam County,36079010902,3951,0.123,7.3,2.9,28.1,5.0,5.8,17.8,21.4,0.0,2.2,10.0
36079,Putnam County,36079011000,4127,0.0112,4.7,3.0,18.9,4.0,2.0,17.4,17.8,0.6,1.3,5.8
36079,Putnam County,36079011100,4919,0.1059,4.9,3.5,16.0,1.7,3.3,15.0,18.0,2.0,1.0,5.8
36079,Putnam County,36079011201,3025,0.4326,2.9,10.2,21.0,12.1,0.8,18.8,27.7,3.2,9.6,9.2
36079,Putnam County,36079011202,4049,0.26,8.0,2.7,20.2,5.8,2.7,15.0,25.2,5.3,3.3,3.9
36079,Putnam County,36079011300,4323,0.0496,3.0,1.1,22.5,3.4,1.8,17.3,21.0,0.0,3.1,0.6
36079,Putnam County,36079011400,5453,0.2555,6.2,4.8,14.5,9.4,5.4,13.5,17.9,1.6,6.5,6.6
36079,Putnam County,36079011501,4007,0.2596,8.9,3.4,29.9,3.8,0.7,30.2,14.8,5.6,3.8,9.7
36079,Putnam County,36079011502,2470,0.1855,7.4,7.9,27.4,10.8,0.4,23.2,18.7,0.0,1.1,20.0
36079,Putnam County,36079011600,5474,0.0641,6.6,2.1,17.1,9.8,2.3,15.5,17.6,0.0,1.7,3.6
36079,Putnam County,36079011700,5112,0.1325,5.0,5.6,22.5,5.8,1.9,19.5,19.5,1.4,0.5,7.4
36079,Putnam County,36079011801,3833,0.767,21.8,1.2,40.1,13.2,9.2,12.0,22.2,5.4,11.6,10.2
36079,Putnam County,36079011802,4300,0.3758,11.8,5.1,21.5,13.7,7.6,20.4,19.5,0.5,2.0,2.2
36079,Putnam County,36079011900,4850,0.2473,6.7,4.4,16.9,4.9,3.7,21.9,19.4,0.7,4.5,0.9
36081,Queens County,36081000101,5027,0.375,16.0,7.2,18.6,6.2,1.3,10.8,18.5,9.8,52.0,0.8
36081,Queens County,36081000102,5966,0.1716,4.0,4.2,8.0,1.3,2.8,2.3,21.8,16.2,52.6,3.7
36081,Queens County,36081000103,0,,,,,,,,,,,
36081,Queens County,36081000104,371,0.639,65.2,15.3,100.0,12.9,4.9,19.7,18.3,0.0,0.0,0.0
36081,Queens County,36081000200,2553,0.7352,22.0,6.4,39.0,16.3,10.1,12.2,11.6,8.6,34.0,8.0
36081,Queens County,36081000400,4738,0.6938,17.5,5.2,22.3,23.2,10.6,12.3,28.0,14.3,30.8,10.8
36081,Queens County,36081000600,3890,0.8782,46.9,11.7,41.0,26.4,12.4,12.5,28.7,7.1,33.6,12.2
36081,Queens County,36081000701,3229,0.1412,9.7,4.1,9.9,3.5,2.7,3.7,21.2,5.3,57.6,1.4
36081,Queens County,36081000702,3594,0.4098,9.8,10.0,18.7,10.6,2.9,11.2,17.7,5.3,61.6,9.1
36081,Queens County,36081000800,3296,0.6693,12.4,7.2,33.8,26.0,8.8,16.2,18.7,6.1,30.4,6.4
36081,Queens County,36081001000,4799,0.7139,16.8,10.5,36.4,24.0,12.8,8.0,22.9,16.7,31.5,4.4
36081,Queens County,36081001200,3821,0.6341,15.3,6.1,28.3,14.6,13.1,14.6,19.3,3.0,42.3,8.9
36081,Queens County,36081001400,3929,0.5737,19.4,5.2,25.4,15.1,3.4,9.3,20.0,8.7,21.2,5.2
36081,Queens County,36081001600,2455,0.7653,13.0,9.1,37.4,27.1,12.0,15.6,11.1,12.4,44.1,11.3
36081,Queens County,36081001800,2933,0.7343,25.6,4.4,38.1,20.3,14.9,13.2,18.4,13.8,19.9,2.5
36081,Queens County,36081001901,1215,0.1251,0.0,0.0,19.2,0.0,0.0,0.0,20.0,4.1,66.2,9.8
36081,Queens County,36081001902,5059,0.2633,12.7,4.0,20.7,2.0,3.6,0.7,8.9,10.8,62.2,5.1
36081,Queens County,36081001903,1362,0.2941,15.8,8.4,16.9,5.2,10.6,0.0,12.8,5.5,73.0,0.0
36081,Queens County,36081002000,1603,0.704,22.0,4.5,32.5,22.3,9.7,18.8,19.0,8.4,34.3,6.4
36081,Queens County,36081002200,2519,0.8831,22.9,3.4,40.6,20.2,14.1,13.7,24.9,11.1,28.4,2.9
36081,Queens County,36081002400,2352,0.92,39.2,12.4,48.3,21.8,21.1,11.4,21.4,15.6,26.3,1.9
36081,Queens County,36081002500,5063,0.8479,54.9,3.0,43.6,24.0,1.5,20.0,17.9,3.4,94.2,36.4
36081,Queens County,36081002600,1956,0.7128,15.3,13.4,32.2,14.0,2.9,24.0,18.9,8.3,21.4,11.0
36081,Queens County,36081002800,3493,0.5752,19.6,3.7,28.7,12.5,13.0,16.1,14.8,9.3,39.9,6.8
36081,Queens County,36081003000,1567,0.6113,16.7,8.3,40.3,24.4,4.9,17.0,16.0,0.9,19.7,17.1
36081,Queens County,36081003100,1397,0.685,24.8,3.8,23.2,12.2,6.2,10.0,4.0,7.6,58.4,7.5
36081,Queens County,36081003200,1886,0.7751,28.7,12.3,32.2,24.3,13.3,13.8,21.8,5.9,31.3,8.5
36081,Queens County,36081003301,2958,0.165,7.0,4.2,10.2,2.8,1.0,0.5,4.8,5.3,70.5,8.6
36081,Queens County,36081003302,936,0.7538,36.2,6.0,32.4,20.3,1.5,12.2,14.0,17.2,67.6,15.1
36081,Queens County,36081003400,2559,0.7187,32.5,13.0,37.5,17.8,15.0,11.7,17.9,7.6,36.1,9.9
36081,Queens County,36081003600,4004,0.6687,10.6,9.1,20.2,24.6,9.8,15.5,25.5,12.4,32.3,12.0
36081,Queens County,36081003700,0,,,,,,,,,,,
36081,Queens County,36081003800,2514,0.6681,27.4,5.1,33.8,14.8,4.7,9.5,28.1,10.1,30.5,8.1
36081,Queens County,36081003900,1436,0.6491,36.8,1.0,68.0,21.7,4.3,7.2,15.7,5.4,43.9,12.6
36081,Queens County,36081004001,2241,0.7537,25.8,1.7,40.3,26.5,9.7,9.8,21.2,11.7,24.3,6.5
36081,Queens County,36081004002,1648,0.8017,30.8,13.3,55.9,23.4,7.5,33.9,19.6,10.1,24.4,5.3
36081,Queens County,36081004200,4491,0.6894,18.7,3.9,31.2,22.6,9.4,11.0,26.9,13.1,30.6,5.3
36081,Queens County,36081004300,2111,0.9979,48.2,13.5,54.9,25.4,4.8,21.2,28.9,10.0,70.1,24.7
36081,Queens County,36081004401,3800,0.681,25.2,7.6,37.1,22.8,5.1,9.3,26.0,12.0,35.8,8.8
36081,Queens County,36081004500,2755,0.4672,12.3,10.5,24.7,9.2,1.2,29.0,12.0,2.3,52.0,17.3
36081,Queens County,36081004700,4104,0.9164,32.8,7.7,36.8,17.0,6.2,16.4,23.0,7.2,79.8,20.6
36081,Queens County,36081005000,0,,,,,,,,,,,
36081,Queens County,36081005100,2371,0.8363,21.8,9.8,37.5,23.6,11.2,11.9,20.1,28.1,60.6,11.6
36081,Queens County,36081005200,3011,0.6489,21.6,13.3,40.4,19.0,9.4,8.0,18.7,18.3,28.8,6.6
36081,Queens County,36081005300,5470,0.4425,13.4,9.1,28.2,3.5,9.4,11.5,9.9,9.2,63.2,7.9
36081,Queens County,36081005400,6127,0.7597,18.3,7.6,36.3,28.5,4.3,14.9,18.1,10.9,34.3,10.8
36081,Queens County,36081005500,1294,0.6449,12.3,18.6,28.0,12.3,8.0,10.2,17.3,22.2,59.8,5.4
36081,Queens County,36081005700,4065,0.5885,20.0,7.9,33.0,9.3,12.9,8.8,12.6,8.2,73.6,6.8
36081,Queens County,36081005800,6403,0.5533,14.5,3.0,33.5,14.7,4.7,11.8,26.5,5.7,14.1,9.2
36081,Queens County,36081005900,3775,0.6326,17.5,11.4,34.3,13.2,5.6,13.7,18.5,8.6,65.0,5.0
36081,Queens County,36081006100,5263,0.375,13.3,4.3,29.5,9.5,3.0,8.0,12.3,9.8,79.3,9.4
36081,Queens County,36081006201,5870,0.4815,12.4,3.9,29.8,10.3,1.5,30.5,13.9,0.8,20.9,20.8
36081,Queens County,36081006202,6441,0.59,15.2,7.8,44.4,15.3,2.8,19.7,27.6,5.7,15.4,10.7
36081,Queens County,36081006300,5712,0.3018,8.1,2.6,23.2,8.9,9.4,9.9,10.0,5.0,64.3,1.7
36081,Queens County,36081006501,3262,0.4554,24.5,8.0,31.8,11.4,5.9,11.1,10.1,9.0,66.0,4.6
36081,Queens County,36081006502,3578,0.5668,28.6,7.5,34.6,9.5,17.1,15.2,9.8,5.1,65.5,4.5
36081,Queens County,36081006900,4218,0.5879,19.0,6.8,20.3,11.6,2.1,15.7,12.6,10.1,53.3,8.5
36081,Queens County,36081007100,3159,0.5503,15.2,5.6,31.4,7.9,10.8,11.3,11.5,6.6,77.2,3.9
36081,Queens County,36081007300,3574,0.2465,22.3,1.4,33.0,3.1,5.0,7.8,6.1,5.8,77.3,1.1
36081,Queens County,36081007500,4427,0.7225,13.9,13.1,30.1,10.5,7.0,24.0,10.1,8.7,62.6,7.4
36081,Queens County,36081007700,1903,0.5524,26.4,4.6,20.6,9.7,9.0,9.2,13.4,13.8,64.4,4.5
36081,Queens County,36081007900,2600,0.5792,23.2,5.6,28.7,10.5,6.1,14.0,13.6,17.8,48.4,8.1
36081,Queens County,36081008100,1113,0.2528,9.4,2.3,24.7,3.8,4.1,7.6,13.5,3.7,37.5,2.8
36081,Queens County,36081008300,2266,0.7959,16.2,9.6,38.4,13.4,16.1,13.9,15.0,12.7,49.1,5.3
36081,Queens County,36081008500,1269,0.7099,25.1,7.3,24.7,17.6,2.8,1.3,23.3,10.2,47.4,11.2
36081,Queens County,36081008600,2760,0.5419,18.5,8.0,38.9,16.9,12.5,15.0,20.5,0.8,25.9,13.7
36081,Queens County,36081008700,3157,0.9447,57.7,18.9,58.0,30.7,5.5,19.8,21.1,7.5,71.6,29.9
36081,Queens County,36081008800,3622,0.6387,13.6,6.5,28.0,17.4,7.2,9.7,26.3,7.8,15.5,8.2
36081,Queens County,36081009100,1956,0.3959,15.2,3.3,20.3,5.6,4.6,9.8,18.6,6.7,30.9,4.3
36081,Queens County,36081009400,3104,0.7989,26.3,6.3,40.5,23.5,13.2,12.8,27.0,17.9,41.4,8.8
36081,Queens County,36081009500,2087,0.2057,9.3,3.8,30.3,7.7,4.2,16.5,13.3,4.4,40.2,11.6
36081,Queens County,36081009600,3344,0.7613,16.6,8.8,22.8,24.6,5.8,24.2,18.7,19.8,19.0,2.8
36081,Queens County,36081009700,4142,0.3288,9.0,7.2,26.3,7.3,6.2,11.6,17.9,8.3,37.1,9.7
36081,Queens County,36081009800,2526,0.7673,22.7,12.6,42.6,42.4,10.3,14.1,18.9,4.2,47.3,9.5
36081,Queens County,36081009900,0,,,,,,,,,,,
36081,Queens County,36081010000,3225,0.3919,20.5,3.1,23.4,17.2,3.5,28.2,13.9,7.2,23.9,5.7
36081,Queens County,36081010100,2507,0.4377,10.9,3.8,30.1,12.9,9.4,18.8,11.3,4.9,39.2,10.1
36081,Queens County,36081010200,2772,0.4976,14.3,3.3,25.0,23.5,9.8,12.4,14.4,6.3,27.7,5.4
36081,Queens County,36081010300,4305,0.6769,23.8,14.6,35.4,12.5,3.7,18.9,15.8,8.3,52.5,8.2
36081,Queens County,36081010400,3339,0.6797,16.4,14.1,39.6,27.7,9.0,20.2,13.0,10.0,26.9,3.6
36081,Queens County,36081010500,5309,0.8308,29.5,11.6,43.9,12.3,5.7,12.8,22.9,24.5,42.0,6.8
36081,Queens County,36081010600,3454,0.8343,25.8,3.8,29.5,24.1,7.1,25.0,17.7,14.7,18.5,2.6
36081,Queens County,36081010701,0,,,,,,,,,,,
36081,Queens County,36081010800,3134,0.7447,21.3,11.3,37.9,25.7,4.9,11.6,15.1,5.1,33.2,7.1
36081,Queens County,36081011000,3146,0.7736,25.9,13.5,37.7,40.5,18.0,12.9,17.6,9.2,30.8,13.5
36081,Queens County,36081011100,2949,0.648,15.6,9.1,28.8,11.0,7.7,15.0,19.1,7.5,39.0,7.9
36081,Queens County,36081011200,2522,0.748,24.6,4.9,28.3,32.6,8.8,20.3,18.7,7.3,20.9,10.5
36081,Queens County,36081011300,4466,0.5142,20.2,6.5,31.1,10.5,14.9,7.5,11.0,4.3,58.8,8.7
36081,Queens County,36081011400,2073,0.6925,13.7,3.6,22.8,28.5,13.1,16.5,22.1,20.3,26.1,7.3
36081,Queens County,36081011500,2389,0.591,13.9,4.0,32.2,12.3,8.8,13.0,13.7,7.1,61.1,11.4
36081,Queens County,36081011600,2118,0.7877,31.3,6.9,45.2,23.6,7.1,10.6,18.6,12.9,21.8,8.7
36081,Queens County,36081011700,3942,0.2264,14.1,4.8,25.0,7.7,3.5,10.6,9.8,3.9,43.8,1.1
36081,Queens County,36081011800,2826,0.4927,19.7,4.0,27.1,25.7,13.5,6.5,16.7,12.6,9.3,6.4
36081,Queens County,36081011900,1581,0.517,13.7,5.0,36.2,12.2,8.2,12.4,11.5,7.8,46.8,3.9
36081,Queens County,36081012000,2685,0.6508,23.0,4.6,25.8,35.0,11.1,8.3,25.5,20.5,34.6,6.3
36081,Queens County,36081012100,2120,0.683,13.3,8.5,19.6,14.5,5.8,17.6,15.8,3.1,33.2,9.0
36081,Queens County,36081012200,3376,0.7048,14.0,3.9,35.5,36.8,10.5,14.2,23.4,23.9,30.1,11.3
36081,Queens County,36081012301,3107,0.3937,7.3,8.8,32.0,8.2,8.8,10.6,20.1,7.3,36.5,10.3
36081,Queens County,36081012400,3287,0.727,15.3,5.1,39.4,27.0,8.4,16.4,18.4,7.6,42.4,10.0
36081,Queens County,36081012500,1394,0.3815,17.3,3.8,34.7,7.0,7.2,12.6,13.6,3.1,48.6,4.8
36081,Queens County,36081012601,2858,0.7236,24.2,4.2,41.7,20.1,12.8,8.0,28.1,8.1,28.4,9.7
36081,Queens County,36081012602,2450,0.7721,18.8,4.9,35.0,12.4,7.9,13.2,21.2,5.9,26.2,2.9
36081,Queens County,36081012800,2594,0.7263,9.5,2.3,29.9,15.3,7.6,18.5,24.6,9.8,25.4,11.1
36081,Queens County,36081013000,1973,0.6537,17.0,11.9,23.5,8.8,0.6,15.8,22.4,13.9,37.2,5.2
36081,Queens County,36081013200,1850,0.7189,20.7,7.0,39.8,10.6,6.7,14.3,18.6,3.2,38.0,11.7
36081,Queens County,36081013400,5462,0.8856,17.7,7.8,41.7,22.1,4.9,28.0,11.7,8.9,47.2,11.6
36081,Queens County,36081013500,1120,0.107,8.4,3.6,22.9,14.5,0.2,18.9,21.0,0.0,33.7,8.7
36081,Queens County,36081013600,2009,0.6651,11.2,7.8,30.4,9.5,5.7,15.1,22.9,7.6,50.7,11.8
36081,Queens County,36081013700,1961,0.3336,9.0,9.2,25.0,6.2,6.5,10.5,14.0,2.8,35.0,9.7
36081,Queens County,36081013800,4029,0.6596,19.5,6.5,24.8,9.4,3.0,8.8,24.8,8.1,33.4,6.3
36081,Queens County,36081014000,3683,0.5571,12.2,3.2,31.6,6.7,5.5,11.4,27.7,8.2,35.0,7.9
36081,Queens County,36081014100,1652,0.724,16.8,7.2,27.2,12.6,8.7,6.8,10.9,7.8,49.7,15.7
36081,Queens County,36081014201,4769,0.7575,30.6,6.7,47.9,20.6,9.4,7.4,23.8,11.1,33.7,7.6
36081,Queens County,36081014202,2965,0.9264,33.1,12.9,37.1,30.3,9.9,25.4,17.3,10.9,33.4,19.0
36081,Queens County,36081014300,3944,0.7063,20.5,11.9,35.9,9.0,16.1,12.8,18.8,10.4,64.1,10.4
36081,Queens County,36081014400,1646,0.8439,24.7,3.0,49.7,26.5,4.3,28.3,24.1,13.5,45.8,12.6
36081,Queens County,36081014500,2350,0.4136,12.7,5.7,25.1,11.9,11.8,12.6,13.5,5.8,50.8,13.5
36081,Queens County,36081014700,2969,0.5636,12.0,9.0,35.0,11.2,9.0,11.9,15.6,4.3,61.4,5.9
36081,Queens County,36081014800,1613,0.6371,24.9,5.3,53.4,22.3,7.0,10.4,14.1,10.6,9.9,29.9
36081,Queens County,36081014900,2240,0.5316,24.6,10.5,50.3,9.6,8.3,4.8,12.2,3.7,77.4,6.9
36081,Queens County,36081015000,2404,0.6132,16.5,7.9,36.1,29.8,18.1,18.1,13.6,2.4,20.5,15.2
36081,Queens County,36081015100,2694,0.4817,14.4,6.0,37.3,9.6,8.3,10.7,11.2,4.7,52.5,10.6
36081,Queens County,36081015200,2661,0.8649,33.2,7.2,31.0,36.6,9.0,17.5,24.5,12.2,22.7,19.0
36081,Queens County,36081015300,1793,0.5699,25.9,6.7,41.0,8.9,7.1,12.6,8.5,3.3,62.4,10.7
36081,Queens County,36081015400,1949,0.6945,14.8,6.4,27.0,15.9,15.8,10.3,15.7,13.2,39.0,14.6
36081,Queens County,36081015500,1976,0.2614,5.5,7.6,22.5,13.2,3.7,8.9,9.2,7.2,67.9,10.9
36081,Queens County,36081015600,2798,0.6149,20.3,8.8,27.6,16.4,7.9,14.3,16.7,11.0,23.3,4.5
36081,Queens County,36081015700,1341,0.6459,17.0,10.3,50.6,14.2,6.9,9.2,8.7,3.3,69.3,6.3
36081,Queens County,36081015801,3889,0.5278,14.4,10.7,19.4,22.6,10.9,12.5,18.8,9.2,12.7,8.2
36081,Queens County,36081015802,5013,0.782,13.4,9.2,33.5,26.2,6.9,15.9,22.4,11.4,24.6,7.2
36081,Queens County,36081015900,3260,0.5839,18.6,10.3,37.1,8.8,8.2,10.7,13.4,1.8,69.1,5.1
36081,Queens County,36081016100,2444,0.7415,20.2,9.6,29.5,15.8,8.7,11.8,20.8,14.6,50.7,1.1
36081,Queens County,36081016300,4169,0.8546,30.3,14.5,33.8,24.0,3.4,18.3,18.7,3.6,70.8,34.5
36081,Queens County,36081016400,3684,0.5957,14.2,8.7,35.2,22.7,3.7,20.2,15.4,9.9,16.8,22.9
36081,Queens County,36081016600,4127,0.7708,17.9,3.2,42.6,22.9,10.8,13.2,15.8,19.3,25.7,8.9
36081,Queens County,36081016800,3461,0.6619,16.6,12.7,13.6,25.1,9.5,14.3,14.5,12.6,11.0,1.0
36081,Queens County,36081016900,5445,0.5685,22.6,8.6,37.0,8.6,6.2,12.5,18.2,8.4,54.0,14.0
36081,Queens County,36081017000,2633,0.6366,21.3,8.9,28.7,25.5,9.0,8.4,22.4,3.1,16.2,4.5
36081,Queens County,36081017101,0,,,,,,,,,,,
36081,Queens County,36081017102,46,0.4119,90.7,37.5,0.0,35.5,0.0,0.0,2.2,0.0,100.0,0.0
36081,Queens County,36081017200,1988,0.7436,24.9,8.8,38.0,24.3,4.6,17.9,20.0,7.2,20.1,9.5
36081,Queens County,36081017400,2573,0.6124,9.0,10.7,31.7,24.8,6.6,12.4,16.5,7.9,13.3,3.1
36081,Queens County,36081017600,2163,0.8118,25.4,4.4,30.0,17.1,10.1,17.6,23.3,13.9,31.2,9.2
36081,Queens County,36081017800,2231,0.5602,24.4,6.4,40.0,33.2,19.4,10.9,18.1,6.2,41.4,16.0
36081,Queens County,36081017901,1118,0.7816,39.1,5.7,50.9,29.9,4.7,15.6,10.7,22.2,79.1,20.9
36081,Queens County,36081017902,38,0.0276,76.3,0.0,0.0,52.6,0.0,0.0,0.0,0.0,0.0,0.0
36081,Queens County,36081018000,1434,0.8531,21.3,13.8,44.2,14.0,13.6,18.3,23.3,11.0,17.0,14.8
36081,Queens County,36081018101,4025,0.6451,24.0,11.3,37.6,9.2,13.9,11.2,12.5,10.3,66.0,6.2
36081,Queens County,36081018102,3534,0.5417,19.9,4.6,35.7,7.8,3.9,11.4,16.9,11.1,70.0,5.6
36081,Queens County,36081018200,2946,0.5653,15.2,4.0,36.2,17.6,5.3,14.4,23.7,6.8,19.3,9.5
36081,Queens County,36081018300,5304,0.5507,24.0,1.0,38.8,5.7,4.7,13.8,19.8,15.1,56.6,8.6
36081,Queens County,36081018401,2118,0.7234,28.8,9.5,39.9,22.3,9.2,9.9,23.6,2.3,46.1,10.5
36081,Queens County,36081018402,3017,0.7096,20.8,8.4,26.2,13.7,7.3,11.0,20.3,17.1,20.9,8.8
36081,Queens County,36081018501,3636,0.5558,15.6,5.0,34.6,9.9,9.8,17.3,14.2,4.3,50.9,11.5
36081,Queens County,36081018502,3078,0.2676,9.1,1.3,23.8,10.7,3.9,12.9,13.9,8.9,71.2,7.4
36081,Queens County,36081018600,1914,0.66,24.5,9.1,32.1,14.7,5.2,8.1,19.9,8.3,29.3,10.9
36081,Queens County,36081018700,2851,0.7331,28.3,5.7,37.7,14.0,5.4,11.4,18.0,7.4,56.1,6.2
36081,Queens County,36081018800,1402,0.6094,11.4,4.9,32.1,20.9,3.2,12.3,20.3,12.9,26.9,24.7
36081,Queens County,36081018900,3173,0.69,25.6,17.5,43.3,10.3,2.4,16.1,18.8,11.6,37.0,12.8
36081,Queens County,36081019000,2513,0.5104,12.7,13.6,26.4,17.0,10.9,11.2,19.5,8.3,17.2,8.9
36081,Queens County,36081019200,2064,0.5271,5.7,7.0,23.7,10.4,6.0,16.7,19.1,4.4,22.4,10.9
36081,Queens County,36081019400,3057,0.6474,13.3,13.5,31.0,16.7,5.3,14.9,21.0,8.8,19.0,4.3
36081,Queens County,36081019600,3438,0.7449,26.6,11.6,34.2,16.3,12.4,8.8,24.6,25.8,33.9,5.2
36081,Queens County,36081019800,3049,0.6864,13.2,16.0,32.8,21.7,11.4,7.1,19.7,10.2,24.6,0.8
36081,Queens County,36081019901,461,0.6582,39.1,8.3,62.0,30.9,10.7,6.3,1.1,0.0,33.9,4.1
36081,Queens County,36081019902,57,0.003,57.9,0.0,0.0,0.0,0.0,0.0,0.0,0.0,0.0,0.0
36081,Queens County,36081019903,0,,,,,,,,,,,
36081,Queens County,36081020200,1621,0.7917,22.8,15.3,33.2,15.2,7.0,18.6,22.1,19.3,12.8,7.4
36081,Queens County,36081020400,2287,0.8571,33.1,6.5,42.6,35.3,9.2,14.1,19.9,12.7,46.2,20.4
36081,Queens County,36081020500,1353,0.87,29.6,8.3,55.3,17.2,17.6,14.0,24.7,4.4,18.7,6.9
36081,Queens County,36081020600,1483,0.743,23.3,9.9,40.9,27.7,13.6,11.3,20.4,4.8,32.6,7.5
36081,Queens County,36081020800,3514,0.9494,23.6,16.5,42.7,29.3,10.3,8.9,26.9,11.4,28.4,5.0
36081,Queens County,36081021200,2846,0.9217,44.4,6.6,51.4,45.8,11.4,12.2,24.1,21.8,36.6,8.3
36081,Queens County,36081021400,6019,0.8759,29.3,21.4,44.2,17.5,5.3,11.4,21.6,14.9,46.4,16.4
36081,Queens County,36081021601,2861,0.5446,10.8,5.3,28.0,4.4,7.7,12.9,12.5,7.9,49.4,7.5
36081,Queens County,36081021602,1656,0.8622,27.6,1.8,39.5,31.2,5.3,22.9,33.9,23.4,38.4,10.0
36081,Queens County,36081021603,0,,,,,,,,,,,
36081,Queens County,36081021900,0,,,,,,,,,,,
36081,Queens County,36081022001,6682,0.7519,17.3,8.1,28.8,5.5,7.3,10.8,22.5,12.9,40.5,6.8
36081,Queens County,36081022002,7156,0.529,17.6,10.8,28.5,8.7,4.7,12.9,22.2,5.4,28.1,7.1
36081,Queens County,36081022900,0,,,,,,,,,,,
36081,Queens County,36081023000,1890,0.5362,8.9,5.1,26.8,13.5,10.9,15.7,23.1,10.5,11.3,13.7
36081,Queens County,36081023200,5193,0.7654,12.7,3.1,31.2,11.1,2.5,24.3,19.4,10.2,38.1,6.6
36081,Queens County,36081023501,4467,0.7782,15.6,6.0,35.2,27.9,11.4,14.4,22.9,24.3,48.3,29.6
36081,Queens County,36081023502,2801,0.7002,24.5,2.1,46.6,26.6,12.8,8.5,13.4,19.3,67.8,10.8
36081,Queens County,36081023600,3099,0.8941,21.6,6.2,37.6,27.4,9.4,19.2,20.1,10.3,55.5,18.1
36081,Queens County,36081023800,5426,0.8993,25.2,8.7,49.0,32.9,16.3,8.8,24.0,29.0,61.5,4.5
36081,Queens County,36081024000,7208,0.9458,36.2,9.6,43.2,32.8,11.6,14.1,23.3,28.0,58.3,9.9
36081,Queens County,36081024300,5661,0.6368,10.4,4.4,45.3,21.2,8.9,26.5,19.1,7.0,22.6,11.9
36081,Queens County,36081024500,4829,0.8065,18.3,9.9,31.8,16.5,4.3,24.9,18.5,4.1,37.7,15.5
36081,Queens County,36081024600,0,,,,,,,,,,,
36081,Queens County,36081024700,1392,0.6438,30.2,5.4,47.6,17.5,3.0,16.5,14.2,20.8,60.3,14.9
36081,Queens County,36081024900,5268,0.8247,21.5,5.3,48.5,14.8,6.5,17.9,19.9,16.1,39.6,10.4
36081,Queens County,36081025100,5997,0.6005,10.4,2.9,21.0,13.2,7.0,16.3,14.7,15.6,49.2,14.9
36081,Queens County,36081025301,4330,0.7535,33.3,7.8,45.3,8.5,5.6,17.2,17.0,9.3,67.1,9.5
36081,Queens County,36081025302,3383,0.7645,23.0,7.3,32.2,24.7,6.0,10.9,20.2,14.4,62.4,16.7
36081,Queens County,36081025401,4041,0.7147,17.3,22.4,20.4,15.3,9.4,8.0,26.6,14.5,26.8,0.0
36081,Queens County,36081025402,6013,0.9422,39.4,13.3,51.1,26.2,5.5,16.4,28.6,7.0,54.3,19.2
36081,Queens County,36081025500,1822,0.7727,29.9,4.0,36.5,20.0,3.2,11.9,25.1,7.7,38.4,0.0
36081,Queens County,36081025700,1639,0.7508,23.2,2.0,35.7,27.0,12.5,20.1,20.7,12.2,38.5,5.4
36081,Queens County,36081025800,2517,0.6658,21.5,18.5,34.2,22.2,4.2,12.0,21.4,8.4,14.7,1.8
36081,Queens County,36081025900,3519,0.5385,11.0,2.9,32.4,19.2,8.6,14.9,13.8,13.7,46.4,6.9
36081,Queens County,36081026000,2860,0.8641,33.9,16.3,42.1,21.1,3.7,9.0,27.6,22.4,45.0,7.9
36081,Queens County,36081026100,7310,0.7426,20.3,6.2,40.1,22.9,7.0,12.6,22.1,18.7,61.9,16.5
36081,Queens County,36081026200,1534,0.6824,17.7,14.0,39.4,18.6,4.5,12.6,24.7,16.4,18.2,2.9
36081,Queens County,36081026300,5208,0.464,6.2,2.3,31.9,19.3,8.9,11.8,17.1,9.9,43.1,16.4
36081,Queens County,36081026400,2565,0.8457,22.6,5.0,39.1,23.9,10.2,20.8,19.5,4.4,30.6,13.5
36081,Queens County,36081026501,3131,0.8764,30.9,3.5,50.9,13.9,15.2,7.0,22.4,17.1,58.0,22.7
36081,Queens County,36081026502,1575,0.6523,13.5,3.6,36.5,6.4,3.3,1.0,32.6,37.3,53.9,2.9
36081,Queens County,36081026600,1701,0.8495,31.2,11.8,44.9,23.3,1.4,36.3,12.6,7.9,60.4,29.4
36081,Queens County,36081026700,5342,0.8436,31.2,6.7,62.3,13.5,21.0,18.1,14.6,21.3,75.3,9.8
36081,Queens County,36081026901,5065,0.8732,29.3,5.8,48.3,25.5,17.7,11.7,26.1,34.1,75.7,16.5
36081,Queens County,36081026902,4197,0.8966,38.0,7.4,39.2,30.8,18.1,11.3,19.8,28.2,65.3,8.3
36081,Queens County,36081027000,2362,0.628,7.2,23.9,13.9,28.6,8.6,7.7,25.7,14.5,18.8,9.5
36081,Queens County,36081027101,5236,0.9352,27.1,11.2,52.4,16.5,14.0,16.9,25.0,12.7,72.6,19.2
36081,Queens County,36081027102,2810,0.8151,21.1,9.1,47.6,37.8,12.5,8.6,22.6,35.9,78.9,6.6
36081,Queens County,36081027200,1998,0.6497,16.1,5.7,33.4,25.2,9.2,10.9,19.0,15.4,25.7,6.6
36081,Queens County,36081027301,3105,0.9162,29.9,16.9,52.4,30.3,23.7,3.4,26.7,32.9,59.0,22.2
36081,Queens County,36081027302,4390,0.9399,35.7,8.1,55.7,17.1,14.5,13.2,24.0,16.7,46.8,14.0
36081,Queens County,36081027400,1991,0.6385,29.3,10.1,51.9,13.4,10.2,14.6,23.3,5.7,13.0,5.6
36081,Queens County,36081027500,7145,0.82,34.5,5.8,35.2,29.7,19.7,13.7,17.2,29.7,51.3,8.7
36081,Queens County,36081027600,1575,0.8324,22.7,8.4,37.1,32.9,13.8,13.8,26.0,21.5,28.7,5.8
36081,Queens County,36081027701,3629,0.8846,24.4,7.6,39.1,22.7,11.6,8.8,21.6,30.2,71.4,16.3
36081,Queens County,36081027702,3808,0.686,17.1,1.3,39.9,19.4,7.6,20.6,14.9,11.4,51.2,16.8
36081,Queens County,36081027800,2573,0.8736,39.5,7.7,38.8,16.8,9.8,11.2,25.1,4.4,53.7,20.7
36081,Queens County,36081027900,7738,0.863,16.2,11.7,34.2,26.1,18.7,14.0,19.2,21.9,48.7,19.2
36081,Queens County,36081028000,1620,0.6672,11.9,10.8,43.4,13.5,9.1,14.0,17.2,6.8,24.5,22.9
36081,Queens County,36081028100,6083,0.7615,22.0,10.6,37.7,13.9,5.8,16.9,15.4,10.3,51.0,8.2
36081,Queens County,36081028200,2221,0.6339,26.9,9.9,45.6,9.2,2.7,7.1,31.3,10.2,41.8,11.0
36081,Queens County,36081028300,7576,0.8559,25.7,9.2,35.1,13.8,11.2,14.4,17.1,13.6,65.5,1.0
36081,Queens County,36081028400,4242,0.4929,6.0,12.1,27.0,11.5,9.8,17.5,23.5,3.0,11.1,7.6
36081,Queens County,36081028500,5172,0.6791,13.9,9.9,25.0,9.4,4.8,18.9,19.1,13.4,51.9,19.0
36081,Queens County,36081028700,6915,0.7725,23.5,7.5,38.4,11.6,2.9,21.3,20.7,18.3,65.5,7.2
36081,Queens County,36081028801,2655,0.5904,7.1,25.9,33.7,15.6,4.6,14.7,23.8,9.9,25.3,9.4
36081,Queens County,36081028802,2336,0.8113,37.9,11.6,32.8,14.9,7.2,15.2,25.1,17.5,18.6,16.2
36081,Queens County,36081028803,0,,,,,,,,,,,
36081,Queens County,36081028900,5104,0.6932,19.3,3.2,41.9,15.5,4.5,17.0,22.6,24.2,58.1,9.6
36081,Queens County,36081029100,6124,0.9498,29.6,13.4,47.1,21.2,8.5,18.2,15.3,25.1,63.4,12.7
36081,Queens County,36081029300,1218,0.7976,8.8,1.7,49.3,18.7,7.1,12.2,28.8,19.7,37.0,24.4
36081,Queens County,36081029400,7951,0.6409,11.4,3.4,31.5,9.6,7.8,8.9,28.5,11.8,31.5,10.4
36081,Queens County,36081029500,4064,0.5335,12.7,5.1,32.2,9.8,6.7,15.9,17.9,6.0,52.1,15.1
36081,Queens County,36081029700,2343,0.5412,14.4,7.6,34.9,11.6,8.1,9.6,22.7,6.9,25.4,6.4
36081,Queens County,36081029900,0,,,,,,,,,,,
36081,Queens County,36081030600,4980,0.735,15.3,6.0,27.6,14.8,10.5,12.3,23.6,6.4,14.1,7.6
36081,Queens County,36081030903,5132,0.7493,14.2,7.5,39.4,19.2,9.5,18.6,14.2,12.3,30.6,8.2
36081,Queens County,36081030904,2762,0.8078,19.5,6.2,48.7,28.8,5.4,22.8,16.0,9.3,26.7,21.3
36081,Queens County,36081030905,2951,0.869,27.3,9.9,44.8,26.1,11.5,12.2,23.2,8.5,21.8,8.4
36081,Queens County,36081030906,3582,0.8263,22.7,7.9,38.6,19.8,6.4,21.6,10.1,10.2,49.5,7.5
36081,Queens County,36081031700,5414,0.5987,20.5,9.4,37.8,17.5,1.6,14.8,19.8,3.8,22.4,8.2
36081,Queens County,36081032000,5504,0.7784,35.3,19.3,25.6,14.7,6.6,7.6,20.3,5.8,17.9,5.3
36081,Queens County,36081032700,3321,0.8171,35.8,21.5,50.7,21.0,14.9,13.6,26.1,25.5,30.6,4.9
36081,Queens County,36081032800,3031,0.6628,8.3,8.7,21.1,15.1,6.3,12.9,27.3,10.8,11.0,10.5
36081,Queens County,36081032900,3369,0.7867,21.5,12.8,52.0,11.7,10.4,16.4,18.2,9.4,15.3,2.6
36081,Queens County,36081033000,7098,0.6185,14.8,8.2,21.0,5.6,3.8,14.9,22.6,3.0,16.4,9.1
36081,Queens County,36081033100,0,,,,,,,,,,,
36081,Queens County,36081033401,4319,0.7843,20.7,10.0,47.2,13.4,3.0,14.1,28.5,12.5,23.8,10.9
36081,Queens County,36081033403,4346,0.6776,18.8,8.6,46.7,9.7,2.9,29.3,18.6,0.0,55.7,17.8
36081,Queens County,36081033404,5836,0.8793,37.2,9.2,49.9,12.4,10.2,22.8,21.4,0.7,28.4,6.5
36081,Queens County,36081033405,3376,0.2302,5.1,3.2,20.5,3.5,0.0,21.9,18.4,0.0,15.0,4.2
36081,Queens County,36081033700,2447,0.545,15.9,5.7,35.3,28.3,10.0,10.7,18.3,7.4,37.2,6.9
36081,Queens County,36081033900,2760,0.7423,30.2,6.3,46.6,9.6,2.6,27.3,18.1,4.4,27.6,11.7
36081,Queens County,36081034700,3360,0.8907,23.3,9.2,47.8,29.1,13.0,13.6,21.9,13.1,29.8,21.7
36081,Queens County,36081035100,3650,0.8358,21.6,12.5,33.4,14.4,8.2,16.8,18.5,13.0,47.2,10.1
36081,Queens County,36081035200,2898,0.4832,15.3,7.1,27.2,7.0,5.5,13.1,19.0,0.2,13.6,6.6
36081,Queens County,36081035300,2156,0.6324,13.4,3.2,27.6,17.1,23.5,14.4,18.8,14.4,31.1,8.5
36081,Queens County,36081035700,4121,0.8717,24.2,10.3,29.2,23.6,6.8,28.4,12.9,2.2,18.0,2.8
36081,Queens County,36081035800,4199,0.5719,13.9,5.1,29.2,7.1,8.2,14.8,19.7,5.6,18.1,5.8
36081,Queens County,36081036100,2201,0.7282,18.7,3.8,35.2,22.3,10.5,16.7,14.9,11.8,37.1,24.0
36081,Queens County,36081036300,2081,0.7371,19.8,8.1,38.8,25.0,25.7,7.7,19.6,14.6,39.4,10.3
36081,Queens County,36081036500,2696,0.7111,30.9,1.2,40.8,32.1,21.7,4.9,25.1,18.3,47.0,9.2
36081,Queens County,36081036600,2939,0.4779,13.9,1.4,34.2,14.7,6.0,15.8,17.2,2.6,26.5,18.8
36081,Queens County,36081036700,2213,0.8211,28.4,8.9,47.5,15.8,6.1,15.2,21.6,7.7,35.7,15.3
36081,Queens County,36081036800,2562,0.4035,14.8,6.2,40.2,11.7,7.7,13.4,18.3,0.5,14.8,10.8
36081,Queens County,36081037100,1403,0.6115,12.2,1.4,58.6,24.2,4.0,14.4,20.7,11.6,10.5,2.0
36081,Queens County,36081037300,2543,0.8177,32.6,6.1,44.3,27.2,24.9,6.8,33.1,22.1,36.5,7.4
36081,Queens County,36081037501,1408,0.8135,47.6,4.1,61.4,34.5,27.6,5.9,28.8,60.2,60.8,13.5
36081,Queens County,36081037502,2724,0.8635,18.4,3.6,45.9,40.1,15.9,12.3,29.2,25.4,54.4,10.3
36081,Queens County,36081037600,6274,0.5119,8.9,4.1,30.2,8.8,7.0,13.5,23.4,6.6,20.4,8.4
36081,Queens County,36081037700,4173,0.8899,23.2,2.7,24.4,44.7,32.9,4.3,31.9,35.3,53.9,15.1
36081,Queens County,36081037900,7170,0.8194,33.9,2.3,39.4,37.3,32.9,7.4,26.7,33.2,65.9,13.3
36081,Queens County,36081038100,7121,0.8325,25.1,0.4,37.9,38.4,25.7,6.8,23.4,18.6,38.7,16.0
36081,Queens County,36081038301,0,,,,,,,,,,,
36081,Queens County,36081038302,0,,,,,,,,,,,
36081,Queens County,36081038400,2539,0.5864,14.5,4.9,29.0,15.0,13.6,21.7,14.1,5.2,15.4,17.4
36081,Queens County,36081039400,3328,0.6795,24.0,6.6,22.3,8.5,10.1,13.5,19.4,6.8,23.5,9.5
36081,Queens County,36081039800,1667,0.1656,8.8,2.3,14.0,6.0,6.5,12.6,19.6,10.0,20.0,8.4
36081,Queens County,36081039901,2547,0.8202,20.1,2.7,31.0,28.8,23.9,7.8,31.0,35.4,29.3,13.5
36081,Queens County,36081039902,1867,0.9548,40.3,2.4,61.6,31.6,20.5,11.8,23.7,35.4,67.6,14.7
36081,Queens County,36081040000,1691,0.5033,12.3,8.9,27.3,6.9,5.7,12.5,17.4,2.6,13.4,10.9
36081,Queens County,36081040101,2852,0.7768,20.9,3.4,53.7,43.6,28.3,19.7,12.4,24.7,50.5,6.0
36081,Queens County,36081040102,4940,0.8677,38.7,5.9,41.0,40.2,23.1,5.2,26.2,34.6,58.0,20.1
36081,Queens County,36081040200,1750,0.3231,13.3,2.0,29.5,9.5,3.0,15.0,17.1,3.4,12.6,14.7
36081,Queens County,36081040301,3151,0.8669,46.3,6.5,65.6,45.1,26.2,4.0,25.0,31.1,65.7,31.9
36081,Queens County,36081040302,4149,0.8527,23.1,4.7,37.9,35.7,29.8,6.4,24.4,35.5,53.0,23.8
36081,Queens County,36081040400,4529,0.6044,17.3,4.3,40.9,8.9,4.4,17.6,17.2,5.4,29.3,22.4
36081,Queens County,36081040501,564,0.6041,27.9,2.0,31.2,31.5,50.2,5.7,10.8,10.0,90.5,9.0
36081,Queens County,36081040502,2306,0.7421,10.3,6.6,25.0,26.6,18.5,6.5,22.6,23.8,49.9,13.0
36081,Queens County,36081040701,3676,0.9042,30.2,7.1,35.9,45.2,33.1,8.9,33.9,46.0,55.4,19.0
36081,Queens County,36081040702,4341,0.8038,28.9,3.5,27.6,42.3,33.6,14.8,24.7,23.8,49.6,21.4
36081,Queens County,36081040901,2119,0.6542,18.6,2.4,39.9,54.2,29.5,5.1,25.3,44.9,46.6,7.8
36081,Queens County,36081040902,3573,0.8261,18.9,2.6,46.6,50.0,35.8,4.7,28.0,37.6,77.5,24.0
36081,Queens County,36081041100,3850,0.7744,30.5,2.5,52.1,50.6,24.5,5.0,21.2,9.6,66.0,5.2
36081,Queens County,36081041300,4600,0.8116,37.9,4.5,46.9,45.1,29.7,9.7,24.9,31.8,58.7,16.6
36081,Queens County,36081041400,5054,0.7288,24.4,17.7,29.0,25.5,8.8,10.6,25.0,0.9,15.1,1.3
36081,Queens County,36081041500,4292,0.8542,27.3,4.2,41.6,43.9,31.0,10.9,19.6,27.7,45.8,24.8
36081,Queens County,36081042400,2587,0.4742,7.8,3.5,34.3,7.1,3.9,18.6,20.4,8.8,16.5,15.8
36081,Queens County,36081042600,500,,94.7,19.2,,28.8,16.6,55.8,0.0,,,
36081,Queens County,36081042700,4536,0.9069,34.6,3.5,37.8,35.0,19.9,11.6,18.6,23.8,53.9,19.9
36081,Queens County,36081043200,1273,0.5123,8.0,9.3,31.1,11.5,7.0,14.0,23.6,2.6,7.0,8.4
36081,Queens County,36081043400,1823,0.4225,10.6,8.6,32.6,14.0,4.7,14.2,23.7,1.8,25.7,0.0
36081,Queens County,36081043701,3418,0.9477,21.4,9.7,38.2,30.4,14.6,18.1,20.5,20.5,42.8,13.4
36081,Queens County,36081043702,8025,0.8797,26.5,4.5,39.2,25.7,17.6,19.1,30.8,15.5,55.9,13.5
36081,Queens County,36081043900,3209,0.901,30.1,17.5,42.9,47.3,24.0,12.2,24.3,21.8,65.4,30.7
36081,Queens County,36081044000,3986,0.6837,25.4,13.4,40.4,18.2,12.2,9.3,27.1,1.5,13.4,1.2
36081,Queens County,36081044301,3765,0.9945,52.6,18.9,54.2,35.8,13.2,23.3,24.4,17.4,69.7,29.3
36081,Queens County,36081044302,4799,0.8521,26.3,6.4,43.9,33.3,26.3,14.7,17.8,19.8,57.4,25.2
36081,Queens County,36081044400,3962,0.9392,31.7,14.2,43.6,31.0,14.2,14.4,19.3,12.0,56.9,19.7
36081,Queens County,36081044601,3796,0.9595,26.7,3.8,57.2,31.0,10.6,15.1,25.6,26.1,59.7,19.3
36081,Queens County,36081044602,5210,0.9913,49.1,17.3,63.0,23.3,13.3,8.7,27.6,21.4,66.5,10.2
36081,Queens County,36081044800,2889,0.8208,34.0,4.9,45.1,21.1,10.6,13.7,22.5,19.7,42.1,4.9
36081,Queens County,36081045000,2004,0.386,7.9,11.3,12.5,16.2,20.0,12.3,19.4,6.3,43.9,39.6
36081,Queens County,36081045200,1332,0.7757,19.6,4.0,45.5,16.1,4.2,35.6,14.6,19.5,17.7,11.7
36081,Queens County,36081045400,4793,0.9726,31.8,6.6,43.5,18.5,7.6,16.8,18.1,23.1,36.7,5.2
36081,Queens County,36081045500,13869,0.8517,31.2,8.9,39.2,13.1,6.0,10.9,24.2,20.0,56.3,17.6
36081,Queens County,36081045600,1244,0.6242,28.1,17.6,43.6,5.3,9.8,24.2,20.4,4.4,7.6,5.1
36081,Queens County,36081045700,3735,0.7472,21.4,0.5,35.2,26.2,25.5,16.1,19.3,15.4,62.1,11.1
36081,Queens County,36081045800,2516,0.6322,18.1,8.0,35.5,14.0,4.4,10.3,28.8,19.1,28.8,3.9
36081,Queens County,36081045900,4025,0.8128,16.7,1.8,38.3,28.2,12.4,8.1,29.1,14.4,43.6,7.3
36081,Queens County,36081046000,6259,0.9437,25.7,9.2,44.0,21.9,7.8,15.2,22.6,34.1,55.2,15.3
36081,Queens County,36081046100,2482,0.8582,36.2,7.7,42.7,25.0,21.9,11.1,21.6,19.4,55.1,9.6
36081,Queens County,36081046200,6079,0.9745,24.3,7.6,58.5,29.4,8.6,19.9,15.1,13.5,57.0,6.9
36081,Queens County,36081046300,4097,0.8491,23.4,4.1,51.8,38.2,25.4,11.9,25.8,26.5,65.8,6.7
36081,Queens County,36081046400,2176,0.7286,11.7,11.9,27.3,14.2,7.1,12.7,20.8,10.4,19.5,4.5
36081,Queens County,36081046500,4575,0.7947,15.5,1.7,43.8,51.3,22.1,5.5,27.1,24.9,61.6,20.5
36081,Queens County,36081046600,4806,0.9185,23.6,9.5,45.4,11.5,9.1,12.0,26.2,29.7,41.1,10.7
36081,Queens County,36081046700,7177,0.8998,21.6,2.2,50.1,23.9,15.9,11.2,27.5,20.7,58.2,9.4
36081,Queens County,36081046800,3726,0.8057,16.7,4.4,25.9,26.4,20.9,22.3,21.2,13.7,40.1,10.3
36081,Queens County,36081046901,5055,0.8928,26.8,6.0,56.5,29.9,13.8,11.1,23.5,38.5,54.9,14.0
36081,Queens County,36081046902,3765,0.8242,23.1,6.3,39.2,30.5,13.6,10.7,20.3,30.0,62.9,15.2
36081,Queens County,36081047000,3473,0.8975,23.4,7.1,42.6,21.0,7.2,19.0,22.1,24.8,36.0,8.1
36081,Queens County,36081047100,4691,0.8795,32.8,3.4,62.1,26.3,8.7,18.8,24.1,22.0,57.3,11.1
36081,Queens County,36081047200,4036,0.5687,6.5,5.5,20.0,7.4,6.0,23.1,16.0,7.5,26.3,0.0
36081,Queens County,36081047300,4407,0.7881,20.1,5.7,43.9,15.2,6.3,14.2,21.4,22.0,57.4,5.7
36081,Queens County,36081047500,5262,0.7333,16.8,9.7,32.7,13.7,12.8,12.8,17.5,16.3,52.8,4.9
36081,Queens County,36081047600,1436,0.2547,9.7,11.1,24.2,8.4,6.3,22.5,11.8,0.0,3.9,1.3
36081,Queens County,36081047801,3455,0.6959,32.2,17.1,45.1,10.6,4.1,29.3,10.7,1.3,27.5,20.9
36081,Queens County,36081047802,1385,0.8103,6.6,19.0,35.2,32.6,11.5,17.1,19.5,8.9,16.1,13.2
36081,Queens County,36081047900,5903,0.8095,18.7,6.4,36.1,19.8,15.5,10.4,18.6,24.0,35.7,5.1
36081,Queens County,36081048000,2375,0.6466,16.4,7.8,36.2,17.7,8.0,24.6,11.9,7.0,14.9,11.9
36081,Queens County,36081048100,7021,0.9453,18.1,3.6,40.8,36.5,17.7,16.5,16.9,26.5,69.6,16.3
36081,Queens County,36081048200,1344,0.8827,25.3,11.6,44.8,13.6,4.8,26.3,9.4,15.3,16.5,16.2
36081,Queens County,36081048301,2178,0.7888,20.1,6.4,46.9,27.0,16.2,6.9,19.7,15.9,46.8,10.0
36081,Queens County,36081048302,2424,0.8346,28.2,12.6,28.0,19.1,9.7,6.2,25.8,28.8,47.5,14.5
36081,Queens County,36081048400,4997,0.824,14.9,10.8,29.4,16.6,4.6,18.1,21.2,5.6,23.2,13.1
36081,Queens County,36081048500,4631,0.8297,24.2,7.3,25.7,19.6,14.3,15.8,18.2,19.0,36.4,8.7
36081,Queens County,36081048900,1633,0.8033,25.8,3.5,56.9,20.2,7.8,11.5,19.4,14.4,51.7,39.8
36081,Queens County,36081049201,3175,0.763,14.5,3.6,43.8,10.9,3.0,15.7,22.2,11.9,31.7,8.2
36081,Queens County,36081049202,2540,0.4714,17.4,5.3,29.5,13.2,2.9,18.0,25.1,6.0,6.1,5.8
36081,Queens County,36081049301,2357,0.5402,28.2,9.8,34.1,37.4,1.9,19.5,22.9,6.6,14.3,9.1
36081,Queens County,36081049302,3171,0.8244,27.6,15.0,44.7,15.3,3.4,17.3,24.9,12.3,35.2,6.1
36081,Queens County,36081049500,1592,0.2315,12.0,3.9,20.1,14.2,3.2,13.9,20.5,5.0,14.1,12.2
36081,Queens County,36081049600,3042,0.4115,12.7,7.0,24.9,13.5,3.7,17.6,9.2,3.5,11.9,5.5
36081,Queens County,36081049700,3123,0.8198,23.7,9.6,49.5,18.9,7.2,10.6,25.0,12.0,24.6,11.6
36081,Queens County,36081049900,5440,0.6679,23.1,5.2,38.1,26.2,10.6,10.1,18.9,18.2,37.5,9.8
36081,Queens County,36081050000,4840,0.8356,13.0,5.1,34.8,12.0,8.8,12.9,21.3,22.6,37.6,12.6
36081,Queens County,36081050201,1471,0.4543,13.9,4.9,30.1,17.0,15.9,19.4,11.9,3.4,13.6,5.3
36081,Queens County,36081050202,1363,0.6978,18.7,14.2,39.2,14.9,5.9,16.9,20.4,0.5,18.5,7.0
36081,Queens County,36081050400,1852,0.6987,13.5,3.6,22.5,10.9,6.3,14.6,24.9,21.1,15.1,6.5
36081,Queens County,36081050500,1925,0.551,22.8,3.7,25.4,15.3,3.4,13.4,20.1,9.9,14.2,6.9
36081,Queens County,36081050600,1451,0.299,11.9,1.5,20.1,15.1,4.5,19.0,8.6,6.3,19.4,4.7
36081,Queens County,36081050700,3458,0.5911,19.8,4.5,41.1,8.0,11.7,16.2,16.8,2.7,18.1,10.5
36081,Queens County,36081050800,1756,0.6788,15.9,10.4,29.2,11.4,6.2,20.5,17.0,5.2,30.9,16.8
36081,Queens County,36081051000,1952,0.467,17.2,3.1,20.1,16.0,3.5,16.6,26.2,0.0,28.0,18.8
36081,Queens County,36081051100,2738,0.4782,16.0,5.4,27.5,17.3,7.7,12.9,19.8,9.2,21.9,10.1
36081,Queens County,36081051200,2786,0.3262,7.9,7.7,19.2,15.3,5.4,13.9,16.9,3.7,17.3,5.3
36081,Queens County,36081051300,2768,0.6284,20.4,8.8,22.9,18.4,10.4,12.1,20.1,3.8,16.5,12.7
36081,Queens County,36081051500,3448,0.3653,14.2,6.0,17.3,11.6,2.8,13.2,28.0,0.0,15.0,13.4
36081,Queens County,36081051600,2209,0.4626,10.1,11.4,22.9,15.1,3.1,13.6,21.2,1.8,24.5,6.2
36081,Queens County,36081051700,1928,0.3138,6.9,1.1,21.2,10.8,3.5,10.8,14.8,4.5,28.0,5.0
36081,Queens County,36081051800,2250,0.5894,17.5,2.5,38.4,9.7,6.7,12.4,17.4,6.8,17.9,10.9
36081,Queens County,36081052000,1448,0.7343,10.4,20.4,21.8,13.0,11.6,18.2,16.0,1.1,26.3,9.7
36081,Queens County,36081052100,1969,0.4699,12.1,2.8,29.9,8.9,5.6,12.8,19.3,4.5,26.1,17.7
36081,Queens County,36081052200,1810,0.7347,23.1,19.8,41.4,8.8,7.6,16.9,17.0,10.0,13.1,5.6
36081,Queens County,36081052400,2155,0.448,15.6,4.5,21.1,13.6,3.4,10.9,23.3,4.1,16.7,6.8
36081,Queens County,36081052500,2575,0.452,11.1,7.0,35.6,14.2,7.4,11.9,21.2,6.2,10.0,5.2
36081,Queens County,36081052600,2449,0.3655,11.9,1.4,35.3,15.4,8.3,14.5,16.2,9.6,28.6,14.3
36081,Queens County,36081052800,1513,0.3089,12.6,5.5,28.2,14.0,4.4,15.2,17.5,4.3,12.1,10.7
36081,Queens County,36081053000,2756,0.4539,10.5,3.5,27.0,11.5,3.9,11.8,20.6,12.5,13.0,7.4
36081,Queens County,36081053100,3202,0.6503,22.6,13.2,45.3,9.8,10.1,11.6,14.5,2.2,22.9,12.6
36081,Queens County,36081053200,2358,0.5661,18.4,2.5,39.5,11.0,7.9,12.8,24.2,6.0,13.5,6.7
36081,Queens County,36081053401,2087,0.3646,4.0,3.2,26.5,13.3,5.7,19.6,18.4,3.7,11.9,8.2
36081,Queens County,36081053501,1272,0.5891,32.0,3.6,33.1,19.4,20.5,7.2,20.7,14.4,55.6,15.7
36081,Queens County,36081053502,0,,,,,,,,,,,
36081,Queens County,36081053601,1950,0.6651,18.5,5.0,54.7,13.5,3.2,31.2,15.1,0.4,39.6,39.4
36081,Queens County,36081053800,1655,0.678,21.6,14.3,28.9,15.8,5.6,19.1,22.4,2.1,14.8,1.6
36081,Queens County,36081053901,4367,0.5529,13.5,6.4,19.2,17.9,11.6,11.7,15.6,9.5,46.3,7.9
36081,Queens County,36081053902,136,0.1665,48.5,25.9,39.2,0.0,48.5,0.0,25.7,0.0,0.0,0.0
36081,Queens County,36081054000,3943,0.7934,30.1,7.2,36.7,21.5,7.3,16.4,17.3,5.2,25.9,12.1
36081,Queens County,36081054200,5559,0.7324,16.9,6.5,38.5,22.9,10.1,24.6,20.7,4.5,29.4,10.1
36081,Queens County,36081054500,3749,0.6601,23.6,8.3,52.0,17.9,13.9,10.2,19.3,10.4,52.0,16.1
36081,Queens County,36081054700,4953,0.7561,28.9,4.5,26.4,25.6,25.1,6.6,20.8,15.3,59.6,1.1
36081,Queens County,36081054800,2472,0.5801,10.4,6.1,23.6,21.6,5.1,18.9,22.5,5.6,13.6,6.0
36081,Queens County,36081054900,5800,0.7424,20.0,5.3,30.5,26.9,23.9,6.1,25.6,6.9,63.2,5.4
36081,Queens County,36081055100,4398,0.7801,24.8,4.8,34.2,15.4,8.7,10.0,20.2,9.0,71.4,15.8
36081,Queens County,36081055200,2990,0.9095,21.5,9.1,47.3,20.7,3.9,20.9,19.1,12.9,31.8,12.4
36081,Queens County,36081055300,3133,0.6689,22.9,8.4,23.1,18.0,16.8,6.7,16.9,11.8,62.6,6.5
36081,Queens County,36081055400,2751,0.5309,12.6,9.9,26.5,14.4,5.2,13.0,15.0,16.4,15.7,10.6
36081,Queens County,36081055500,2168,0.7512,21.2,3.9,45.2,24.9,11.1,14.0,19.1,2.8,49.9,10.1
36081,Queens County,36081055600,2355,0.4963,11.3,6.2,23.3,14.5,2.4,20.2,20.2,7.9,16.4,16.0
36081,Queens County,36081055700,4025,0.5353,16.7,7.6,26.3,13.8,15.1,8.1,18.5,8.2,50.2,10.3
36081,Queens County,36081055800,1795,0.7145,13.1,9.5,42.6,20.5,8.0,20.4,15.0,10.8,14.5,9.5
36081,Queens County,36081055900,1158,0.7865,32.5,2.0,39.2,22.2,9.2,14.9,18.3,20.2,68.0,8.4
36081,Queens County,36081056000,1681,0.7018,20.6,0.0,28.4,19.9,12.4,19.9,21.5,7.7,16.4,12.5
36081,Queens County,36081056100,18,0.1044,0.0,0.0,42.9,0.0,0.0,38.9,0.0,0.0,42.9,0.0
36081,Queens County,36081056200,1399,0.3056,7.9,8.2,18.6,13.3,3.1,27.1,13.9,1.0,5.6,22.2
36081,Queens County,36081056400,1365,0.7489,23.5,17.8,43.7,23.8,10.1,20.8,13.0,5.9,15.5,23.4
36081,Queens County,36081056500,1797,0.4651,14.0,5.5,20.6,10.9,12.9,8.1,16.7,6.0,36.1,9.3
36081,Queens County,36081056600,1369,0.7004,26.9,11.7,40.9,5.9,6.3,34.1,12.9,2.4,31.4,5.0
36081,Queens County,36081056700,4971,0.4142,12.3,4.9,28.8,21.5,10.0,11.9,19.3,2.5,16.1,11.2
36081,Queens County,36081056800,4901,0.6928,9.5,13.8,26.7,12.7,5.3,16.5,14.4,6.5,26.8,10.6
36081,Queens County,36081057700,4056,0.6896,17.4,5.9,32.6,21.5,11.9,13.3,20.2,8.1,38.3,11.2
36081,Queens County,36081057900,1692,0.663,16.8,7.5,43.5,15.5,13.4,13.7,20.1,7.8,37.7,7.4
36081,Queens County,36081058000,4329,0.4205,5.9,10.7,16.8,9.0,3.9,15.4,18.0,9.4,6.9,9.5
36081,Queens County,36081058100,2870,0.4438,17.7,5.0,27.8,8.3,4.7,12.9,17.6,15.1,33.6,6.4
36081,Queens County,36081058200,5502,0.7082,5.8,11.0,29.2,18.0,16.1,18.7,20.1,4.4,11.3,5.1
36081,Queens County,36081058300,3757,0.6086,12.0,4.5,25.8,10.6,6.8,11.6,21.6,4.4,39.7,6.6
36081,Queens County,36081058500,4614,0.4254,18.4,8.2,28.6,7.9,5.2,7.7,15.5,3.7,41.6,6.2
36081,Queens County,36081058700,3080,0.51,7.6,5.2,29.4,13.9,6.2,13.0,17.1,11.3,41.1,8.6
36081,Queens County,36081058900,4833,0.6668,28.7,8.6,40.9,11.0,11.3,8.4,19.6,6.9,62.3,8.3
36081,Queens County,36081059000,1186,0.2779,15.9,7.1,33.6,4.9,1.8,20.2,18.4,1.2,11.4,3.5
36081,Queens County,36081059100,5332,0.7059,23.4,7.1,42.4,19.5,16.2,16.2,17.5,2.5,53.7,7.9
36081,Queens County,36081059200,1510,0.4307,17.0,1.7,38.6,9.4,3.3,16.1,16.5,5.2,21.9,7.2
36081,Queens County,36081059300,4115,0.6362,24.0,6.4,35.5,12.2,10.4,12.4,16.8,5.3,45.5,11.6
36081,Queens County,36081059400,1770,0.1851,5.1,7.3,7.6,5.7,10.0,20.8,12.2,4.4,7.0,4.6
36081,Queens County,36081059501,1635,0.4258,19.8,10.8,34.5,5.4,8.8,11.7,15.7,5.2,37.6,8.3
36081,Queens County,36081059502,3220,0.7118,20.7,5.0,49.3,15.3,10.4,7.2,24.3,4.5,29.5,7.3
36081,Queens County,36081059600,1539,0.6389,13.7,14.2,29.6,9.0,5.1,31.1,12.7,0.0,11.6,11.0
36081,Queens County,36081059800,1801,0.4003,5.4,1.0,34.1,6.0,1.8,13.3,28.5,3.4,11.4,8.0
36081,Queens County,36081059900,1449,0.7136,19.7,7.6,33.7,13.9,7.8,18.6,15.4,3.3,24.1,3.1
36081,Queens County,36081060000,1012,0.2062,10.1,7.0,21.6,9.0,2.3,27.8,15.0,3.9,15.5,11.6
36081,Queens County,36081060100,2275,0.5071,15.0,2.4,31.0,7.7,9.1,11.8,25.9,5.0,25.4,10.2
36081,Queens County,36081060300,2011,0.6877,26.0,7.5,32.7,11.2,10.5,12.1,23.2,6.0,23.2,10.6
36081,Queens County,36081060600,1332,0.1747,17.0,4.2,31.1,6.4,3.1,25.2,11.6,0.0,21.2,10.0
36081,Queens County,36081060701,14,0.0,0.0,0.0,0.0,0.0,0.0,0.0,0.0,0.0,0.0,0.0
36081,Queens County,36081060800,1605,0.2813,10.3,2.8,25.1,6.1,2.9,14.3,20.1,5.5,16.3,9.9
36081,Queens County,36081061000,1583,0.1063,8.4,5.5,21.0,4.6,2.3,14.4,12.9,11.3,11.8,17.2
36081,Queens County,36081061200,2032,0.2798,2.0,9.3,24.0,4.9,0.7,25.4,12.0,0.0,7.5,4.2
36081,Queens County,36081061301,5070,0.6873,25.7,13.6,47.1,17.5,16.4,11.2,17.7,5.8,52.1,10.2
36081,Queens County,36081061302,0,,,,,,,,,,,
36081,Queens County,36081061400,1517,0.219,2.8,5.3,15.5,6.0,5.6,21.2,23.1,0.0,14.4,11.8
36081,Queens County,36081061601,2561,0.3507,8.5,7.6,20.2,12.6,7.6,21.9,18.6,0.0,21.2,14.1
36081,Queens County,36081061602,1013,0.1517,4.0,2.9,11.1,3.4,1.6,27.9,7.6,2.5,18.6,8.9
36081,Queens County,36081061800,1809,0.3954,4.7,5.2,25.4,13.2,11.5,18.6,17.0,1.3,24.8,10.5
36081,Queens County,36081061900,3543,0.5037,16.1,5.6,35.0,19.0,1.7,16.7,22.7,6.2,21.0,10.3
36081,Queens County,36081062000,1370,0.2667,3.6,3.6,13.1,6.3,3.8,25.6,15.6,0.0,13.3,14.5
36081,Queens County,36081062100,3053,0.6375,18.9,1.4,30.2,24.1,4.6,14.0,24.9,2.2,16.6,6.1
36081,Queens County,36081062200,2043,0.3193,6.6,4.4,20.3,7.8,4.7,25.2,14.5,4.0,15.9,10.9
36081,Queens County,36081062300,2212,0.3307,23.6,4.3,41.0,12.0,2.4,14.4,21.7,4.0,34.8,8.6
36081,Queens County,36081062400,0,,,,,,,,,,,
36081,Queens County,36081062500,2570,0.6295,18.0,3.3,32.6,17.3,7.5,20.4,20.2,3.7,31.6,8.3
36081,Queens County,36081062600,2994,0.2735,6.4,2.0,17.0,9.8,7.9,12.0,20.1,7.3,10.0,11.0
36081,Queens County,36081062700,2860,0.636,11.2,9.2,35.6,8.6,5.1,18.2,19.1,5.3,33.2,8.4
36081,Queens County,36081062900,3476,0.6944,15.9,3.8,25.3,9.6,11.2,11.7,27.6,22.4,37.0,9.7
36081,Queens County,36081063000,1457,0.1437,5.4,0.0,19.0,6.9,4.3,19.6,15.2,0.0,9.9,12.2
36081,Queens County,36081063200,2534,0.1045,8.2,1.5,18.4,7.5,3.4,15.3,18.0,0.6,21.3,20.1
36081,Queens County,36081063301,1636,0.3775,9.3,4.6,28.6,10.2,5.7,11.3,27.8,3.7,16.7,5.3
36081,Queens County,36081063302,1910,0.39,15.2,0.9,17.2,19.4,10.3,17.2,28.1,0.9,13.3,5.3
36081,Queens County,36081063500,2604,0.5562,9.2,6.1,25.8,16.4,3.6,23.7,22.1,0.8,13.6,7.8
36081,Queens County,36081063700,3636,0.5929,16.9,2.8,26.2,13.7,4.7,20.1,24.4,0.0,9.3,13.4
36081,Queens County,36081063800,3550,0.6227,11.6,7.6,21.6,12.3,9.5,21.2,12.8,3.1,11.9,0.9
36081,Queens County,36081063900,3160,0.4106,10.1,3.9,30.3,15.5,2.6,13.4,14.0,9.7,17.9,5.2
36081,Queens County,36081064101,2489,0.5028,7.1,7.2,18.7,20.1,6.4,20.8,19.2,5.7,16.8,11.9
36081,Queens County,36081064102,0,,,,,,,,,,,
36081,Queens County,36081064500,2034,0.5305,20.3,8.8,29.1,3.0,1.3,12.2,28.3,4.7,39.2,4.9
36081,Queens County,36081064600,3402,0.3828,6.4,6.4,22.9,5.7,5.7,19.6,17.2,2.2,17.8,18.8
36081,Queens County,36081065000,2577,0.3463,9.1,4.5,16.5,6.6,5.3,26.0,17.0,6.9,11.8,11.7
36081,Queens County,36081065401,3616,0.5284,14.5,5.8,31.1,9.1,13.4,13.4,23.8,6.1,23.9,17.8
36081,Queens County,36081065402,0,,,,,,,,,,,
36081,Queens County,36081065501,0,,,,,,,,,,,
36081,Queens County,36081065600,4125,0.4864,6.8,8.5,30.7,9.5,8.8,22.8,11.8,2.1,28.1,21.7
36081,Queens County,36081065702,1430,0.3684,11.9,3.6,36.4,10.8,7.1,15.5,19.1,1.2,33.1,11.9
36081,Queens County,36081065703,2916,0.506,8.8,3.7,24.8,23.8,2.8,40.7,17.8,4.8,21.2,5.5
36081,Queens County,36081065900,1905,0.3191,5.8,4.7,26.8,10.5,2.9,19.8,14.9,3.4,19.3,11.8
36081,Queens County,36081066000,3185,0.5216,6.6,11.8,42.2,11.5,7.7,16.7,18.3,0.0,14.8,7.2
36081,Queens County,36081066100,1581,0.1967,8.5,2.8,30.9,15.0,2.2,30.2,14.2,0.0,18.8,13.9
36081,Queens County,36081066301,2944,0.4678,9.4,9.8,21.0,8.6,4.2,23.7,21.0,1.1,21.9,17.9
36081,Queens County,36081066302,0,,,,,,,,,,,
36081,Queens County,36081066401,1574,0.5615,21.2,0.0,38.4,12.4,4.0,10.5,27.8,8.6,8.6,10.4
36081,Queens County,36081066402,3260,0.4024,4.5,9.2,32.5,21.1,3.1,16.6,12.0,2.2,10.8,5.6
36081,Queens County,36081066403,6062,0.5693,22.3,6.3,36.6,7.4,0.4,13.4,29.5,5.8,13.7,15.1
36081,Queens County,36081066404,0,,,,,,,,,,,
36081,Queens County,36081066501,4059,0.3925,10.2,1.8,31.6,12.8,2.5,24.9,20.3,3.6,22.9,14.2
36081,Queens County,36081066701,2718,0.3843,21.2,2.6,22.7,15.0,1.5,17.5,20.8,6.3,40.5,5.7
36081,Queens County,36081066900,1758,0.2178,8.7,1.6,30.1,6.3,7.2,17.3,24.5,1.8,14.1,14.1
36081,Queens County,36081067100,2414,0.138,9.4,4.5,17.1,8.7,2.7,20.2,19.6,0.0,17.0,12.0
36081,Queens County,36081067700,1901,0.2752,9.7,2.5,22.1,10.9,3.8,24.4,17.8,1.0,21.3,16.6
36081,Queens County,36081067900,4427,0.8913,22.8,4.2,49.1,11.1,9.5,22.1,19.3,18.2,49.3,10.9
36081,Queens County,36081068000,5652,0.3131,5.9,5.2,11.4,8.9,4.8,15.5,19.6,5.8,11.6,11.3
36081,Queens County,36081068200,1076,0.4161,9.5,11.5,31.9,7.1,2.0,18.4,19.4,4.8,11.6,16.4
36081,Queens County,36081068300,4261,0.8223,17.6,4.7,42.9,18.3,8.9,23.5,15.0,8.4,67.7,12.8
36081,Queens County,36081068700,4610,0.8253,18.1,7.4,42.8,12.5,6.6,23.0,17.8,10.8,63.8,5.8
36081,Queens County,36081069000,4332,0.5159,9.7,4.9,24.9,4.3,4.7,12.5,23.3,12.8,14.2,19.8
36081,Queens County,36081069300,3123,0.7717,27.5,7.1,41.9,12.6,6.6,13.1,17.5,19.6,50.6,11.0
36081,Queens County,36081069400,3573,0.4847,12.8,5.7,15.6,9.2,4.5,17.7,19.8,1.2,20.9,15.1
36081,Queens County,36081069500,2417,0.5364,15.7,2.8,14.6,17.2,11.3,22.5,11.9,4.4,32.1,5.2
36081,Queens County,36081069701,4460,0.5702,18.2,3.6,25.0,6.9,3.6,13.2,22.1,11.6,45.6,9.2
36081,Queens County,36081069702,4309,0.7569,18.4,11.4,30.9,12.6,4.7,19.0,21.8,2.8,21.4,19.9
36081,Queens County,36081070300,2114,0.4275,11.3,0.4,27.3,6.8,2.7,25.4,17.4,8.3,27.9,6.4
36081,Queens County,36081070700,2661,0.3539,5.0,3.9,20.4,7.4,1.4,25.7,22.7,2.4,13.4,5.9
36081,Queens County,36081070900,2950,0.4953,11.4,4.3,23.5,5.8,4.9,15.4,27.6,2.5,39.0,6.5
36081,Queens County,36081071100,6044,0.3878,8.1,2.6,25.3,2.3,1.5,23.4,14.0,2.6,40.0,11.5
36081,Queens County,36081071303,5509,0.1756,11.2,2.9,29.1,1.6,2.7,15.4,18.9,0.0,47.4,4.0
36081,Queens County,36081071304,6195,0.6333,17.9,5.3,27.2,5.2,7.0,25.2,12.9,4.9,59.7,7.0
36081,Queens County,36081071305,5576,0.4889,13.4,1.5,27.8,7.0,5.1,12.8,21.4,13.2,51.3,2.8
36081,Queens County,36081071306,6882,0.6466,17.1,5.9,36.7,4.4,12.1,14.1,22.7,8.2,62.7,9.1
36081,Queens County,36081071600,0,,,,,,,,,,,
36081,Queens County,36081071701,5164,0.7993,33.1,2.7,42.7,8.7,3.1,22.3,21.0,13.6,59.1,9.3
36081,Queens County,36081071702,4438,0.5497,17.8,5.2,26.1,9.9,0.8,17.3,12.0,12.3,49.5,13.1
36081,Queens County,36081071900,3475,0.7957,30.1,8.6,50.3,5.2,16.1,13.7,24.8,24.9,42.1,14.3
36081,Queens County,36081072100,5349,0.6316,17.0,0.5,23.3,12.1,3.2,21.4,22.5,10.4,50.6,11.5
36081,Queens County,36081072300,2307,0.3581,4.7,9.4,13.8,4.1,4.1,22.2,21.6,1.9,13.3,2.4
36081,Queens County,36081072900,1366,0.0827,9.9,0.6,26.3,3.6,0.0,16.8,18.1,1.3,14.3,9.9
36081,Queens County,36081073100,1777,0.1034,5.7,4.7,15.1,5.8,0.3,16.5,22.3,3.0,11.3,6.9
36081,Queens County,36081073700,2151,0.4695,14.3,7.6,20.8,1.4,0.7,26.0,14.5,7.7,51.4,0.6
36081,Queens County,36081073900,5480,0.5413,12.2,5.8,18.3,3.9,1.1,20.9,17.0,7.8,42.9,5.3
36081,Queens County,36081074100,2984,0.5161,10.8,6.2,22.9,8.0,4.3,25.7,9.6,4.2,49.3,9.4
36081,Queens County,36081074300,3979,0.5965,15.8,5.3,30.1,9.4,6.8,18.0,14.1,8.8,39.1,8.4
36081,Queens County,36081074500,3951,0.7156,23.8,4.6,37.4,13.2,4.3,27.9,12.7,5.1,57.2,15.4
36081,Queens County,36081074700,3223,0.7179,15.5,8.2,16.2,20.1,8.0,28.9,13.7,6.9,23.6,6.5
36081,Queens County,36081074900,1501,0.0355,5.1,1.6,9.6,1.5,1.5,17.5,29.8,0.0,5.6,4.7
36081,Queens County,36081075701,4845,0.4068,8.3,1.7,26.9,5.4,6.2,21.3,17.2,3.4,46.0,1.9
36081,Queens County,36081075702,5313,0.5128,9.5,3.9,18.6,4.5,0.7,29.2,14.3,6.9,35.0,2.7
36081,Queens County,36081076901,4912,0.4414,6.6,8.8,32.8,9.2,3.1,16.6,18.4,5.9,57.1,8.3
36081,Queens County,36081076902,1245,0.2739,4.3,1.0,17.1,2.5,1.3,9.3,23.1,8.7,50.4,5.8
36081,Queens County,36081077300,2172,0.3323,9.0,6.4,21.8,3.6,1.7,19.4,13.5,3.9,47.3,8.1
36081,Queens County,36081077500,2151,0.4915,11.4,1.3,31.7,5.2,7.2,24.1,12.0,7.3,35.8,1.0
36081,Queens County,36081077902,5082,0.5892,16.5,2.2,29.8,3.2,5.2,17.7,29.5,13.8,29.8,7.9
36081,Queens County,36081077903,3553,0.5246,9.8,4.3,28.5,11.6,3.5,12.1,22.6,7.3,24.4,5.6
36081,Queens County,36081077904,6142,0.6312,12.4,2.4,26.7,14.1,5.8,12.2,29.0,10.1,24.0,14.0
36081,Queens County,36081077905,2904,0.6755,15.3,10.2,25.2,6.9,4.3,21.4,11.1,4.6,24.6,5.4
36081,Queens County,36081077906,3494,0.6178,13.1,5.9,30.9,7.6,5.4,19.4,20.2,2.1,34.6,14.1
36081,Queens County,36081077907,3642,0.9339,21.9,11.0,44.9,16.5,5.0,21.0,28.4,13.3,30.5,13.5
36081,Queens County,36081077908,3197,0.9052,36.6,11.0,45.3,17.2,4.2,9.4,15.3,11.8,30.8,11.7
36081,Queens County,36081078800,1916,0.5029,23.5,5.2,30.4,7.1,5.6,14.8,22.1,7.5,16.1,8.6
36081,Queens County,36081079000,2682,0.6301,20.6,6.3,33.1,11.9,6.8,12.2,18.7,1.3,24.8,14.6
36081,Queens County,36081079200,2660,0.7461,13.9,9.6,42.6,18.3,7.5,20.5,16.6,6.6,15.3,28.0
36081,Queens County,36081079300,0,,,,,,,,,,,
36081,Queens County,36081079701,6245,0.8835,35.3,5.0,49.4,29.2,10.4,25.8,15.5,16.9,59.1,10.3
36081,Queens County,36081079702,3635,0.7497,39.7,3.7,34.4,33.9,20.7,18.2,18.9,11.6,45.6,18.8
36081,Queens County,36081079900,3185,0.9301,44.0,9.1,47.1,33.1,10.4,15.9,23.7,13.8,32.8,14.0
36081,Queens County,36081080301,3770,0.6455,23.8,1.5,50.1,27.5,15.5,10.7,20.9,6.3,26.7,12.9
36081,Queens County,36081080302,4114,0.656,13.2,3.9,33.5,18.7,8.5,20.6,21.6,19.9,23.6,9.1
36081,Queens County,36081080900,8110,0.8533,25.1,7.7,39.5,12.0,4.9,17.5,28.3,14.9,22.8,8.5
36081,Queens County,36081081400,4693,0.4824,16.1,8.5,16.8,15.4,5.6,12.3,18.1,20.1,11.6,2.8
36081,Queens County,36081081800,4084,0.6506,15.6,8.2,32.1,22.0,14.6,14.9,19.7,9.8,25.2,11.0
36081,Queens County,36081083700,4914,0.682,17.5,5.5,31.4,28.5,11.2,26.8,15.6,8.1,26.8,26.9
36081,Queens County,36081083800,5838,0.4446,16.4,8.1,31.1,17.2,12.4,11.8,17.6,13.4,8.2,5.8
36081,Queens County,36081084000,7207,0.574,14.8,15.5,26.2,20.1,10.9,13.1,16.2,5.2,17.6,8.7
36081,Queens County,36081084500,4988,0.98,37.5,10.4,57.9,27.5,12.8,33.9,12.5,22.6,70.5,34.8
36081,Queens County,36081084601,2799,0.6033,10.1,11.3,40.4,24.6,3.9,14.6,21.2,2.2,9.1,4.9
36081,Queens County,36081084602,1276,0.6765,19.0,15.6,30.3,11.9,6.7,8.0,22.5,15.6,0.0,0.0
36081,Queens County,36081084901,2816,0.8818,29.6,8.0,45.7,41.4,24.2,13.8,9.8,10.1,39.6,19.5
36081,Queens County,36081084902,4000,0.9209,45.7,14.8,45.7,30.3,31.2,14.2,11.6,20.3,66.5,15.8
36081,Queens County,36081085300,5340,0.915,24.4,9.3,50.6,27.7,10.8,25.2,14.6,8.2,66.1,24.8
36081,Queens County,36081085500,6282,0.9091,48.9,6.3,53.8,37.8,13.5,26.5,16.9,19.9,72.8,20.7
36081,Queens County,36081085700,5324,0.9261,32.7,6.4,41.2,35.1,15.8,22.6,10.8,23.7,65.7,20.2
36081,Queens County,36081085900,5530,0.8289,30.1,9.2,29.5,23.6,14.5,19.8,13.8,10.5,61.0,18.9
36081,Queens County,36081086100,2219,0.8586,39.1,5.3,36.8,41.9,13.9,36.8,9.5,24.3,52.8,17.0
36081,Queens County,36081086300,6747,0.8295,41.5,1.3,50.7,31.9,20.5,16.8,18.2,25.0,52.7,16.2
36081,Queens County,36081086400,2712,0.5577,20.4,7.7,23.5,20.0,16.8,12.3,18.2,5.5,12.4,7.9
36081,Queens County,36081086500,4729,0.9519,28.9,5.2,47.3,24.2,22.6,23.3,8.2,9.7,73.6,21.7
36081,Queens County,36081086900,1711,0.8384,41.8,5.6,47.9,26.4,21.2,15.5,7.8,10.8,52.8,13.1
36081,Queens County,36081087100,4442,0.8605,30.2,3.9,48.2,23.0,7.7,24.8,11.3,7.7,70.6,12.4
36081,Queens County,36081088400,9257,0.5303,13.7,5.0,28.6,14.7,3.9,25.5,22.3,1.3,11.4,11.8
36081,Queens County,36081088902,5393,0.7012,38.5,2.0,40.2,29.4,2.1,25.7,10.9,11.2,50.7,19.4
36081,Queens County,36081088903,4922,0.7113,24.9,3.0,25.5,23.0,5.5,31.6,11.1,4.0,21.7,15.1
36081,Queens County,36081089201,8806,0.333,6.6,13.9,21.0,9.5,3.7,24.2,22.0,0.0,3.0,2.6
36081,Queens County,36081089202,0,,,,,,,,,,,
36081,Queens County,36081090700,1410,0.5896,28.6,5.3,38.1,34.9,13.8,22.6,21.3,4.7,15.8,22.2
36081,Queens County,36081091602,0,,,,,,,,,,,
36081,Queens County,36081091603,3946,0.0395,4.6,3.4,13.3,6.7,0.4,23.3,18.0,1.6,8.2,11.9
36081,Queens County,36081091604,0,,,,,,,,,,,
36081,Queens County,36081091800,15,0.027,0.0,0.0,42.9,26.7,0.0,73.3,0.0,0.0,0.0,0.0
36081,Queens County,36081091900,5586,0.9072,26.8,5.8,32.0,28.5,13.3,30.6,14.5,4.9,24.9,12.8
36081,Queens County,36081092200,2173,0.0591,5.7,3.6,20.6,0.0,3.6,20.0,24.3,0.0,11.7,10.2
36081,Queens County,36081092500,3622,0.8666,27.3,12.7,57.7,27.9,6.4,11.8,24.1,11.9,30.2,7.5
36081,Queens County,36081092800,3503,0.1834,7.5,10.3,23.7,8.8,0.9,23.1,22.2,0.0,4.2,1.7
36081,Queens County,36081092900,7942,0.5866,8.3,15.6,25.2,19.1,6.2,19.0,23.2,9.1,12.9,8.7
36081,Queens County,36081093401,4123,0.5229,15.3,2.3,21.3,4.7,4.7,20.7,24.9,0.9,14.7,5.6
36081,Queens County,36081093402,4105,0.6636,16.9,6.6,29.4,8.1,2.8,20.4,21.0,3.2,26.5,8.3
36081,Queens County,36081093800,5273,0.836,27.2,11.0,36.6,17.3,3.9,24.8,18.2,8.9,30.8,12.3
36081,Queens County,36081093900,6573,0.5628,16.3,6.0,35.3,14.0,7.7,13.3,28.7,12.4,13.5,8.6
36081,Queens County,36081094201,3603,0.8567,32.6,6.4,33.3,20.1,6.0,13.5,21.1,6.4,29.5,11.6
36081,Queens County,36081094202,5894,0.9361,30.7,14.3,37.7,20.8,5.0,7.3,30.1,7.9,41.9,11.3
36081,Queens County,36081094203,6200,0.755,18.1,5.3,27.0,8.7,7.0,25.5,14.8,9.5,36.5,18.8
36081,Queens County,36081094500,4044,0.8086,25.5,4.2,38.4,28.3,9.7,31.8,20.5,6.5,12.6,15.7
36081,Queens County,36081094700,2421,0.6335,29.6,4.8,32.0,15.7,4.8,11.2,17.2,3.8,26.6,9.6
36081,Queens County,36081095400,6950,0.7405,20.2,6.1,39.0,12.8,4.1,9.1,29.7,5.4,21.5,11.6
36081,Queens County,36081096400,7413,0.6761,21.7,4.0,24.6,14.6,4.4,13.6,25.7,9.5,16.8,8.7
36081,Queens County,36081097202,3336,0.9428,63.2,32.3,62.0,20.7,4.7,7.2,33.3,12.1,79.8,16.7
36081,Queens County,36081097204,4218,0.9198,14.3,5.6,28.2,21.4,6.7,20.7,28.5,7.9,37.2,7.4
36081,Queens County,36081097205,3483,0.9605,69.3,16.4,54.2,27.3,15.6,5.0,36.3,10.8,67.7,14.3
36081,Queens County,36081097206,2768,0.8147,56.1,0.0,39.7,15.3,7.7,10.8,28.2,2.9,76.4,18.0
36081,Queens County,36081097207,0,,,,,,,,,,,
36081,Queens County,36081097300,2310,0.3032,9.8,4.5,27.3,13.7,2.1,26.7,17.9,2.0,8.3,8.3
36081,Queens County,36081098100,2376,0.4741,13.8,7.9,32.0,18.6,3.7,20.5,16.5,4.8,6.6,16.2
36081,Queens County,36081098700,2636,0.4128,15.4,5.0,25.8,20.9,4.6,21.2,19.0,3.1,17.1,9.1
36081,Queens County,36081099100,7093,0.4263,11.2,4.2,23.1,13.4,2.6,32.8,20.4,0.6,9.4,7.0
36081,Queens County,36081099200,4518,0.9774,50.0,11.0,62.3,17.5,11.6,13.0,27.1,16.9,58.3,13.5
36081,Queens County,36081099701,2804,0.3482,7.5,4.2,17.9,11.2,1.7,27.6,17.0,1.2,16.2,5.3
36081,Queens County,36081099703,3999,0.3036,6.0,5.4,23.9,6.6,2.6,28.1,18.4,0.6,13.3,5.9
36081,Queens County,36081099704,7316,0.4799,10.1,5.6,19.2,10.0,3.6,34.7,13.1,2.1,18.6,13.8
36081,Queens County,36081099705,2522,0.3845,14.1,6.0,26.0,18.0,10.9,24.1,5.8,0.0,10.8,3.0
36081,Queens County,36081099801,9129,0.9384,24.2,10.8,43.4,20.9,9.2,15.3,22.8,16.2,33.8,1.6
36081,Queens County,36081099802,6111,0.9523,33.1,10.1,42.5,13.8,8.1,24.3,23.6,4.8,60.6,17.5
36081,Queens County,36081099900,0,,,,,,,,,,,
36081,Queens County,36081100801,3184,0.391,11.4,3.4,19.0,16.8,6.0,16.5,26.4,4.2,13.0,6.3
36081,Queens County,36081100803,4008,0.9344,29.2,11.8,45.2,18.9,11.3,14.9,27.5,2.9,48.7,21.4
36081,Queens County,36081100804,5511,0.4665,5.6,11.9,29.9,11.6,4.6,8.7,32.0,4.5,13.0,2.6
36081,Queens County,36081101002,5916,0.8426,23.3,0.0,43.1,6.9,4.9,14.6,44.9,16.5,34.4,13.4
36081,Queens County,36081101003,4019,0.977,31.1,5.3,41.4,27.3,12.4,17.4,28.8,12.6,42.3,4.8
36081,Queens County,36081101004,6916,0.9295,37.0,9.8,45.8,20.4,2.8,23.0,21.5,11.4,46.2,16.7
36081,Queens County,36081101700,6877,0.449,13.7,7.6,26.3,12.7,0.8,22.3,23.4,2.1,10.6,9.2
36081,Queens County,36081102900,3647,0.3583,13.0,5.3,33.9,7.1,2.1,19.7,18.0,4.0,6.6,12.2
36081,Queens County,36081103201,7470,0.9131,39.7,16.2,44.9,31.4,12.0,6.1,32.4,18.3,52.1,16.8
36081,Queens County,36081103202,8163,0.873,18.0,8.7,34.6,28.9,18.4,11.7,37.7,17.7,25.9,13.3
36081,Queens County,36081103300,4654,0.5978,23.4,9.7,25.4,17.7,5.4,25.5,18.1,2.7,14.4,12.4
36081,Queens County,36081103900,7099,0.6446,16.0,17.8,37.7,16.7,5.8,21.6,20.5,1.8,7.9,10.4
36081,Queens County,36081104700,7021,0.7153,23.1,2.3,38.1,20.5,7.0,18.7,13.8,5.2,14.6,10.6
36081,Queens County,36081105900,4072,0.3731,8.4,5.8,23.8,9.6,1.8,19.6,23.6,9.7,7.3,11.7
36081,Queens County,36081107201,2293,0.5432,13.1,5.1,29.3,11.6,11.3,18.5,18.3,1.4,9.4,10.8
36081,Queens County,36081107202,0,,,,,,,,,,,
36081,Queens County,36081108500,2616,0.5214,11.1,5.8,36.6,7.2,3.8,23.5,17.1,1.9,12.5,4.0
36081,Queens County,36081109300,2987,0.3794,13.8,1.5,20.4,17.9,6.5,25.8,16.3,2.1,5.2,16.3
36081,Queens County,36081109700,1752,0.3412,3.8,0.6,17.5,12.4,3.2,24.0,15.8,2.9,12.8,2.9
36081,Queens County,36081109900,3292,0.7033,6.3,10.4,18.0,10.5,2.8,18.1,21.8,3.4,12.7,10.1
36081,Queens County,36081111300,2499,0.5164,16.1,3.4,23.0,8.1,2.2,24.1,26.7,5.6,3.5,5.1
36081,Queens County,36081112300,2234,0.6512,18.0,2.0,24.1,7.7,5.1,10.3,26.5,10.3,5.6,4.7
36081,Queens County,36081112900,2435,0.6985,12.6,4.9,20.4,13.1,8.1,24.4,19.7,6.3,16.2,10.7
36081,Queens County,36081113300,1303,0.1443,5.6,3.4,30.4,8.7,0.5,17.9,16.4,1.0,6.9,4.9
36081,Queens County,36081113900,4048,0.6649,24.1,5.5,34.4,16.9,4.0,15.9,24.8,12.6,14.2,3.7
36081,Queens County,36081114100,2451,0.2462,9.3,3.8,9.0,6.0,1.0,26.2,19.5,0.3,6.6,5.7
36081,Queens County,36081114700,2051,0.3986,5.2,13.2,19.7,12.1,12.7,19.2,24.0,9.7,3.5,2.4
36081,Queens County,36081115100,950,0.432,13.2,4.8,33.0,16.0,0.9,29.8,16.8,6.0,12.4,9.1
36081,Queens County,36081115500,2114,0.6556,23.3,2.5,35.6,17.2,16.5,20.1,16.8,12.8,28.2,16.2
36081,Queens County,36081115700,3173,0.847,21.1,10.4,50.9,10.5,12.9,16.8,18.6,11.5,25.9,16.1
36081,Queens County,36081115900,4271,0.8498,31.9,7.5,44.1,17.2,10.8,15.2,18.5,23.6,41.3,20.1
36081,Queens County,36081116100,3923,0.8647,32.8,8.2,39.1,22.4,12.4,23.0,12.1,7.8,50.0,19.6
36081,Queens County,36081116301,4574,0.8711,36.2,1.6,55.1,16.4,26.0,22.0,12.8,14.1,46.6,8.9
36081,Queens County,36081116302,3985,0.8635,42.6,10.0,45.0,42.3,9.5,24.0,21.5,17.8,41.1,13.7
36081,Queens County,36081116700,1737,0.8362,29.7,5.6,52.8,30.5,18.5,10.9,25.5,20.2,35.0,19.7
36081,Queens County,36081117100,2472,0.8333,21.7,8.2,38.2,16.6,15.1,18.5,12.7,2.3,26.9,7.6
36081,Queens County,36081117500,4518,0.6786,14.8,11.5,32.8,14.0,6.0,17.8,20.2,2.3,25.2,7.7
36081,Queens County,36081118100,1959,0.4965,21.4,1.7,31.4,13.2,9.9,20.2,14.2,11.0,21.4,6.2
36081,Queens County,36081118500,1964,0.75,28.0,13.2,51.8,29.0,12.0,17.3,10.2,10.5,38.6,16.8
36081,Queens County,36081118700,2480,0.8901,20.8,8.5,39.8,25.8,10.0,26.0,15.5,25.5,33.8,20.2
36081,Queens County,36081118900,1788,0.5501,14.1,6.6,58.8,12.5,14.7,23.7,7.8,1.3,38.8,14.9
36081,Queens County,36081119100,2961,0.8006,26.9,8.0,59.2,25.3,14.1,18.7,14.7,6.3,18.5,8.3
36081,Queens County,36081119300,2076,0.643,21.5,0.0,48.1,17.8,10.5,33.3,13.4,5.8,21.2,11.0
36081,Queens County,36081119500,1334,0.5659,15.8,7.1,25.6,20.6,16.7,16.9,14.8,6.3,5.3,4.1
36081,Queens County,36081119900,1533,0.7229,35.9,12.5,33.9,25.9,9.2,28.2,17.9,6.5,4.3,0.2
36081,Queens County,36081120100,1430,0.6949,19.2,4.9,51.2,29.1,22.7,18.3,12.4,8.2,29.8,16.9
36081,Queens County,36081120300,1671,0.7016,36.7,5.4,34.0,26.9,6.3,17.7,17.1,6.4,37.6,26.0
36081,Queens County,36081120500,2757,0.9213,35.7,4.4,48.1,19.6,8.7,34.7,22.8,21.4,61.2,45.3
36081,Queens County,36081120701,3077,0.6081,12.9,5.9,26.0,11.2,7.1,20.3,15.4,9.3,10.8,4.7
36081,Queens County,36081120702,0,,,,,,,,,,,
36081,Queens County,36081121100,0,,,,,,,,,,,
36081,Queens County,36081121500,4412,0.5837,18.2,6.3,32.8,23.6,9.9,14.4,25.7,8.0,16.7,4.4
36081,Queens County,36081122300,3417,0.4486,11.2,6.3,23.6,19.1,3.9,19.5,17.3,4.9,8.2,3.5
36081,Queens County,36081122702,6813,0.9219,53.6,4.6,54.0,27.2,7.8,19.7,23.1,5.8,62.6,21.6
36081,Queens County,36081122703,8202,0.7523,12.9,15.2,29.9,8.7,5.4,10.8,28.8,2.6,12.5,2.3
36081,Queens County,36081122704,4704,0.4942,13.4,6.8,21.8,15.3,2.6,17.9,16.3,1.4,37.0,13.8
36081,Queens County,36081124100,3938,0.5223,17.3,6.9,17.1,13.9,8.2,22.4,13.8,2.3,22.9,7.4
36081,Queens County,36081124700,3667,0.4628,12.7,1.2,34.4,10.8,4.1,16.9,27.8,4.6,11.0,1.0
36081,Queens County,36081125700,3211,0.7938,18.5,5.4,36.3,20.4,8.1,18.1,16.1,6.3,19.7,13.9
36081,Queens County,36081126500,2000,0.4328,8.4,2.9,17.8,7.1,7.9,21.8,13.8,8.2,18.8,7.2
36081,Queens County,36081126700,4604,0.4509,27.3,18.4,33.2,9.5,3.7,8.8,13.2,2.2,5.6,6.3
36081,Queens County,36081127700,3198,0.2692,4.4,3.1,23.1,5.4,2.8,23.4,15.2,0.0,4.1,2.4
36081,Queens County,36081128300,0,,,,,,,,,,,
36081,Queens County,36081129102,3842,0.4311,7.4,4.8,21.7,6.8,6.6,21.4,29.4,4.4,1.7,2.6
36081,Queens County,36081129103,4444,0.4218,13.5,5.3,24.2,9.9,2.0,19.3,24.1,1.1,21.7,7.4
36081,Queens County,36081129104,4387,0.5075,8.0,5.2,27.1,13.0,6.2,22.9,17.1,1.2,9.4,10.7
36081,Queens County,36081130100,3898,0.4925,13.6,5.5,28.0,12.7,0.6,36.1,13.3,1.4,22.0,5.8
36081,Queens County,36081133300,3982,0.3509,17.6,4.7,19.0,7.1,5.9,21.4,17.8,0.9,4.9,1.1
36081,Queens County,36081133900,1338,0.453,11.1,4.0,22.7,6.0,9.9,23.4,29.1,0.5,10.3,1.4
36081,Queens County,36081134100,3658,0.6111,14.3,1.6,26.2,13.3,5.6,18.2,19.6,10.0,5.5,1.9
36081,Queens County,36081134701,5402,0.7086,21.0,2.5,39.6,12.9,4.7,17.4,22.4,11.0,22.5,3.3
36081,Queens County,36081134702,4923,0.5778,14.0,5.2,34.9,7.7,3.9,13.3,25.5,12.7,15.5,5.0
36081,Queens County,36081136700,6422,0.4267,11.5,2.3,16.0,13.4,0.9,26.1,16.5,4.9,16.8,15.4
36081,Queens County,36081137700,7800,0.4969,15.4,5.0,21.1,9.7,11.5,13.7,25.4,0.8,12.0,9.4
36081,Queens County,36081138501,4353,0.4674,12.3,5.5,36.1,10.3,5.1,14.3,25.6,10.7,6.1,3.1
36081,Queens County,36081138502,109,,48.5,60.0,,7.5,0.9,29.4,0.0,,,
36081,Queens County,36081139900,1568,0.6223,10.3,7.4,16.9,12.1,6.4,19.2,17.2,1.1,8.2,7.7
36081,Queens County,36081140300,2571,0.6109,20.0,2.9,34.4,19.5,10.9,22.5,18.9,4.4,11.3,9.1
36081,Queens County,36081140901,1155,0.3963,4.3,0.0,17.2,19.7,11.9,19.7,21.3,1.3,10.1,0.0
36081,Queens County,36081140902,2464,0.6314,18.3,8.8,24.8,20.6,4.1,22.8,19.8,2.1,7.3,4.4
36081,Queens County,36081141700,4877,0.559,29.8,5.8,34.5,17.2,3.0,20.1,18.4,3.8,9.1,8.2
36081,Queens County,36081142900,4090,0.4792,14.0,6.1,38.5,28.8,5.9,19.1,18.9,2.9,15.0,17.6
36081,Queens County,36081143500,2380,0.3064,9.9,6.1,14.6,12.4,1.8,19.7,17.8,4.2,8.8,7.1
36081,Queens County,36081144100,2892,0.3093,16.6,4.5,23.6,14.1,4.3,20.1,9.7,0.0,9.7,1.2
36081,Queens County,36081144700,3605,0.7928,18.6,5.5,27.1,20.3,12.1,12.8,22.5,7.1,21.7,8.8
36081,Queens County,36081145101,1178,0.8179,19.2,4.1,31.0,27.6,6.5,21.8,17.7,4.4,18.2,14.3
36081,Queens County,36081145102,2676,0.6546,24.9,0.9,38.7,26.7,4.2,31.2,16.4,6.6,21.4,11.7
36081,Queens County,36081145900,2773,0.395,17.5,3.4,30.8,18.2,8.7,19.9,15.5,4.3,9.5,9.8
36081,Queens County,36081146300,2886,0.8614,10.5,5.8,21.6,20.3,12.0,26.6,23.0,7.5,14.4,0.0
36081,Queens County,36081146700,2835,0.3543,12.0,1.8,22.9,5.1,2.1,19.3,10.0,6.9,12.3,6.1
36081,Queens County,36081147100,3242,0.4703,18.5,8.7,29.3,9.4,4.7,24.5,11.3,0.0,10.8,19.2
36081,Queens County,36081147900,4342,0.6202,14.2,7.7,23.0,10.3,7.6,15.2,18.4,2.5,21.1,1.8
36081,Queens County,36081148300,3023,0.4385,13.7,3.5,25.3,12.4,3.1,30.6,25.3,2.6,10.5,6.3
36081,Queens County,36081150701,3173,0.3648,9.4,10.3,14.4,5.6,2.1,22.1,22.0,1.5,9.3,5.5
36081,Queens County,36081150702,3018,0.5199,8.4,3.1,16.3,17.5,1.4,31.7,14.8,2.6,13.7,6.0
36081,Queens County,36081152901,5891,0.376,16.7,4.2,26.3,7.4,5.4,24.9,14.1,0.0,13.6,10.2
36081,Queens County,36081152902,6235,0.1545,6.8,5.7,13.0,6.0,2.0,29.7,13.0,1.5,1.7,10.0
36081,Queens County,36081155101,2175,0.0521,9.0,0.0,20.4,2.0,0.0,91.0,0.0,0.0,26.1,16.1
36081,Queens County,36081155103,4522,0.4704,7.4,6.8,21.7,3.3,1.9,21.7,15.9,0.5,13.5,4.8
36081,Queens County,36081155104,3641,0.5594,12.7,2.2,16.7,10.1,2.5,31.3,16.5,9.1,20.1,7.1
36081,Queens County,36081156700,1731,0.8837,52.7,13.2,51.2,31.4,12.7,20.3,9.2,0.0,27.0,7.1
36081,Queens County,36081157101,8501,0.4914,11.9,3.8,19.7,8.7,7.4,29.9,16.5,5.7,11.7,12.0
36081,Queens County,36081157102,2105,0.2952,9.1,3.7,11.9,16.0,4.0,22.9,22.0,10.2,8.2,6.9
36081,Queens County,36081157901,5523,0.3817,21.6,4.5,23.9,15.6,1.9,27.4,11.9,2.4,5.9,10.7
36081,Queens County,36081157902,4082,0.6683,12.3,6.4,23.1,19.5,2.7,32.8,21.8,7.5,10.0,5.7
36081,Queens County,36081157903,4166,0.4336,4.8,0.6,18.6,20.3,3.5,20.8,21.0,5.8,5.1,2.1
36081,Queens County,36081161700,4917,0.3083,8.3,6.7,15.6,12.1,1.6,13.9,22.8,6.6,8.6,3.8
36081,Queens County,36081162100,6377,0.6531,13.2,6.5,24.5,20.2,6.7,18.8,16.4,8.2,7.7,9.7
36083,Rensselaer County,36083040100,4228,0.8221,49.5,10.6,36.9,13.3,4.6,13.6,25.0,1.5,24.6,17.2
36083,Rensselaer County,36083040200,4659,0.8228,46.1,13.5,46.7,18.1,4.9,11.8,28.6,3.5,31.6,11.5
36083,Rensselaer County,36083040300,3327,0.5322,19.4,5.4,32.8,11.7,10.3,10.4,19.8,0.0,18.8,8.4
36083,Rensselaer County,36083040400,2337,0.9367,51.2,27.9,59.9,36.6,10.7,11.9,25.7,1.4,39.0,12.7
36083,Rensselaer County,36083040500,2025,0.8354,54.5,25.5,52.0,11.7,5.2,9.2,29.0,0.7,30.2,5.9
36083,Rensselaer County,36083040600,2196,0.4313,42.1,7.2,40.0,8.6,3.3,4.9,6.4,1.2,14.6,6.9
36083,Rensselaer County,36083040701,4095,0.8004,40.7,9.0,39.9,11.5,4.8,12.2,6.6,2.6,24.8,21.9
36083,Rensselaer County,36083040702,1403,0.4227,38.1,5.6,42.3,10.3,0.8,7.8,18.5,0.0,21.8,2.6
36083,Rensselaer County,36083040800,1857,0.3708,19.9,10.9,31.8,4.9,2.2,12.9,4.3,0.0,14.1,9.0
36083,Rensselaer County,36083040900,2888,0.6463,33.1,15.0,44.1,13.8,1.2,14.9,14.1,2.1,29.7,13.6
36083,Rensselaer County,36083041000,4117,0.7407,25.9,6.3,31.0,18.3,2.4,10.8,23.1,3.3,17.7,15.0
36083,Rensselaer County,36083041101,2999,0.1194,11.2,5.3,12.7,2.7,3.0,19.3,10.6,0.0,3.4,10.0
36083,Rensselaer County,36083041102,2487,0.7622,47.8,10.1,37.8,9.9,5.2,8.7,24.6,0.0,31.3,1.1
36083,Rensselaer County,36083041200,3599,0.0888,21.0,6.1,17.7,7.0,3.6,15.0,12.5,0.0,0.0,2.7
36083,Rensselaer County,36083041300,5043,0.5404,32.9,8.5,36.6,11.8,2.3,12.3,12.8,0.0,19.7,19.1
36083,Rensselaer County,36083041400,4008,0.3553,15.6,2.3,36.7,6.1,0.6,28.6,10.8,2.4,16.8,18.9
36083,Rensselaer County,36083051500,2684,0.6012,35.7,2.1,28.3,13.8,4.8,9.1,24.4,2.0,18.7,15.6
36083,Rensselaer County,36083051601,2719,0.7443,31.1,4.2,29.7,15.6,1.9,15.6,22.7,1.4,26.8,13.1
36083,Rensselaer County,36083051602,3849,0.145,9.5,2.1,18.8,6.0,4.3,23.4,13.7,0.9,7.1,5.0
36083,Rensselaer County,36083051701,3488,0.1834,19.3,0.5,12.0,5.1,2.5,18.9,21.3,0.7,4.2,12.7
36083,Rensselaer County,36083051702,3225,0.7236,19.2,1.2,22.1,10.1,3.5,25.2,24.7,7.8,17.9,20.9
36083,Rensselaer County,36083051800,5540,0.1886,15.8,5.2,11.6,8.0,3.2,17.9,24.7,1.9,0.7,10.9
36083,Rensselaer County,36083051901,4553,0.0253,7.3,1.8,10.8,4.3,1.7,17.3,18.7,0.0,3.4,8.3
36083,Rensselaer County,36083051902,2861,0.0741,9.0,2.4,16.5,5.6,0.7,23.4,15.7,0.0,3.0,6.1
36083,Rensselaer County,36083052002,2221,0.1616,9.2,5.2,12.7,5.2,3.2,16.5,26.8,0.9,1.5,3.3
36083,Rensselaer County,36083052003,3874,0.2226,8.7,3.6,14.8,5.8,0.5,22.4,14.0,1.0,5.3,9.5
36083,Rensselaer County,36083052004,6447,0.2444,8.3,2.8,17.5,4.1,2.4,16.6,19.3,1.4,4.1,6.2
36083,Rensselaer County,36083052101,1914,0.0966,15.4,1.8,18.7,6.9,1.0,22.3,19.1,1.4,0.6,14.1
36083,Rensselaer County,36083052102,1325,0.2144,12.7,3.3,17.6,10.5,2.0,18.8,16.5,2.6,8.8,9.5
36083,Rensselaer County,36083052103,2030,0.2783,14.7,2.0,16.9,14.7,1.3,17.6,21.2,0.0,5.7,8.8
36083,Rensselaer County,36083052201,4330,0.1766,5.5,2.0,13.1,4.4,3.0,16.1,23.9,1.7,2.1,7.4
36083,Rensselaer County,36083052203,6069,0.1971,6.7,3.8,11.0,4.7,1.8,25.2,20.8,2.2,0.5,3.1
36083,Rensselaer County,36083052204,2291,0.1849,16.0,2.3,12.9,4.6,0.0,17.6,26.1,2.0,0.9,1.1
36083,Rensselaer County,36083052301,5493,0.1097,2.7,3.0,16.9,2.8,4.4,15.1,20.8,0.8,4.6,4.7
36083,Rensselaer County,36083052303,1179,0.092,13.0,7.2,19.4,2.0,3.9,15.1,17.8,0.0,0.8,3.1
36083,Rensselaer County,36083052305,2584,0.2372,15.2,3.4,21.9,2.2,5.5,20.2,18.6,2.6,2.5,8.5
36083,Rensselaer County,36083052306,4007,0.2762,8.2,4.0,20.7,5.9,1.1,29.9,19.2,0.0,3.6,7.7
36083,Rensselaer County,36083052402,2563,0.1302,5.1,4.6,14.5,8.3,0.6,25.0,23.2,0.0,2.7,9.3
36083,Rensselaer County,36083052405,2737,0.0338,5.2,2.2,16.0,2.3,3.4,14.3,11.9,0.0,8.7,11.7
36083,Rensselaer County,36083052406,4004,0.2036,8.7,4.2,15.3,3.4,4.5,22.7,14.5,2.9,5.4,13.2
36083,Rensselaer County,36083052407,5077,0.0793,3.1,1.1,17.2,6.1,1.8,16.4,21.5,0.7,4.2,9.4
36083,Rensselaer County,36083052408,2299,0.0669,8.7,4.7,18.2,2.1,3.3,18.7,14.6,0.0,4.8,9.4
36083,Rensselaer County,36083052501,5670,0.1505,2.6,4.2,10.1,4.0,1.4,20.9,20.0,2.0,0.7,5.8
36083,Rensselaer County,36083052502,5730,0.088,4.5,0.9,19.8,4.5,0.6,22.5,20.4,0.0,3.8,13.6
36083,Rensselaer County,36083052503,1480,0.6121,20.7,22.1,37.9,8.1,11.0,17.4,19.3,1.0,9.3,4.5
36083,Rensselaer County,36083052601,3462,0.0336,4.7,1.6,14.6,4.2,2.8,19.8,20.0,0.0,2.4,7.5
36083,Rensselaer County,36083052602,1169,0.1772,11.4,11.4,26.4,5.9,3.2,16.3,19.2,0.0,7.9,9.8
36083,Rensselaer County,36083052603,2801,0.2923,15.8,20.3,12.0,7.6,8.4,18.4,16.1,2.8,0.8,11.9
36085,Richmond County,36085000300,2155,0.7308,32.1,4.9,41.4,7.9,7.8,15.9,10.8,13.3,31.9,11.3
36085,Richmond County,36085000600,2698,0.9221,27.4,11.6,37.7,18.9,7.5,33.4,11.5,5.5,46.4,15.4
36085,Richmond County,36085000700,4583,0.9109,38.7,9.0,41.7,18.3,5.9,16.5,19.6,6.4,39.6,18.8
36085,Richmond County,36085000800,5402,0.4252,11.7,5.8,27.1,11.7,2.2,13.4,21.7,5.5,8.6,5.4
36085,Richmond County,36085000900,1910,0.5773,17.3,7.2,44.8,12.1,4.1,11.1,18.6,8.8,28.1,19.5
36085,Richmond County,36085001100,3885,0.9023,37.0,13.9,43.1,24.8,6.6,8.2,23.8,12.0,36.1,8.3
36085,Richmond County,36085001700,1657,0.6552,26.7,7.8,39.7,10.6,8.7,14.1,17.8,1.5,24.4,10.5
36085,Richmond County,36085001800,595,0.0891,4.0,5.5,12.4,1.7,2.8,0.0,37.3,0.0,0.0,0.0
36085,Richmond County,36085002001,2796,0.4549,8.3,12.7,23.2,8.3,2.9,30.6,6.7,2.6,25.7,16.9
36085,Richmond County,36085002002,3058,0.4758,11.9,5.2,28.8,14.5,6.1,21.2,15.6,1.6,15.0,13.5
36085,Richmond County,36085002100,4786,0.9137,35.6,3.1,45.7,13.8,9.1,11.2,22.6,16.4,36.7,18.7
36085,Richmond County,36085002700,1786,0.9283,63.2,3.2,74.8,32.7,12.4,22.5,21.6,38.6,27.1,37.3
36085,Richmond County,36085002900,5550,0.8291,34.8,6.7,27.5,30.5,4.0,10.2,25.0,8.5,55.1,27.5
36085,Richmond County,36085003300,4054,0.6092,15.8,9.5,28.8,8.7,5.6,14.8,27.9,5.6,18.7,14.7
36085,Richmond County,36085003600,3074,0.7896,27.2,10.2,36.5,16.1,6.6,9.1,29.3,12.7,12.0,12.4
36085,Richmond County,36085003900,2357,0.4948,12.3,5.5,35.2,6.6,0.4,14.5,16.3,9.2,20.8,19.5
36085,Richmond County,36085004001,3445,0.7212,17.6,11.0,34.6,6.6,16.3,16.5,14.6,4.2,11.1,15.1
36085,Richmond County,36085004002,2521,0.177,6.9,7.5,29.3,8.6,0.6,10.2,17.8,0.3,4.6,2.1
36085,Richmond County,36085004003,3215,0.796,53.3,12.2,39.4,25.5,0.0,8.9,25.6,2.9,61.2,25.5
36085,Richmond County,36085004004,3999,0.6721,17.7,0.4,41.3,34.8,6.6,8.4,17.8,13.6,10.5,24.9
36085,Richmond County,36085004700,2910,0.712,17.4,2.4,30.4,6.6,3.6,14.9,12.2,13.7,13.8,12.1
36085,Richmond County,36085005000,4556,0.7164,17.0,6.5,28.2,12.2,5.5,15.1,24.7,12.4,14.8,7.0
36085,Richmond County,36085005901,3177,0.3471,12.0,11.9,26.8,3.4,0.4,13.4,16.9,4.7,17.9,3.1
36085,Richmond County,36085005902,0,,,,,,,,,,,
36085,Richmond County,36085006400,3210,0.7348,22.1,3.8,41.8,16.8,2.1,20.9,16.4,2.8,24.7,11.7
36085,Richmond County,36085006700,2966,0.2728,8.3,0.8,19.3,0.6,3.3,17.5,14.2,2.1,6.7,1.8
36085,Richmond County,36085007001,2872,0.341,10.4,3.8,39.3,15.8,0.8,22.0,15.3,2.9,10.1,3.4
36085,Richmond County,36085007002,5964,0.6733,15.2,4.3,26.8,18.5,2.8,17.6,20.6,3.6,15.6,7.4
36085,Richmond County,36085007400,4966,0.7428,25.6,5.7,38.1,15.5,4.2,18.0,19.4,11.9,27.4,15.8
36085,Richmond County,36085007500,4032,0.5151,16.0,1.4,25.5,13.0,2.9,16.0,23.7,14.9,12.7,7.3
36085,Richmond County,36085007700,1969,0.6345,16.5,5.7,28.2,13.2,7.8,11.2,30.3,16.8,20.5,21.6
36085,Richmond County,36085008100,4638,0.9424,25.7,8.0,33.1,21.5,9.8,23.8,18.2,9.6,37.9,26.8
36085,Richmond County,36085009601,4594,0.5489,12.4,6.9,14.3,11.6,2.2,25.1,19.1,8.1,14.5,14.7
36085,Richmond County,36085009602,3376,0.4837,4.9,2.8,27.6,10.7,5.8,13.9,16.4,3.8,13.2,20.6
36085,Richmond County,36085009701,4312,0.353,4.6,2.9,24.5,11.1,1.8,11.2,32.3,4.5,24.3,11.6
36085,Richmond County,36085009702,42,0.0006,0.0,0.0,17.4,0.0,0.0,45.2,0.0,0.0,17.4,0.0
36085,Richmond County,36085010500,5276,0.7166,25.6,4.7,35.3,10.9,3.2,13.5,28.8,5.3,24.2,15.8
36085,Richmond County,36085011201,5725,0.5149,8.1,9.1,20.7,18.7,7.7,16.3,19.3,3.6,11.2,9.0
36085,Richmond County,36085011203,6590,0.6968,23.7,2.5,38.3,19.1,9.5,15.7,22.2,7.7,17.8,16.1
36085,Richmond County,36085011204,101,0.05,0.0,0.0,0.0,0.0,0.0,0.0,33.7,0.0,44.8,0.0
36085,Richmond County,36085011401,3484,0.7681,27.4,6.3,30.2,13.7,4.0,15.2,24.5,2.4,30.3,3.5
36085,Richmond County,36085011402,3407,0.552,8.9,5.2,17.6,18.9,4.1,20.2,20.5,3.2,16.0,22.2
36085,Richmond County,36085012100,3140,0.008,3.6,2.0,8.9,3.3,1.8,18.2,20.1,0.0,8.4,5.8
36085,Richmond County,36085012200,4335,0.414,7.9,4.7,17.9,8.4,2.7,14.7,34.9,1.6,9.8,8.9
36085,Richmond County,36085012500,3100,0.4279,13.4,1.6,22.3,16.4,7.7,10.3,20.1,2.9,18.2,13.1
36085,Richmond County,36085012804,4793,0.4047,10.7,1.5,25.3,19.2,4.5,10.7,20.2,6.1,26.4,8.1
36085,Richmond County,36085012805,2348,0.2701,18.7,3.8,27.6,9.8,4.1,12.5,18.1,2.1,2.0,9.8
36085,Richmond County,36085012806,5587,0.6782,25.9,2.6,44.3,11.6,4.7,18.7,18.1,7.9,31.0,19.9
36085,Richmond County,36085013201,1448,0.2304,8.3,4.9,18.4,5.7,3.8,23.5,18.4,4.8,5.4,2.4
36085,Richmond County,36085013203,6988,0.4001,8.9,5.6,24.8,7.9,3.6,17.7,19.8,5.7,7.5,7.6
36085,Richmond County,36085013204,5000,0.3803,16.7,5.4,29.7,11.2,2.3,19.5,22.0,1.5,7.5,4.9
36085,Richmond County,36085013301,1036,0.9247,54.5,13.4,35.5,35.3,5.3,18.0,23.6,1.8,88.2,55.3
36085,Richmond County,36085013302,3654,0.7869,38.1,6.3,36.6,27.8,11.1,5.3,30.1,9.4,21.8,18.9
36085,Richmond County,36085013400,3701,0.652,29.5,10.1,32.3,10.6,0.9,20.8,24.3,4.6,7.8,13.4
36085,Richmond County,36085013800,6281,0.2669,10.3,10.7,15.7,3.4,4.1,27.8,16.4,3.7,9.3,8.5
36085,Richmond County,36085014100,2640,0.7512,31.0,11.1,43.0,13.2,2.8,16.9,23.3,8.5,13.2,20.3
36085,Richmond County,36085014604,6999,0.2066,10.5,3.3,20.5,6.5,1.2,22.8,24.6,3.9,10.1,8.7
36085,Richmond County,36085014605,3819,0.3104,14.5,10.7,22.9,2.8,7.1,19.0,15.2,0.7,7.9,6.4
36085,Richmond County,36085014606,6110,0.1798,8.7,10.8,26.7,6.4,2.9,14.0,15.6,3.1,6.0,9.3
36085,Richmond County,36085014607,4926,0.2108,12.6,2.7,23.7,3.5,1.6,15.2,23.0,8.1,8.5,8.6
36085,Richmond County,36085014608,3236,0.114,9.0,4.1,21.4,5.3,1.9,25.7,19.0,0.0,16.3,17.3
36085,Richmond County,36085014700,3447,0.2621,5.7,1.4,17.1,3.9,2.4,34.1,12.4,1.8,17.7,13.1
36085,Richmond County,36085015100,5660,0.3929,22.4,6.1,24.1,10.1,1.3,12.4,22.8,3.0,8.7,7.8
36085,Richmond County,36085015400,0,,,,,,,,,,,
36085,Richmond County,36085015601,6594,0.0967,8.4,3.7,22.8,5.3,0.2,15.7,15.6,11.4,6.2,3.8
36085,Richmond County,36085015602,3581,0.1568,10.2,6.7,15.3,4.0,3.2,18.7,22.7,0.5,7.6,11.2
36085,Richmond County,36085015603,4657,0.1925,12.3,5.0,20.4,7.0,3.0,15.8,19.3,5.0,6.5,6.2
36085,Richmond County,36085016901,3986,0.4186,11.9,6.5,13.2,23.5,5.2,12.2,27.2,5.8,7.0,5.4
36085,Richmond County,36085017005,4809,0.1779,6.3,2.3,18.9,8.9,2.2,16.9,23.7,1.4,13.0,14.4
36085,Richmond County,36085017007,6466,0.3182,9.4,2.6,28.9,5.1,3.4,8.8,30.5,2.4,3.4,10.1
36085,Richmond County,36085017009,5028,0.2182,6.8,2.1,24.7,9.7,1.6,20.7,25.1,0.0,5.0,4.4
36085,Richmond County,36085017011,4801,0.2338,13.5,2.6,20.2,8.3,3.4,16.7,20.1,3.7,7.1,11.3
36085,Richmond County,36085017012,4640,0.1785,8.2,3.8,23.9,7.8,0.8,23.2,18.3,7.8,7.9,16.7
36085,Richmond County,36085017013,4468,0.1954,18.5,3.4,32.1,13.3,3.1,21.4,19.0,0.5,5.9,28.3
36085,Richmond County,36085017014,4159,0.1842,10.2,4.8,27.7,6.9,3.2,17.6,20.8,0.0,6.8,8.6
36085,Richmond County,36085017015,2812,0.0298,9.9,0.0,19.4,4.9,0.0,17.9,21.9,5.1,6.6,1.3
36085,Richmond County,36085017016,4732,0.0599,10.7,9.5,14.8,2.2,3.1,14.9,17.3,0.0,4.5,11.8
36085,Richmond County,36085017300,2370,0.8679,32.5,7.9,41.2,21.5,3.0,20.0,21.0,4.2,36.6,13.4
36085,Richmond County,36085017600,4954,0.0694,4.7,4.7,15.3,6.7,2.0,14.7,23.5,0.5,6.9,5.7
36085,Richmond County,36085017701,4220,0.3292,7.3,0.9,12.0,8.3,0.1,19.0,27.7,3.0,13.6,11.7
36085,Richmond County,36085017702,2381,0.1433,12.0,7.1,14.7,2.7,6.9,27.8,18.5,2.3,9.9,7.6
36085,Richmond County,36085018100,3538,0.6746,16.9,6.8,30.7,6.6,6.7,35.4,16.1,1.5,21.5,9.2
36085,Richmond County,36085018701,1939,0.344,10.8,3.8,18.7,5.7,2.4,7.8,24.8,1.8,8.4,3.9
36085,Richmond County,36085018703,4406,0.5102,9.4,3.3,16.6,7.5,2.8,22.6,29.7,13.3,18.2,19.7
36085,Richmond County,36085018704,3768,0.361,13.3,1.3,19.9,12.2,1.0,21.7,14.8,9.2,10.1,11.4
36085,Richmond County,36085018901,5211,0.1737,2.3,2.6,10.3,6.1,2.2,19.7,19.6,1.0,10.0,6.4
36085,Richmond County,36085018902,6301,0.4043,24.5,12.8,27.8,4.1,0.5,17.2,30.6,13.2,4.0,5.0
36085,Richmond County,36085019700,2010,0.2083,11.2,2.4,24.9,7.5,3.3,15.2,21.6,4.5,4.5,12.4
36085,Richmond County,36085019800,7482,0.1477,13.1,0.6,34.7,4.2,1.1,13.5,18.3,0.0,3.8,6.7
36085,Richmond County,36085020100,3806,0.3475,14.7,3.4,29.7,9.0,6.4,7.5,28.0,6.6,11.4,10.8
36085,Richmond County,36085020701,3328,0.6408,20.2,3.1,43.4,18.5,0.0,6.0,20.6,15.6,28.7,20.5
36085,Richmond County,36085020702,2470,0.8474,46.4,13.9,43.6,21.4,21.5,13.4,19.6,4.1,47.0,13.7
36085,Richmond County,36085020803,7995,0.3032,14.6,6.2,25.7,6.3,1.6,17.3,29.9,5.4,3.9,11.0
36085,Richmond County,36085020804,5574,0.1941,10.7,6.0,28.7,4.6,1.6,21.9,21.7,0.6,4.4,14.6
36085,Richmond County,36085020805,6093,0.2013,9.0,5.6,29.2,9.2,1.9,21.5,19.4,1.0,7.5,7.4
36085,Richmond County,36085020806,2829,0.1494,23.4,3.6,29.7,6.2,0.4,4.4,22.4,2.8,3.7,14.8
36085,Richmond County,36085021300,5308,0.7979,28.1,12.6,31.9,10.5,8.6,9.7,26.8,8.0,20.3,5.4
36085,Richmond County,36085022300,2739,0.7995,28.6,16.0,29.6,9.8,6.8,21.2,23.2,9.7,17.6,14.5
36085,Richmond County,36085022601,6914,0.2785,13.0,2.7,29.6,10.5,1.5,13.4,26.2,7.3,8.7,3.4
36085,Richmond County,36085022602,1471,0.5516,27.2,5.8,68.4,25.2,4.4,18.6,11.4,0.0,11.2,5.0
36085,Richmond County,36085022801,23,0.0363,0.0,0.0,44.4,0.0,0.0,0.0,0.0,0.0,55.6,0.0
36085,Richmond County,36085022802,0,,,,,,,,,,,
36085,Richmond County,36085023100,4978,0.7525,17.5,10.0,33.4,17.8,8.5,9.4,22.4,11.7,13.5,12.7
36085,Richmond County,36085023900,3714,0.7248,27.0,6.0,26.5,23.2,6.9,13.2,25.6,10.3,26.9,12.1
36085,Richmond County,36085024401,5145,0.0956,5.4,0.5,25.5,9.0,1.0,16.9,23.4,0.8,11.0,9.9
36085,Richmond County,36085024402,5000,0.1488,6.0,1.7,14.1,8.1,3.0,19.2,18.7,1.3,4.4,11.5
36085,Richmond County,36085024700,2802,0.6043,15.0,5.2,27.1,9.2,5.1,10.2,29.7,5.0,19.8,15.0
36085,Richmond County,36085024800,5058,0.1542,17.3,0.8,18.9,6.1,3.3,11.6,24.6,2.9,3.2,7.9
36085,Richmond County,36085025100,6526,0.1745,5.3,5.2,19.9,9.3,4.7,14.2,20.5,1.2,6.4,4.4
36085,Richmond County,36085027301,4223,0.4066,13.0,2.0,23.1,6.5,3.2,20.6,15.8,5.8,4.5,5.9
36085,Richmond County,36085027302,4531,0.4045,22.6,2.1,35.4,9.7,2.9,14.4,39.3,11.8,6.8,17.0
36085,Richmond County,36085027702,6473,0.5672,22.7,7.2,40.6,6.8,4.7,18.1,18.6,1.9,15.1,8.7
36085,Richmond County,36085027704,4623,0.6888,14.4,8.7,26.6,20.6,10.4,20.3,22.3,4.9,12.5,8.6
36085,Richmond County,36085027705,6265,0.4233,22.3,3.9,33.0,14.2,5.0,18.0,20.7,12.4,5.0,6.8
36085,Richmond County,36085027706,3336,0.3298,26.4,1.6,39.4,8.2,0.4,16.5,19.0,14.5,14.3,20.6
36085,Richmond County,36085027900,2204,0.5202,12.7,9.1,28.3,6.8,0.5,38.5,21.8,0.6,5.1,6.2
36085,Richmond County,36085029102,3114,0.1228,14.6,1.4,15.2,14.0,3.4,10.3,22.6,0.0,6.4,8.7
36085,Richmond County,36085029104,6875,0.4885,13.9,5.6,26.1,12.9,6.1,24.0,14.7,1.4,9.4,8.4
36085,Richmond County,36085029105,4666,0.2982,9.6,3.1,23.9,8.4,3.0,15.3,21.3,5.2,6.3,8.6
36085,Richmond County,36085029106,3439,0.3165,12.2,9.7,28.3,7.9,2.0,15.7,22.8,3.8,7.1,15.6
36085,Richmond County,36085030301,5915,0.2511,10.9,3.5,21.7,10.1,6.0,17.2,16.0,1.3,6.7,11.5
36085,Richmond County,36085030302,6374,0.475,15.6,6.7,24.7,8.3,4.0,14.0,17.6,5.4,8.2,3.9
36085,Richmond County,36085031901,3674,0.8816,45.0,13.9,36.4,46.1,3.8,9.5,23.4,11.4,66.7,25.5
36085,Richmond County,36085031902,5053,0.7723,30.6,2.4,28.5,20.4,3.3,8.4,32.6,3.7,33.2,18.4
36085,Richmond County,36085032300,1133,0.5288,7.0,1.8,31.1,8.8,3.1,13.4,28.7,2.4,28.5,21.4
36087,Rockland County,36087010101,5583,0.3496,7.0,7.8,22.5,6.6,3.8,17.8,16.5,4.7,5.9,6.7
36087,Rockland County,36087010102,5175,0.5488,8.4,6.3,25.1,6.9,2.9,16.2,23.7,2.9,6.7,8.0
36087,Rockland County,36087010200,4033,0.4366,7.4,5.6,23.6,11.3,1.1,22.8,18.0,0.8,4.8,9.7
36087,Rockland County,36087010501,4557,0.1629,4.5,1.1,18.4,5.5,3.9,20.7,20.8,1.6,3.0,3.3
36087,Rockland County,36087010503,3531,0.3134,3.2,5.2,8.7,9.1,3.8,18.4,28.3,3.5,1.0,3.6
36087,Rockland County,36087010504,7730,0.6799,19.7,6.9,31.9,10.9,3.0,15.3,22.0,0.7,4.7,11.0
36087,Rockland County,36087010601,3815,0.4505,12.4,6.4,17.8,9.8,1.8,12.5,25.8,0.7,5.5,6.0
36087,Rockland County,36087010602,6952,0.7864,28.4,6.3,38.1,13.1,3.1,16.6,23.7,6.4,19.2,12.2
36087,Rockland County,36087010701,5368,0.8048,17.8,4.5,31.0,18.6,3.0,14.8,24.7,15.6,13.1,10.4
36087,Rockland County,36087010702,3568,0.9086,32.6,13.7,47.3,33.2,6.6,9.0,23.9,10.7,33.5,11.2
36087,Rockland County,36087010703,3350,0.8086,27.7,9.0,43.2,11.5,2.7,17.5,24.8,14.1,25.0,8.1
36087,Rockland County,36087010801,4556,0.1562,7.0,3.3,14.1,3.3,5.3,18.7,24.7,0.4,1.2,1.4
36087,Rockland County,36087010802,5996,0.1315,3.8,13.3,8.3,9.4,4.4,19.8,20.3,0.0,0.0,2.5
36087,Rockland County,36087010803,4655,0.5334,11.0,7.4,28.0,6.7,0.9,27.7,21.3,1.5,9.6,8.2
36087,Rockland County,36087010804,4025,0.2864,8.4,6.3,16.9,4.7,3.5,22.7,21.3,0.0,2.7,3.6
36087,Rockland County,36087010901,4697,0.1053,7.9,5.3,16.2,4.5,2.0,19.3,21.0,2.2,2.7,6.4
36087,Rockland County,36087010902,3682,0.283,7.3,4.6,26.8,7.8,2.2,15.5,23.2,2.0,2.1,4.5
36087,Rockland County,36087011000,2142,0.1578,11.2,6.3,21.7,3.7,1.1,21.3,22.3,0.0,1.8,9.5
36087,Rockland County,36087011101,5432,0.1593,17.4,9.9,17.3,4.1,2.5,26.3,13.2,0.0,1.0,3.8
36087,Rockland County,36087011102,5862,0.3245,7.2,4.7,20.6,7.2,2.5,17.9,18.6,2.1,11.4,6.2
36087,Rockland County,36087011200,6060,0.183,2.7,3.1,18.3,5.2,1.1,25.5,19.7,5.0,1.5,2.1
36087,Rockland County,36087011302,6525,0.486,11.6,3.7,24.6,6.3,3.8,18.6,24.9,4.7,0.7,2.3
36087,Rockland County,36087011303,5542,0.4108,12.0,3.4,28.5,8.7,2.7,25.2,18.3,5.1,4.3,5.9
36087,Rockland County,36087011304,5357,0.9099,55.0,2.0,36.9,23.9,15.2,10.1,24.2,19.3,12.2,9.8
36087,Rockland County,36087011305,4565,0.4674,15.3,1.7,17.4,15.1,0.5,14.6,21.2,3.5,7.5,2.0
36087,Rockland County,36087011401,4042,0.0776,2.1,6.5,9.3,5.7,0.7,20.3,19.9,0.0,0.6,3.9
36087,Rockland County,36087011403,5328,0.1678,11.0,5.4,20.7,3.4,0.9,18.4,22.1,0.0,7.2,7.3
36087,Rockland County,36087011404,3820,0.2344,5.4,4.0,23.6,4.0,2.8,18.5,16.7,0.5,3.0,5.1
36087,Rockland County,36087011405,4284,0.1749,7.5,7.6,15.9,11.3,5.5,19.0,18.6,0.0,0.9,3.3
36087,Rockland County,36087011505,3602,0.7293,74.4,8.2,71.9,25.5,1.7,4.9,51.1,23.3,59.1,78.3
36087,Rockland County,36087011506,6476,0.8259,72.8,7.9,65.2,19.8,3.5,3.2,56.3,34.0,60.2,79.3
36087,Rockland County,36087011507,3734,0.4358,23.7,7.8,19.0,9.3,4.5,12.6,36.8,7.1,5.0,4.9
36087,Rockland County,36087011508,4592,0.1566,20.5,10.0,17.4,6.6,1.5,11.5,28.1,1.5,2.2,3.3
36087,Rockland County,36087011509,3728,0.5022,20.7,7.1,23.6,12.6,1.9,20.3,28.7,1.2,1.3,1.3
36087,Rockland County,36087011510,4937,0.4436,1.0,3.7,5.9,22.2,3.2,15.5,38.0,11.2,0.0,18.1
36087,Rockland County,36087011511,3982,0.7734,28.2,6.7,24.9,28.0,13.4,14.5,27.2,3.6,3.5,5.3
36087,Rockland County,36087011512,4031,0.4573,16.1,8.1,27.0,21.4,12.1,13.0,19.4,7.2,2.5,3.9
36087,Rockland County,36087011601,3567,0.1104,17.7,3.0,14.5,5.0,2.2,19.0,20.8,0.0,1.2,7.7
36087,Rockland County,36087011602,4843,0.7244,17.0,5.1,41.1,16.9,3.2,24.1,24.8,0.5,19.4,24.1
36087,Rockland County,36087011603,6939,0.5001,18.6,8.6,27.1,11.6,1.7,18.1,28.9,3.2,4.3,5.5
36087,Rockland County,36087011700,3039,0.2534,3.2,5.3,26.9,4.9,4.6,14.8,23.3,1.6,1.7,4.3
36087,Rockland County,36087011800,1131,0.7215,23.0,8.8,38.8,14.9,5.4,14.1,32.7,7.5,2.0,16.3
36087,Rockland County,36087011901,3763,0.6008,12.3,7.9,37.1,10.9,7.9,10.6,21.5,1.2,4.2,5.6
36087,Rockland County,36087011902,3734,0.5756,17.7,5.0,26.1,9.0,3.6,18.5,24.8,6.6,14.2,11.5
36087,Rockland County,36087012000,3879,0.195,7.8,3.1,22.5,3.9,4.1,28.9,15.4,1.9,3.3,5.8
36087,Rockland County,36087012107,5718,0.6212,70.6,8.3,58.3,24.3,3.4,3.6,65.5,38.3,24.7,57.8
36087,Rockland County,36087012108,6312,0.5326,66.3,5.7,62.5,18.2,1.5,4.6,54.7,26.8,52.8,76.1
36087,Rockland County,36087012109,3639,0.732,46.2,15.7,50.8,32.1,3.0,7.3,54.1,37.7,33.2,54.2
36087,Rockland County,36087012110,3711,0.6974,76.4,24.4,68.0,35.1,2.8,0.6,59.3,42.2,35.3,80.3
36087,Rockland County,36087012111,3268,0.4094,49.5,13.5,46.6,9.2,0.9,4.6,50.2,4.8,7.2,36.6
36087,Rockland County,36087012112,4041,0.6176,51.9,4.8,38.4,14.8,0.1,10.8,50.9,32.5,24.2,37.5
36087,Rockland County,36087012113,3741,0.4423,57.2,1.8,55.5,13.2,1.4,6.8,54.0,13.5,25.7,43.6
36087,Rockland County,36087012114,2486,0.7909,66.0,13.4,71.3,12.6,0.4,8.3,46.7,6.3,40.3,42.0
36087,Rockland County,36087012115,1744,0.4022,24.5,2.2,23.4,20.4,10.8,8.4,39.1,8.5,0.0,9.7
36087,Rockland County,36087012116,4186,0.4395,63.1,0.2,54.5,9.6,2.3,2.6,60.7,52.7,17.1,66.2
36087,Rockland County,36087012203,3029,0.5383,42.0,5.6,42.9,18.5,5.3,8.6,33.5,7.4,11.4,26.4
36087,Rockland County,36087012204,3976,0.4607,56.3,6.2,48.3,26.8,2.9,2.4,57.5,28.8,2.5,44.5
36087,Rockland County,36087012205,2492,0.8713,58.7,9.6,52.8,32.2,4.6,13.9,38.1,19.2,21.0,14.3
36087,Rockland County,36087012206,3351,0.892,35.6,4.9,42.2,19.3,5.5,14.1,37.1,19.2,15.5,8.2
36087,Rockland County,36087012301,3490,0.6934,43.5,1.2,36.9,19.8,19.1,1.7,53.4,30.2,19.4,22.2
36087,Rockland County,36087012302,3149,0.9377,36.4,9.1,58.5,37.6,22.7,8.9,29.0,13.5,25.8,7.1
36087,Rockland County,36087012401,7016,0.9158,27.8,7.8,51.3,14.4,12.3,15.1,26.0,25.7,18.0,14.1
36087,Rockland County,36087012403,2098,0.7924,62.5,0.0,54.5,23.5,28.8,0.0,30.1,10.9,10.9,21.3
36087,Rockland County,36087012404,1956,0.893,26.7,7.8,38.1,32.3,12.5,10.4,25.7,28.1,22.5,15.9
36087,Rockland County,36087012503,2857,0.4376,27.5,4.0,18.1,9.4,0.6,15.1,50.1,5.7,8.6,18.0
36087,Rockland County,36087012504,4099,0.3688,13.9,5.9,17.6,5.1,3.0,15.1,33.3,4.3,5.2,6.6
36087,Rockland County,36087012505,2890,0.4142,31.1,1.1,26.2,14.0,8.1,11.3,46.6,17.7,16.3,30.0
36087,Rockland County,36087012506,3332,0.394,20.7,9.8,22.1,9.9,0.9,10.5,34.8,4.8,2.5,10.3
36087,Rockland County,36087012600,5822,0.4397,15.7,3.5,23.0,17.3,2.0,17.7,26.3,6.7,6.6,7.5
36087,Rockland County,36087012700,4481,0.4798,5.5,3.5,29.7,6.6,6.8,17.3,24.2,2.4,15.5,14.8
36087,Rockland County,36087012800,7419,0.1226,6.2,4.5,17.2,7.1,2.7,22.4,16.4,0.0,3.9,8.7
36087,Rockland County,36087013001,2568,0.245,11.7,5.6,16.2,11.4,1.8,21.5,15.7,0.0,0.0,0.7
36087,Rockland County,36087013002,5515,0.2313,13.5,6.4,23.4,5.6,1.8,23.1,18.2,0.7,1.3,5.5
36087,Rockland County,36087013003,3172,0.5088,14.3,3.9,29.9,3.7,4.3,26.1,14.8,1.1,10.7,7.2
36087,Rockland County,36087013101,3184,0.7417,22.1,11.7,34.8,10.5,5.2,16.6,23.0,3.0,19.4,11.2
36087,Rockland County,36087013102,3171,0.2971,13.1,7.9,28.2,2.6,1.6,24.6,9.1,3.6,11.0,6.9
36087,Rockland County,36087013200,2745,0.5252,12.8,9.7,31.8,4.1,4.3,17.8,12.0,1.7,3.3,5.6
36087,Rockland County,36087013300,2507,0.1743,2.7,3.5,20.4,6.7,1.3,24.5,13.3,2.6,5.7,0.0
36087,Rockland County,36087013401,4254,0.0654,1.0,6.1,12.6,5.5,1.0,19.8,19.3,0.7,0.6,4.5
36087,Rockland County,36087013402,3698,0.2081,3.7,7.3,19.1,5.7,2.1,18.0,17.0,0.7,6.5,1.5
36089,St. Lawrence County,36089490100,3194,0.5564,29.3,3.4,33.2,15.1,3.3,18.2,18.3,0.7,21.5,12.3
36089,St. Lawrence County,36089490200,3646,0.5056,32.2,7.7,29.1,8.7,3.1,21.1,16.9,0.6,5.6,13.2
36089,St. Lawrence County,36089490300,5581,0.7793,37.6,7.1,34.8,10.5,3.5,25.6,18.6,0.9,15.2,18.8
36089,St. Lawrence County,36089490400,3046,0.2049,15.1,9.0,11.5,4.8,1.7,17.9,25.7,1.6,3.3,11.1
36089,St. Lawrence County,36089490500,3896,0.6964,27.9,7.3,21.2,8.4,4.7,19.5,24.2,3.7,4.9,17.9
36089,St. Lawrence County,36089490600,4460,0.6006,28.5,7.5,19.7,14.1,2.4,17.9,23.7,2.7,6.0,19.2
36089,St. Lawrence County,36089490700,6431,0.3834,20.4,3.8,16.2,6.7,2.6,19.0,21.8,5.4,7.3,17.2
36089,St. Lawrence County,36089490800,3491,0.6541,31.3,16.1,28.8,6.8,3.5,15.6,13.1,1.2,10.5,12.9
36089,St. Lawrence County,36089490900,3285,0.7516,30.9,5.7,47.5,13.2,4.4,20.9,19.6,0.1,25.7,22.7
36089,St. Lawrence County,36089491000,4595,0.6299,23.7,5.9,25.7,7.0,5.0,20.0,20.1,3.6,6.3,11.3
36089,St. Lawrence County,36089491100,2021,,,3.3,,0.0,3.4,0.0,1.2,,,
36089,St. Lawrence County,36089491200,1623,,,0.0,,0.0,0.6,0.0,3.5,,,
36089,St. Lawrence County,36089491300,4224,0.5092,12.7,2.1,16.0,12.5,12.6,19.4,27.7,2.9,9.4,13.3
36089,St. Lawrence County,36089491400,4424,0.6079,26.7,3.8,22.0,21.7,1.8,18.2,14.4,0.0,19.5,19.9
36089,St. Lawrence County,36089491500,3470,0.7305,34.2,11.9,30.3,10.7,1.6,15.7,21.3,0.8,21.4,13.6
36089,St. Lawrence County,36089491600,2008,0.5016,38.4,2.8,21.8,8.8,4.0,15.3,27.5,0.5,5.5,14.5
36089,St. Lawrence County,36089491700,4125,0.5782,21.2,3.2,17.5,11.3,6.4,21.1,22.3,1.8,9.7,13.8
36089,St. Lawrence County,36089491800,4534,0.7694,33.0,4.5,18.0,18.7,19.8,13.5,31.3,5.7,14.4,25.5
36089,St. Lawrence County,36089491900,1601,,,2.4,,,1.7,0.0,2.6,,,
36089,St. Lawrence County,36089492000,5341,0.2931,23.3,6.3,18.5,1.9,3.1,14.0,18.3,0.8,4.2,8.9
36089,St. Lawrence County,36089492100,4739,0.7295,30.7,7.9,19.1,12.5,2.6,16.5,14.2,2.5,13.1,12.7
36089,St. Lawrence County,36089492301,2990,0.2005,22.2,3.9,17.7,4.4,1.4,24.5,19.1,0.2,3.9,11.4
36089,St. Lawrence County,36089492302,2522,0.2247,14.4,3.4,16.0,7.9,2.6,23.6,18.6,2.1,0.8,6.9
36089,St. Lawrence County,36089492401,2035,0.459,22.2,3.9,26.0,9.8,7.8,14.7,16.9,3.4,5.0,20.4
36089,St. Lawrence County,36089492501,2109,0.6869,31.9,9.6,26.2,12.6,6.7,27.2,18.6,0.0,7.3,19.0
36089,St. Lawrence County,36089492600,5719,0.6476,23.6,9.6,17.1,11.2,8.2,20.5,24.2,1.6,5.7,20.5
36089,St. Lawrence County,36089492700,6661,0.7263,29.6,6.2,32.1,16.4,6.4,18.5,16.5,3.3,13.3,17.9
36089,St. Lawrence County,36089492800,3616,0.851,48.5,9.0,29.8,19.4,30.0,15.0,28.2,9.2,11.1,25.5
36089,St. Lawrence County,36089492900,2253,0.681,37.2,4.7,27.3,10.8,11.5,17.4,24.7,3.1,9.0,13.7
36089,St. Lawrence County,36089493000,1030,0.3429,23.1,4.0,22.2,12.1,8.7,28.9,19.3,0.0,7.1,17.0
36091,Saratoga County,36091060102,6410,0.2933,12.6,2.8,19.3,6.3,3.1,18.8,20.0,0.7,3.4,7.4
36091,Saratoga County,36091060103,1753,0.073,4.4,2.5,22.6,0.1,3.2,16.9,20.3,0.0,3.1,6.6
36091,Saratoga County,36091060104,4468,0.3347,19.1,0.0,22.5,13.4,1.7,18.5,15.7,0.7,3.4,4.0
36091,Saratoga County,36091060200,3739,0.4071,24.5,7.2,26.1,8.5,2.8,18.4,17.6,2.4,6.9,11.7
36091,Saratoga County,36091060301,3262,0.4872,23.1,10.5,21.7,10.7,9.5,22.6,19.4,1.8,4.0,10.6
36091,Saratoga County,36091060400,2569,0.6356,21.9,6.7,22.8,9.8,3.9,18.5,25.3,0.9,9.2,11.7
36091,Saratoga County,36091060501,2095,0.3184,16.9,3.8,20.3,10.5,2.5,23.5,15.2,2.9,2.1,12.1
36091,Saratoga County,36091060504,1071,0.2268,23.0,6.7,15.5,5.4,3.7,31.1,12.5,0.0,3.8,9.6
36091,Saratoga County,36091060505,1004,0.3494,19.4,6.2,22.5,15.9,7.3,35.3,9.1,1.2,2.4,19.2
36091,Saratoga County,36091060506,1686,0.1445,14.5,0.6,24.1,10.4,6.6,11.6,18.7,0.5,0.0,8.4
36091,Saratoga County,36091060507,373,0.2332,24.1,4.9,12.9,14.0,5.2,18.0,12.1,3.6,12.9,3.6
36091,Saratoga County,36091060601,3044,0.56,17.6,2.1,27.8,13.5,4.1,26.9,19.7,0.0,10.5,6.3
36091,Saratoga County,36091060602,4987,0.2914,19.5,5.5,23.5,8.6,2.5,17.8,20.6,0.0,0.0,6.0
36091,Saratoga County,36091060703,3444,0.0886,4.6,5.3,15.8,2.3,2.2,13.5,24.4,0.0,2.2,8.4
36091,Saratoga County,36091060704,4087,0.2169,6.3,2.6,16.9,5.5,0.9,21.8,14.6,1.1,2.7,8.3
36091,Saratoga County,36091060705,4453,0.3762,14.5,1.5,29.2,8.3,3.0,16.9,23.6,0.0,12.1,15.1
36091,Saratoga County,36091060706,5407,0.1068,3.5,4.2,16.2,3.9,4.5,17.9,21.7,0.0,1.7,2.6
36091,Saratoga County,36091060800,5245,0.368,12.4,6.1,14.8,11.9,8.4,15.7,21.3,0.7,4.7,13.3
36091,Saratoga County,36091060901,3795,0.0757,3.9,3.3,16.9,6.3,1.2,16.5,18.2,1.6,3.9,7.1
36091,Saratoga County,36091060902,2044,0.5676,24.3,3.9,38.7,8.9,6.8,14.7,23.0,0.5,7.2,19.3
36091,Saratoga County,36091061001,2899,0.2249,10.5,2.3,34.5,4.2,4.3,22.3,9.8,0.8,3.8,2.1
36091,Saratoga County,36091061002,1962,0.5364,26.2,1.3,25.6,7.7,10.9,15.7,9.2,19.4,22.4,17.1
36091,Saratoga County,36091061101,2149,0.5535,18.8,4.5,33.5,9.6,3.0,14.5,15.7,0.0,9.2,13.0
36091,Saratoga County,36091061102,3407,0.1137,4.9,3.2,18.7,3.5,0.9,23.5,17.4,1.2,1.4,5.0
36091,Saratoga County,36091061201,2311,0.3456,15.0,8.3,18.1,6.5,0.0,33.8,11.5,0.0,15.8,9.9
36091,Saratoga County,36091061202,3197,0.3349,21.5,1.8,32.7,6.5,3.7,21.5,9.3,0.0,12.1,7.2
36091,Saratoga County,36091061301,3914,0.1937,14.2,3.0,18.1,3.1,1.0,21.7,21.3,0.0,0.0,9.2
36091,Saratoga County,36091061303,1986,0.0462,0.0,4.0,100.0,60.0,0.7,0.3,0.0,0.0,0.0,100.0
36091,Saratoga County,36091061304,3110,0.0101,4.3,0.9,11.4,0.4,0.7,15.6,18.5,0.7,0.9,1.7
36091,Saratoga County,36091061305,3570,0.5161,18.3,0.0,38.1,4.4,4.2,31.5,16.9,0.0,14.3,11.6
36091,Saratoga County,36091061401,4260,0.3737,18.4,4.0,19.3,14.7,2.4,18.1,22.3,2.1,2.8,9.0
36091,Saratoga County,36091061403,6831,0.4073,10.1,8.0,21.5,3.8,5.3,20.8,15.8,0.0,1.5,8.7
36091,Saratoga County,36091061404,3206,0.0245,6.0,2.5,4.7,5.3,1.6,10.8,21.7,1.6,0.4,1.4
36091,Saratoga County,36091061500,3539,0.0814,11.4,2.0,16.1,3.4,2.2,24.3,18.8,0.0,0.4,7.4
36091,Saratoga County,36091061600,4341,0.0508,10.0,2.3,10.9,5.3,2.3,26.2,21.9,0.0,0.2,8.2
36091,Saratoga County,36091061701,6443,0.1819,10.0,3.5,20.9,2.4,1.5,15.4,23.9,0.0,2.1,8.7
36091,Saratoga County,36091061702,4554,0.0143,5.6,1.8,12.5,0.8,0.8,16.3,21.2,0.0,0.9,4.1
36091,Saratoga County,36091061800,5486,0.0718,9.7,3.8,23.7,6.0,1.6,12.7,19.1,0.0,4.3,7.0
36091,Saratoga County,36091061904,5661,0.0538,5.4,0.4,27.0,2.9,2.1,23.7,16.6,0.7,2.9,5.5
36091,Saratoga County,36091061905,3328,0.334,11.6,0.6,37.2,5.3,0.9,30.0,16.3,0.0,11.1,30.1
36091,Saratoga County,36091061906,3556,0.406,28.1,2.0,19.7,13.3,2.0,11.7,21.4,12.4,5.2,4.9
36091,Saratoga County,36091061907,4613,0.1114,3.2,2.9,8.9,4.2,0.6,19.7,16.0,1.7,7.4,13.6
36091,Saratoga County,36091062001,4732,0.108,14.2,5.6,19.2,6.7,3.3,15.2,20.9,0.0,1.2,4.5
36091,Saratoga County,36091062002,2625,0.126,9.0,8.9,15.5,2.2,1.0,27.3,15.7,1.8,3.9,16.7
36091,Saratoga County,36091062100,1756,0.1536,14.9,2.6,15.4,10.0,4.6,12.0,14.4,0.9,5.9,11.0
36091,Saratoga County,36091062200,2939,0.514,31.6,9.2,43.4,9.2,5.7,20.2,14.8,1.5,20.6,30.0
36091,Saratoga County,36091062300,2238,0.3741,30.0,2.8,29.2,5.7,2.4,16.5,22.9,3.9,6.6,13.9
36091,Saratoga County,36091062404,3057,0.2213,11.4,2.5,20.7,6.3,2.0,32.4,14.9,1.3,5.6,3.9
36091,Saratoga County,36091062406,4170,0.2443,8.8,6.4,16.0,7.8,1.1,11.8,24.7,0.5,3.9,6.7
36091,Saratoga County,36091062407,4417,0.187,9.1,2.7,17.0,3.9,3.1,16.6,18.4,4.3,1.5,10.6
36091,Saratoga County,36091062408,2861,0.0825,2.7,4.3,12.0,4.8,3.9,20.6,13.9,0.0,11.5,15.2
36091,Saratoga County,36091062409,2976,0.1289,4.9,2.8,21.7,7.0,1.8,24.2,15.3,0.0,1.4,4.6
36091,Saratoga County,36091062410,3836,0.3862,7.7,4.7,19.9,7.0,7.4,6.3,19.7,5.2,1.6,2.6
36091,Saratoga County,36091062501,5125,0.0099,3.6,1.4,10.3,2.4,0.9,17.5,25.0,0.0,1.1,1.7
36091,Saratoga County,36091062503,6224,0.1249,3.5,2.7,10.0,3.8,0.2,14.3,26.7,5.2,3.0,4.0
36091,Saratoga County,36091062505,4438,0.0411,4.6,2.9,16.7,7.4,1.1,16.7,25.4,0.0,2.1,5.9
36091,Saratoga County,36091062506,5227,0.0532,1.1,4.2,11.0,2.5,0.6,21.9,20.0,1.1,4.1,1.2
36091,Saratoga County,36091062507,3953,0.1498,8.4,1.1,20.9,5.1,3.7,18.5,23.0,0.3,3.4,1.6
36091,Saratoga County,36091062508,4574,0.1692,8.3,2.6,16.1,5.7,1.4,20.0,21.1,0.6,3.8,4.9
36091,Saratoga County,36091062509,3343,0.1308,3.4,2.9,18.7,4.3,2.0,20.2,23.6,1.1,3.4,3.4
36091,Saratoga County,36091062601,3226,0.0325,6.5,1.5,10.7,2.1,1.8,16.5,27.2,0.0,1.8,5.8
36091,Saratoga County,36091062602,6404,0.0477,4.0,3.3,11.6,4.0,0.3,18.7,22.2,0.0,3.2,8.8
36091,Saratoga County,36091062700,6121,0.2811,12.7,3.4,19.8,5.0,6.0,18.2,19.8,0.0,8.3,9.5
36091,Saratoga County,36091062800,2113,0.1905,11.8,4.7,22.6,4.8,2.2,27.0,12.3,1.1,9.0,14.1
36091,Saratoga County,36091062900,714,0.1549,1.1,4.8,12.0,16.8,5.0,21.7,16.0,0.0,0.0,1.3
36093,Schenectady County,36093020101,2449,0.1652,12.3,2.3,17.8,6.5,2.8,20.7,13.4,0.9,2.2,9.6
36093,Schenectady County,36093020102,2510,0.528,32.4,2.5,38.7,9.6,1.9,7.8,22.7,0.6,16.2,19.1
36093,Schenectady County,36093020200,2592,0.7862,41.6,5.8,40.7,14.2,7.0,16.0,15.3,2.5,25.4,25.2
36093,Schenectady County,36093020300,2111,0.2064,34.4,5.7,38.2,13.5,0.5,8.0,10.9,0.0,12.9,19.5
36093,Schenectady County,36093020500,5267,0.2007,10.3,6.5,20.0,5.9,0.8,20.5,23.7,3.6,3.9,6.7
36093,Schenectady County,36093020600,3656,0.3469,13.8,10.2,25.3,8.8,2.0,13.4,23.6,0.0,9.6,16.1
36093,Schenectady County,36093020700,5845,0.7753,38.5,11.4,50.0,21.5,4.1,14.2,32.3,6.4,22.7,16.6
36093,Schenectady County,36093020800,3609,0.7981,47.1,8.8,51.6,11.0,10.4,9.8,20.3,0.0,41.5,21.3
36093,Schenectady County,36093020900,3938,0.8654,42.1,12.2,49.6,32.2,15.9,10.7,22.2,2.1,37.3,16.3
36093,Schenectady County,36093021001,1278,0.7767,44.9,6.6,47.0,10.1,5.4,6.3,5.9,1.0,44.5,25.6
36093,Schenectady County,36093021002,2728,0.9665,67.1,37.9,43.1,25.7,17.2,14.7,23.9,13.0,61.4,33.8
36093,Schenectady County,36093021200,2876,0.4855,15.0,17.3,26.2,14.7,14.5,15.8,12.6,2.3,17.0,10.7
36093,Schenectady County,36093021400,3241,0.8702,55.7,26.1,54.4,30.5,10.9,6.9,26.1,0.5,29.2,5.3
36093,Schenectady County,36093021500,2902,0.7881,48.7,1.8,60.5,14.1,7.9,16.9,25.8,2.2,15.3,14.2
36093,Schenectady County,36093021600,3496,0.7442,23.9,8.1,29.9,22.5,8.0,21.3,16.1,3.1,19.6,18.4
36093,Schenectady County,36093021700,4076,0.8936,35.8,10.5,34.6,18.7,7.7,9.1,23.1,3.9,25.0,22.0
36093,Schenectady County,36093021801,2224,0.1597,15.5,3.5,21.5,9.6,1.7,17.5,21.4,0.8,4.1,4.9
36093,Schenectady County,36093021802,4510,0.7029,19.3,3.6,33.0,8.4,7.0,27.4,12.6,4.1,16.3,18.6
36093,Schenectady County,36093031901,5034,0.0513,7.5,2.5,10.3,1.7,0.8,16.0,29.1,1.2,4.2,3.5
36093,Schenectady County,36093031902,3042,0.172,4.8,0.8,24.2,1.1,0.4,29.6,19.0,0.0,15.8,15.0
36093,Schenectady County,36093032000,7003,0.1209,7.1,0.7,13.9,2.4,1.1,18.1,25.6,0.9,3.8,5.8
36093,Schenectady County,36093032101,5698,0.0144,1.6,5.8,9.4,0.9,0.0,17.7,27.0,0.0,1.5,9.2
36093,Schenectady County,36093032102,2128,0.1074,2.7,3.3,5.0,3.4,0.7,18.2,24.5,0.0,2.6,2.2
36093,Schenectady County,36093032200,4753,0.3982,13.6,2.1,18.3,8.9,0.4,15.9,23.9,2.5,12.4,7.1
36093,Schenectady County,36093032300,2539,0.2298,9.1,2.4,20.0,2.6,1.8,18.0,18.1,0.0,13.7,14.1
36093,Schenectady County,36093032402,3476,0.307,11.5,6.4,28.3,5.0,0.6,24.4,23.6,1.1,9.2,22.1
36093,Schenectady County,36093032403,2448,0.1026,6.3,8.3,16.4,7.8,1.3,19.7,21.0,0.0,2.4,7.7
36093,Schenectady County,36093032404,6464,0.2047,10.4,1.8,19.5,4.8,2.1,29.3,17.5,0.0,3.8,13.3
36093,Schenectady County,36093032502,2934,0.1135,4.0,6.3,13.8,5.0,0.5,25.3,27.2,0.0,3.5,7.2
36093,Schenectady County,36093032503,4402,0.2127,6.0,7.0,10.2,4.0,5.1,18.8,22.3,0.0,1.1,5.6
36093,Schenectady County,36093032504,2311,0.0053,6.8,2.7,17.9,1.5,1.4,18.3,23.6,0.2,2.5,14.2
36093,Schenectady County,36093032601,2407,0.1838,10.3,3.5,21.7,5.9,2.9,18.0,22.3,0.6,1.6,8.0
36093,Schenectady County,36093032602,4216,0.1049,11.2,3.2,28.4,2.9,2.3,22.0,19.1,0.0,4.0,10.3
36093,Schenectady County,36093032700,4144,0.2564,15.7,3.4,22.2,5.4,6.8,13.7,22.2,1.1,4.3,9.2
36093,Schenectady County,36093032901,3646,0.0565,7.8,2.1,16.4,4.7,3.4,18.6,23.1,0.0,2.0,4.2
36093,Schenectady County,36093032902,4292,0.2167,5.4,5.5,20.1,3.4,2.6,19.2,22.5,0.4,9.3,11.9
36093,Schenectady County,36093033002,2589,0.0211,4.5,1.9,6.3,3.3,0.6,17.1,29.2,1.2,1.0,5.9
36093,Schenectady County,36093033003,3811,0.0295,11.1,1.5,24.3,2.2,2.1,22.1,16.3,0.0,5.0,13.9
36093,Schenectady County,36093033004,2933,0.0606,6.8,0.9,15.2,6.2,0.5,15.6,18.8,4.0,3.5,10.4
36093,Schenectady County,36093033101,1944,0.103,9.9,2.3,20.7,6.0,2.4,22.9,16.5,0.7,0.8,8.9
36093,Schenectady County,36093033102,5987,0.2469,13.2,5.5,17.8,5.6,3.1,15.1,20.1,2.6,9.4,14.0
36093,Schenectady County,36093033200,3676,0.5168,32.3,7.3,33.3,6.0,3.6,12.9,24.1,1.9,9.2,5.2
36093,Schenectady County,36093033300,2387,0.1188,14.8,5.0,26.3,7.3,0.9,18.6,21.2,0.0,9.7,6.9
36093,Schenectady County,36093033400,3208,0.4026,24.7,5.5,33.3,8.5,4.3,12.3,9.1,0.0,13.7,15.8
36093,Schenectady County,36093033500,2667,0.564,23.5,9.5,34.6,9.4,4.8,13.0,8.7,3.1,16.9,12.8
36095,Schoharie County,36095740100,4880,0.513,19.0,4.7,21.5,9.5,3.9,20.5,20.1,1.0,11.2,13.4
36095,Schoharie County,36095740200,5072,0.4488,14.6,4.8,20.5,5.4,4.5,26.9,14.8,1.6,9.4,14.1
36095,Schoharie County,36095740300,1107,,,13.2,,0.0,0.0,0.0,2.8,,,
36095,Schoharie County,36095740400,5239,0.5801,22.3,6.4,20.6,9.5,6.0,19.1,22.0,3.6,4.8,16.6
36095,Schoharie County,36095740500,3448,0.4971,20.0,4.4,15.9,7.2,4.4,23.6,22.7,4.4,6.1,15.6
36095,Schoharie County,36095740600,2651,0.4117,15.1,6.5,24.3,9.5,5.2,26.0,14.0,0.8,2.6,19.5
36095,Schoharie County,36095740700,4873,0.4383,16.8,3.3,25.9,10.2,3.8,24.9,16.6,1.1,2.4,13.6
36095,Schoharie County,36095740800,2700,0.3058,16.9,6.3,19.5,11.7,2.3,30.6,12.6,0.2,4.9,19.4
36097,Schuyler County,36097950100,4903,0.2435,22.8,3.4,21.1,5.0,3.6,18.6,20.3,0.4,1.9,11.5
36097,Schuyler County,36097950200,1774,0.3779,14.8,4.9,21.7,5.9,5.7,22.9,20.7,0.4,6.1,23.9
36097,Schuyler County,36097950300,2933,0.3853,27.7,4.5,24.2,7.6,5.0,23.4,20.9,0.3,7.9,12.7
36097,Schuyler County,36097950400,3741,0.7369,29.6,8.5,22.6,11.2,6.4,27.5,13.3,3.9,7.8,16.4
36097,Schuyler County,36097950500,4504,0.5518,26.5,7.3,23.8,9.9,2.7,20.0,19.8,2.3,7.2,19.1
36099,Seneca County,36099950100,2237,0.3515,20.2,2.4,16.8,20.9,12.7,17.8,26.2,0.8,3.4,23.5
36099,Seneca County,36099950200,2475,0.6972,27.3,4.0,32.2,16.5,5.4,24.2,18.9,0.7,24.2,18.5
36099,Seneca County,36099950300,3819,0.5457,20.3,3.3,29.6,12.6,7.2,18.2,14.5,0.1,4.5,10.7
36099,Seneca County,36099950400,2711,0.6383,25.6,9.3,29.1,17.8,3.1,21.4,14.3,0.0,17.3,17.9
36099,Seneca County,36099950500,3644,0.6598,30.8,7.5,33.8,9.2,2.2,24.4,20.0,2.0,5.1,12.8
36099,Seneca County,36099950600,3710,0.3049,12.3,6.6,17.6,8.5,2.3,19.1,18.1,0.0,10.3,18.2
36099,Seneca County,36099950700,3650,0.4178,15.7,2.4,22.3,9.0,12.8,20.7,26.7,0.5,3.1,12.8
36099,Seneca County,36099950801,1000,,,,,71.5,,3.2,0.0,,,
36099,Seneca County,36099950802,3815,0.6966,23.2,3.2,21.2,17.6,18.1,19.0,26.2,1.6,4.7,13.8
36099,Seneca County,36099950900,4610,0.6913,26.4,3.5,24.2,19.5,14.4,19.0,20.1,2.3,10.0,21.1
36099,Seneca County,36099951000,1980,0.3524,12.7,1.6,22.7,4.3,3.7,26.6,22.5,0.0,5.2,14.4
36101,Steuben County,36101960100,1107,0.2475,18.6,6.9,16.5,8.1,5.7,24.4,21.9,1.4,3.7,10.8
36101,Steuben County,36101960200,3022,0.5757,33.3,4.6,16.4,13.8,23.3,15.5,29.8,5.4,8.5,21.5
36101,Steuben County,36101960300,2387,0.617,26.6,4.9,23.0,11.5,5.7,19.2,23.8,2.4,3.2,13.0
36101,Steuben County,36101960400,3740,0.6527,36.0,7.5,19.4,9.2,7.8,17.6,29.0,0.9,4.9,7.8
36101,Steuben County,36101960500,2795,0.3167,17.6,4.1,21.1,10.2,3.8,14.5,21.4,1.2,5.1,12.6
36101,Steuben County,36101960600,4037,0.4598,17.7,7.9,17.2,5.7,2.9,26.9,18.7,0.0,5.0,11.3
36101,Steuben County,36101960700,2583,0.7297,24.4,11.1,27.0,11.1,2.8,27.7,18.0,0.0,21.1,20.4
36101,Steuben County,36101960800,2829,0.6569,30.2,5.4,27.2,8.1,6.6,23.0,18.3,0.7,18.5,18.8
36101,Steuben County,36101960900,2796,0.5356,40.2,9.6,35.5,7.8,2.0,18.1,23.0,0.0,13.6,8.7
36101,Steuben County,36101961000,3564,0.5225,19.2,5.1,14.4,11.4,4.8,19.7,20.0,4.2,3.0,20.1
36101,Steuben County,36101961100,4246,0.7174,39.5,9.9,32.8,14.0,3.2,20.2,17.3,1.0,17.4,31.6
36101,Steuben County,36101961200,3502,0.6155,29.1,5.7,20.2,14.3,2.9,29.3,15.2,0.0,20.1,17.8
36101,Steuben County,36101961300,3724,0.5531,28.5,5.5,21.5,9.6,2.8,26.0,17.5,1.5,5.1,12.2
36101,Steuben County,36101961400,2036,0.2625,17.0,2.5,26.3,7.3,1.0,35.3,12.8,0.0,1.8,12.4
36101,Steuben County,36101961500,1861,0.2032,15.5,3.5,15.0,7.6,4.3,27.7,16.5,0.9,2.6,16.3
36101,Steuben County,36101961600,1889,0.2192,13.4,4.5,19.1,6.3,4.4,14.8,23.7,2.2,1.1,14.2
36101,Steuben County,36101961700,3166,0.3661,17.7,4.2,17.5,7.8,1.1,19.9,23.6,0.0,4.7,21.2
36101,Steuben County,36101961800,3286,0.5212,32.0,5.2,20.8,10.8,14.2,14.8,27.2,4.5,7.8,22.8
36101,Steuben County,36101961900,3281,0.6421,21.4,10.5,19.9,9.6,3.9,25.2,22.4,0.3,8.7,18.8
36101,Steuben County,36101962000,3942,0.5731,24.2,7.3,16.0,9.4,12.0,18.8,23.9,2.0,9.1,22.5
36101,Steuben County,36101962100,2888,0.4201,19.0,7.4,16.3,16.8,10.5,18.1,23.2,0.7,7.2,14.5
36101,Steuben County,36101962200,2599,0.4938,26.7,5.6,24.8,12.1,3.7,16.0,28.6,0.3,16.5,17.1
36101,Steuben County,36101962301,5303,0.4974,15.1,5.0,18.7,5.0,0.6,17.3,21.9,3.0,9.6,5.6
36101,Steuben County,36101962302,2758,0.4416,17.2,5.0,24.1,5.5,1.6,17.7,21.8,3.2,6.4,10.4
36101,Steuben County,36101962400,3020,0.1515,23.9,4.3,24.5,2.4,9.2,11.5,16.8,0.0,8.5,6.6
36101,Steuben County,36101962500,2051,0.463,39.3,13.2,33.6,7.7,2.4,15.7,18.2,0.0,27.1,13.1
36101,Steuben County,36101962600,2351,0.1868,19.7,4.2,26.4,4.4,0.0,16.5,22.8,0.0,11.5,11.6
36101,Steuben County,36101962700,3263,0.3866,24.9,7.2,29.1,6.0,1.9,18.1,18.4,0.0,13.3,11.4
36101,Steuben County,36101962800,3282,0.1342,11.7,5.7,13.6,3.0,4.6,16.3,21.0,0.0,2.6,7.8
36101,Steuben County,36101962900,2628,0.2429,9.6,5.0,13.4,3.6,0.9,21.0,24.1,0.0,3.0,9.2
36101,Steuben County,36101963000,3648,0.1671,13.7,6.6,17.0,3.5,1.9,17.5,21.8,0.0,4.4,11.9
36103,Suffolk County,36103110101,3572,0.0281,5.9,0.4,11.3,6.1,1.1,20.4,26.1,0.0,2.1,9.7
36103,Suffolk County,36103110103,2284,0.0249,4.0,1.6,14.3,1.6,0.0,26.9,18.0,0.0,0.0,1.3
36103,Suffolk County,36103110104,2979,0.03,1.4,2.5,14.7,3.3,1.4,12.7,28.4,0.0,6.1,2.1
36103,Suffolk County,36103110200,5167,0.1127,10.4,5.3,18.2,6.0,0.9,25.7,13.6,1.3,3.7,5.8
36103,Suffolk County,36103110300,4869,0.0089,4.6,6.8,10.7,1.2,1.2,23.5,15.7,0.0,0.0,2.8
36103,Suffolk County,36103110401,2216,0.049,9.0,10.1,16.8,1.2,1.2,27.1,19.2,0.0,0.6,0.6
36103,Suffolk County,36103110402,3523,0.0171,3.9,11.4,16.3,2.4,0.4,17.4,22.2,0.0,0.8,3.2
36103,Suffolk County,36103110501,3236,0.0203,11.1,3.7,16.2,3.2,0.4,18.6,18.4,1.9,0.9,0.0
36103,Suffolk County,36103110502,2822,0.0266,5.1,2.0,21.0,4.8,1.8,14.4,21.7,1.9,3.6,9.3
36103,Suffolk County,36103110601,4544,0.1519,5.9,0.9,23.7,0.5,3.2,28.5,16.5,0.0,2.9,3.4
36103,Suffolk County,36103110602,2793,0.1469,21.0,0.0,32.2,1.2,1.5,20.9,20.6,0.0,3.3,5.8
36103,Suffolk County,36103110801,1955,0.0131,5.4,1.5,11.6,0.0,0.8,23.9,18.7,0.0,0.0,4.0
36103,Suffolk County,36103110803,5886,0.0409,3.4,6.4,8.6,2.7,0.3,22.0,18.8,0.0,1.8,2.2
36103,Suffolk County,36103110901,2409,0.0726,15.5,2.2,23.9,4.5,5.4,22.6,15.0,4.5,0.0,1.2
36103,Suffolk County,36103110902,4628,0.6423,21.5,4.6,22.2,20.0,7.8,17.0,19.3,2.0,11.5,14.4
36103,Suffolk County,36103111001,2320,0.1125,10.8,0.0,20.2,3.5,3.8,19.7,13.0,1.4,4.0,1.1
36103,Suffolk County,36103111002,5354,0.7329,12.0,6.1,27.4,16.7,12.2,16.8,19.8,6.1,16.8,10.4
36103,Suffolk County,36103111101,2292,0.3117,5.5,4.0,24.2,13.3,11.3,18.0,25.2,2.6,0.0,0.0
36103,Suffolk County,36103111102,2142,0.6767,29.6,9.9,27.2,38.2,9.5,5.2,17.8,4.5,30.5,17.0
36103,Suffolk County,36103111103,3941,0.8071,32.4,12.5,46.9,30.5,5.2,10.3,24.0,22.4,7.2,24.9
36103,Suffolk County,36103111201,3924,0.337,14.8,0.3,8.0,19.3,3.7,10.0,20.3,5.4,2.2,8.7
36103,Suffolk County,36103111202,5561,0.6062,19.5,6.0,25.1,13.5,4.7,13.8,20.9,5.0,5.2,3.7
36103,Suffolk County,36103111300,4663,0.1697,12.4,9.0,17.6,2.1,2.0,18.7,23.4,0.0,0.6,7.3
36103,Suffolk County,36103111401,1479,0.0914,11.0,2.7,21.3,10.7,0.7,26.0,22.6,0.0,6.6,8.7
36103,Suffolk County,36103111402,5141,0.0397,6.6,5.6,11.4,6.5,1.6,19.4,19.2,0.8,1.0,11.5
36103,Suffolk County,36103111503,5219,0.2901,12.2,4.1,29.7,7.9,0.0,20.4,25.0,0.6,11.3,24.7
36103,Suffolk County,36103111504,1812,0.1669,5.7,3.6,13.7,4.9,3.0,28.7,23.2,0.0,2.7,2.7
36103,Suffolk County,36103111506,2789,0.1313,8.0,2.7,8.5,3.8,0.6,15.3,22.6,1.3,7.5,4.3
36103,Suffolk County,36103111507,2778,0.3592,5.7,1.3,14.6,12.3,4.4,10.3,32.2,10.1,0.0,5.1
36103,Suffolk County,36103111508,4366,0.4393,21.0,7.7,19.5,8.2,1.1,15.3,25.7,5.6,1.9,2.5
36103,Suffolk County,36103111601,3776,0.0201,3.8,6.4,10.5,1.2,3.4,13.8,20.9,0.0,2.7,2.0
36103,Suffolk County,36103111602,3355,0.0608,7.2,1.4,23.4,4.1,1.5,20.1,24.2,0.9,4.0,4.0
36103,Suffolk County,36103111701,5504,0.1439,9.0,7.9,15.9,3.9,1.2,18.2,21.4,0.0,4.3,6.0
36103,Suffolk County,36103111703,3219,0.2397,15.6,2.0,23.6,5.4,2.9,12.8,22.6,0.0,1.5,5.1
36103,Suffolk County,36103111704,3714,0.0048,2.1,1.8,12.8,1.8,2.5,16.5,27.4,0.0,2.6,4.1
36103,Suffolk County,36103111801,6507,0.0329,3.9,2.0,10.8,4.4,0.4,16.5,16.2,0.0,3.9,3.8
36103,Suffolk County,36103111802,2522,0.0452,3.2,4.4,12.9,2.9,1.8,20.0,21.0,0.9,0.6,1.2
36103,Suffolk County,36103111803,2675,0.0884,2.4,2.9,16.1,4.6,3.0,15.1,24.8,1.7,3.1,2.0
36103,Suffolk County,36103111804,2181,0.0316,3.0,4.3,7.5,4.4,2.3,16.1,23.2,0.0,2.4,3.1
36103,Suffolk County,36103111900,5140,0.0977,3.4,3.2,15.9,5.0,3.9,20.3,16.9,1.1,1.3,0.6
36103,Suffolk County,36103112001,4615,0.1156,8.0,7.3,15.1,4.7,1.8,14.5,19.8,1.3,0.8,8.8
36103,Suffolk County,36103112002,5692,0.2927,6.6,7.8,18.9,3.3,2.7,17.2,21.2,1.1,6.7,6.3
36103,Suffolk County,36103112102,2995,0.0038,1.3,2.1,5.9,2.8,0.8,19.5,21.0,0.0,3.0,4.1
36103,Suffolk County,36103112103,5066,0.1528,2.3,1.2,20.5,4.4,4.0,22.9,19.6,0.0,13.5,8.8
36103,Suffolk County,36103112104,2171,0.0812,5.1,2.1,22.3,5.0,1.9,19.8,23.4,0.0,0.0,2.8
36103,Suffolk County,36103112204,3923,0.0297,12.7,12.7,16.5,1.2,1.3,15.1,23.2,1.3,1.0,0.9
36103,Suffolk County,36103112211,4005,0.0589,5.3,6.9,17.7,2.3,1.1,19.9,21.6,0.0,0.9,3.4
36103,Suffolk County,36103112212,3787,0.0177,2.1,2.4,6.1,2.3,0.9,19.1,21.0,0.0,0.0,7.1
36103,Suffolk County,36103112213,5205,0.0751,6.4,2.7,13.7,6.3,2.6,19.7,18.9,0.0,0.7,0.0
36103,Suffolk County,36103112215,3064,0.1507,4.2,0.0,25.3,7.8,0.8,38.3,13.3,0.0,4.3,7.5
36103,Suffolk County,36103112216,4079,0.253,9.6,7.5,18.2,4.9,4.2,17.0,23.5,7.2,5.6,5.7
36103,Suffolk County,36103112217,2410,0.0924,2.5,3.5,10.2,6.4,7.2,18.7,22.7,0.0,4.6,1.2
36103,Suffolk County,36103112218,5324,0.1555,3.2,12.8,21.0,7.4,0.8,24.9,17.5,0.0,5.4,6.9
36103,Suffolk County,36103112219,2762,0.1887,12.9,3.9,23.0,5.6,1.0,65.9,4.5,0.0,10.0,4.2
36103,Suffolk County,36103112220,3453,0.0614,2.5,5.3,8.3,5.0,2.1,6.9,26.6,0.0,3.5,0.9
36103,Suffolk County,36103122300,4040,0.3397,6.5,8.3,14.1,8.1,1.9,9.4,17.1,5.9,2.9,3.5
36103,Suffolk County,36103122405,3690,0.5708,12.1,4.0,20.9,23.2,2.1,12.2,25.8,7.6,13.3,18.6
36103,Suffolk County,36103122406,7298,0.8829,30.6,6.4,34.0,27.3,10.4,8.9,29.8,7.9,19.8,35.1
36103,Suffolk County,36103122407,1648,0.2433,8.6,1.0,31.4,5.5,4.1,16.1,23.9,1.0,6.3,7.9
36103,Suffolk County,36103122408,3786,0.154,6.3,3.1,17.7,6.3,3.6,15.4,27.9,4.0,4.5,3.0
36103,Suffolk County,36103122501,5545,0.897,27.0,5.6,39.0,38.4,6.9,14.0,18.7,3.8,27.6,30.4
36103,Suffolk County,36103122502,4504,0.436,8.8,10.2,15.4,15.4,5.9,14.3,20.8,7.3,5.8,5.0
36103,Suffolk County,36103122602,4596,0.1732,6.9,1.6,22.8,10.5,3.5,17.0,21.4,2.4,12.5,9.6
36103,Suffolk County,36103122603,5442,0.1481,8.2,2.2,19.5,6.1,2.3,19.5,13.9,1.5,4.5,7.3
36103,Suffolk County,36103122604,3663,0.0346,11.9,1.3,20.0,3.2,1.0,13.6,20.6,1.9,1.1,6.7
36103,Suffolk County,36103122605,2292,0.1673,3.5,5.7,21.7,4.7,2.8,7.1,24.8,2.5,0.0,5.0
36103,Suffolk County,36103122704,2566,0.4879,12.6,4.4,31.1,10.5,5.7,14.9,18.5,1.8,13.1,6.3
36103,Suffolk County,36103122705,3061,0.13,4.1,2.3,18.6,11.2,2.6,14.0,16.4,3.9,3.7,15.9
36103,Suffolk County,36103122706,3621,0.2627,9.4,3.2,22.1,7.7,3.0,14.3,17.8,5.4,2.8,3.9
36103,Suffolk County,36103122707,2961,0.0127,1.7,3.8,7.0,3.6,0.0,15.7,18.6,2.7,1.1,16.6
36103,Suffolk County,36103122801,5293,0.2944,12.7,5.3,32.0,5.1,3.6,19.3,21.5,0.0,5.5,12.4
36103,Suffolk County,36103122802,5257,0.4077,6.3,2.5,20.7,10.4,2.5,15.5,24.5,0.5,4.0,11.4
36103,Suffolk County,36103122901,6271,0.1848,8.1,9.0,23.0,11.5,7.7,11.8,16.8,0.4,2.0,10.0
36103,Suffolk County,36103122902,4279,0.3838,8.6,6.4,24.2,6.7,3.3,16.6,19.0,4.5,2.8,6.8
36103,Suffolk County,36103123001,5837,0.0952,6.5,2.8,18.9,9.2,1.8,15.2,17.1,3.3,2.6,6.9
36103,Suffolk County,36103123002,4793,0.6347,12.7,10.6,22.3,11.7,8.2,16.7,19.4,3.3,5.3,9.9
36103,Suffolk County,36103123101,3871,0.2513,4.6,6.4,19.6,8.3,5.7,14.2,21.5,0.0,4.0,11.9
36103,Suffolk County,36103123102,3832,0.204,7.8,6.2,21.3,7.2,7.3,17.4,21.0,1.8,0.6,3.6
36103,Suffolk County,36103123201,2003,0.716,14.8,6.3,49.3,13.9,5.9,20.8,21.8,5.9,10.7,15.3
36103,Suffolk County,36103123203,3020,0.0994,7.4,3.9,13.9,15.1,2.5,8.4,16.3,0.9,12.0,7.3
36103,Suffolk County,36103123204,6264,0.8687,15.7,8.6,36.1,13.8,8.0,17.8,27.0,3.0,25.2,15.3
36103,Suffolk County,36103123303,5758,0.6261,10.5,2.5,14.9,28.1,10.2,9.3,23.4,16.5,14.0,17.4
36103,Suffolk County,36103123304,5387,0.7088,12.5,2.8,29.6,21.0,4.9,16.1,19.6,5.4,17.5,16.2
36103,Suffolk County,36103123401,3578,0.3999,6.1,6.2,21.6,20.0,7.8,15.3,16.9,3.3,1.0,4.1
36103,Suffolk County,36103123403,1761,0.322,7.0,0.0,23.3,19.9,5.6,12.2,18.8,19.4,2.0,0.0
36103,Suffolk County,36103123404,5723,0.2347,10.8,3.0,20.9,10.3,5.2,18.1,17.3,3.5,2.7,9.0
36103,Suffolk County,36103123500,6001,0.747,15.7,5.7,33.5,10.1,4.5,24.0,18.0,8.2,2.4,6.4
36103,Suffolk County,36103123600,3506,0.0663,6.3,3.2,19.2,1.7,0.7,26.0,13.1,0.0,9.0,10.2
36103,Suffolk County,36103123701,7269,0.6828,19.9,5.8,29.2,21.6,6.4,9.2,25.7,6.0,5.0,10.6
36103,Suffolk County,36103123703,3577,0.6075,21.2,6.1,36.2,19.6,4.5,13.0,24.3,8.8,0.0,0.0
36103,Suffolk County,36103123704,4893,0.6831,32.7,6.3,38.0,20.4,6.3,17.7,29.2,8.5,1.3,9.8
36103,Suffolk County,36103123801,4247,0.0931,7.8,2.3,17.8,7.8,0.6,19.3,13.4,2.4,2.8,7.4
36103,Suffolk County,36103123802,3456,0.1467,11.6,6.2,37.2,4.1,4.1,13.6,17.9,0.8,4.8,5.5
36103,Suffolk County,36103123900,5288,0.1684,14.9,5.1,32.4,5.6,4.0,14.5,18.0,1.6,3.7,1.5
36103,Suffolk County,36103124001,4609,0.1023,7.5,4.5,25.8,9.8,2.9,15.9,20.8,0.8,3.5,3.8
36103,Suffolk County,36103124002,3218,0.0568,4.6,10.2,19.8,4.1,1.6,14.7,18.0,1.6,1.8,1.7
36103,Suffolk County,36103124101,4014,0.4689,15.4,9.1,23.1,8.6,1.5,16.5,18.5,2.6,8.6,3.8
36103,Suffolk County,36103124102,3582,0.2133,10.1,7.5,13.8,15.6,2.5,14.8,19.6,1.4,1.9,8.3
36103,Suffolk County,36103124200,6428,0.2387,9.5,5.9,29.7,3.6,0.7,15.0,25.5,1.6,4.9,7.6
36103,Suffolk County,36103124301,1948,0.0838,3.7,4.6,14.9,12.1,0.0,23.0,12.1,0.0,0.6,9.7
36103,Suffolk County,36103124302,4510,0.6472,9.5,4.6,23.7,19.5,2.9,29.8,15.3,1.0,9.5,14.2
36103,Suffolk County,36103124401,3419,0.3319,7.7,10.3,29.4,5.2,0.8,23.0,14.6,0.8,9.7,10.4
36103,Suffolk County,36103124402,4040,0.0485,2.7,5.5,26.8,3.1,4.4,21.7,15.3,0.0,2.4,6.7
36103,Suffolk County,36103124500,5070,0.1561,6.1,3.7,19.4,5.1,2.5,18.8,20.1,3.5,3.4,5.3
36103,Suffolk County,36103124601,2624,0.0283,7.0,2.2,34.7,1.9,1.1,21.0,13.9,0.0,5.2,9.0
36103,Suffolk County,36103124602,4491,0.1728,15.0,5.8,26.1,1.7,2.5,17.2,20.7,2.4,4.5,1.5
36103,Suffolk County,36103134702,6146,0.3499,8.4,4.8,32.8,6.0,5.6,23.4,18.5,1.4,19.0,13.0
36103,Suffolk County,36103134703,3950,0.0036,1.0,4.5,9.9,0.9,0.3,17.4,23.5,0.0,1.1,6.9
36103,Suffolk County,36103134704,2865,0.2315,8.8,3.7,22.0,4.9,2.9,20.0,20.1,1.1,3.3,5.1
36103,Suffolk County,36103134902,5236,0.0779,3.0,3.8,13.9,4.8,3.4,21.0,15.7,0.0,5.9,1.5
36103,Suffolk County,36103134906,5247,0.36,4.7,3.8,23.8,5.8,0.5,27.8,17.8,0.0,10.5,7.7
36103,Suffolk County,36103134907,3471,0.0941,6.7,5.4,24.3,4.4,2.0,19.0,20.6,0.0,2.2,6.6
36103,Suffolk County,36103134908,3120,0.0259,4.7,2.1,10.5,2.1,2.4,17.8,19.9,0.0,2.4,2.0
36103,Suffolk County,36103134909,4397,0.1319,5.8,4.7,12.4,4.9,1.8,15.0,23.1,4.3,2.4,4.9
36103,Suffolk County,36103135002,5208,0.0331,2.3,6.0,15.0,3.4,0.8,11.8,21.3,1.1,1.3,0.4
36103,Suffolk County,36103135003,5144,0.0333,6.7,3.8,14.6,2.3,0.6,14.2,25.3,0.7,1.2,1.9
36103,Suffolk County,36103135004,3024,0.0631,6.2,3.5,10.3,3.6,3.5,17.2,20.2,0.0,1.4,2.7
36103,Suffolk County,36103135005,3381,0.2893,5.8,2.4,27.8,7.8,5.9,43.4,9.8,0.1,12.8,15.3
36103,Suffolk County,36103135101,3866,0.0302,3.8,4.5,15.1,2.5,1.4,15.4,22.2,0.0,0.0,3.1
36103,Suffolk County,36103135102,4750,0.08,8.0,5.4,18.9,2.4,0.4,12.4,21.1,3.6,2.1,0.5
36103,Suffolk County,36103135103,4887,0.0133,4.4,3.3,12.8,1.7,1.8,15.7,25.9,0.2,0.0,0.0
36103,Suffolk County,36103135104,5144,0.0464,4.3,2.9,19.1,7.1,0.8,14.7,27.7,0.0,5.8,7.6
36103,Suffolk County,36103135201,1875,0.053,5.1,1.6,11.3,2.0,1.0,16.4,21.8,2.0,4.1,1.9
36103,Suffolk County,36103135205,4977,0.2165,2.5,6.6,10.3,2.0,2.9,14.6,20.1,0.4,5.9,5.7
36103,Suffolk County,36103135208,2575,0.0114,2.1,1.8,17.1,4.6,2.3,25.5,18.8,0.0,3.2,3.7
36103,Suffolk County,36103135209,3479,0.0971,6.6,7.8,17.2,3.5,3.1,15.0,19.6,0.0,3.0,2.8
36103,Suffolk County,36103135303,4164,0.0943,4.9,4.2,18.8,2.0,0.6,17.7,24.7,0.0,2.1,4.3
36103,Suffolk County,36103135305,1716,0.0312,3.8,1.3,9.6,5.1,2.0,18.6,25.9,0.0,3.7,0.0
36103,Suffolk County,36103135306,5049,0.039,10.4,4.1,17.6,3.5,1.6,15.2,17.4,2.7,3.3,4.3
36103,Suffolk County,36103135401,6207,0.1146,13.1,2.3,17.2,3.8,0.6,13.6,24.0,0.2,2.4,3.9
36103,Suffolk County,36103135402,7342,0.1066,3.8,1.3,12.3,3.2,2.7,17.9,17.7,1.6,3.2,2.6
36103,Suffolk County,36103135403,4242,0.3075,16.6,1.1,34.6,5.5,3.9,16.7,22.3,0.3,1.8,5.8
36103,Suffolk County,36103135500,4695,0.0728,8.5,4.2,11.9,4.2,2.6,23.1,16.1,0.0,1.1,12.3
36103,Suffolk County,36103145601,6120,0.5883,21.6,1.6,24.3,16.6,14.5,8.7,26.3,10.3,1.6,9.7
36103,Suffolk County,36103145602,7807,0.5826,10.5,4.2,13.7,29.5,10.1,11.3,16.8,10.8,7.2,30.4
36103,Suffolk County,36103145603,6593,0.7276,11.5,1.2,18.3,25.6,12.4,13.1,25.0,13.3,7.9,21.8
36103,Suffolk County,36103145604,5671,0.6736,4.5,4.5,9.3,35.2,11.9,9.4,29.8,18.8,8.3,28.0
36103,Suffolk County,36103145605,3857,0.8894,17.8,10.4,35.3,22.7,14.7,13.3,24.2,10.7,11.1,13.8
36103,Suffolk County,36103145701,4726,0.4621,12.0,5.1,25.1,7.1,4.4,16.5,20.5,4.7,2.6,3.9
36103,Suffolk County,36103145702,7892,0.5923,17.9,5.6,11.5,23.7,13.1,8.4,20.6,13.8,9.0,33.6
36103,Suffolk County,36103145703,5564,0.8196,20.3,4.7,28.1,31.4,8.8,15.8,24.9,12.4,16.2,11.4
36103,Suffolk County,36103145705,3264,0.6259,21.9,3.0,48.2,5.3,5.6,8.9,23.4,5.1,15.8,3.6
36103,Suffolk County,36103145706,4631,0.4934,11.0,5.2,22.3,22.1,9.0,8.6,22.7,9.1,6.8,1.7
36103,Suffolk County,36103145803,5407,0.395,7.5,5.5,24.7,12.4,4.3,18.3,19.0,2.6,4.0,4.9
36103,Suffolk County,36103145804,3568,0.3748,9.9,4.0,28.5,10.3,1.9,15.4,19.1,3.0,3.1,8.3
36103,Suffolk County,36103145807,4262,0.0707,2.9,9.9,12.2,7.9,1.5,15.4,17.1,1.3,1.6,6.2
36103,Suffolk County,36103145808,3159,0.226,6.8,4.5,34.1,2.7,0.8,17.8,17.4,1.9,14.3,2.4
36103,Suffolk County,36103145809,1969,0.2325,10.7,0.1,30.2,6.1,5.1,9.8,19.2,1.9,10.0,8.2
36103,Suffolk County,36103145810,3364,0.0791,9.9,8.8,21.1,4.6,2.3,14.7,15.5,0.0,1.3,1.8
36103,Suffolk County,36103145901,3294,0.3931,21.5,7.0,24.9,10.6,6.3,7.6,19.2,11.1,2.3,9.6
36103,Suffolk County,36103145903,6991,0.5472,9.7,3.0,18.1,16.3,3.9,11.9,24.3,4.8,4.0,7.6
36103,Suffolk County,36103145904,4189,0.862,30.2,7.0,51.3,17.9,4.9,18.6,25.2,10.0,11.1,15.7
36103,Suffolk County,36103145905,4137,0.4094,15.4,7.0,13.1,15.9,2.3,8.9,22.9,12.0,1.2,16.7
36103,Suffolk County,36103146001,4902,0.6493,11.7,5.7,26.8,37.6,15.3,7.7,24.0,9.7,5.4,17.3
36103,Suffolk County,36103146002,5246,0.4904,12.7,1.6,23.6,23.7,11.4,10.4,19.2,9.3,0.0,2.3
36103,Suffolk County,36103146004,1602,0.8434,28.6,0.3,38.1,27.1,14.8,11.7,34.8,15.4,11.3,3.7
36103,Suffolk County,36103146005,8373,0.7069,12.4,3.8,29.6,14.9,17.7,6.6,37.8,16.1,5.0,5.5
36103,Suffolk County,36103146102,2778,0.5313,6.8,1.9,21.3,30.1,9.7,11.3,27.3,6.8,5.4,14.6
36103,Suffolk County,36103146103,4642,0.1384,12.4,3.6,10.7,14.9,2.5,13.0,19.7,1.7,0.0,1.9
36103,Suffolk County,36103146105,6835,0.5581,8.6,2.2,23.4,29.1,8.2,11.6,17.9,9.0,12.3,17.7
36103,Suffolk County,36103146106,4563,0.8447,29.1,8.2,38.8,34.9,3.4,20.8,19.3,13.8,12.8,21.4
36103,Suffolk County,36103146201,5936,0.7115,11.8,5.5,19.9,32.1,8.4,9.2,27.8,9.8,19.6,15.6
36103,Suffolk County,36103146202,5935,0.6303,15.5,6.7,26.8,29.9,9.8,6.6,24.0,7.3,8.5,5.3
36103,Suffolk County,36103146203,4939,0.694,17.6,6.1,27.8,32.3,13.5,6.9,24.6,10.4,4.7,14.9
36103,Suffolk County,36103146204,6321,0.6999,7.9,6.7,23.3,45.9,13.0,8.4,23.0,8.0,17.3,24.9
36103,Suffolk County,36103146205,2016,0.1952,7.2,4.7,24.8,7.9,5.7,17.3,20.6,0.0,2.4,9.5
36103,Suffolk County,36103146206,1901,0.2245,12.4,6.3,22.7,11.9,3.1,11.7,19.5,0.6,9.1,11.2
36103,Suffolk County,36103146300,2307,0.3802,15.0,1.1,22.5,8.1,2.3,27.2,5.3,1.9,20.3,16.0
36103,Suffolk County,36103146402,3842,0.1899,6.4,2.1,16.0,6.4,3.8,22.4,16.3,2.1,5.3,8.7
36103,Suffolk County,36103146403,6464,0.759,27.4,2.9,35.4,28.9,17.3,7.7,33.0,15.8,4.3,10.7
36103,Suffolk County,36103146404,3253,0.6274,5.8,2.9,16.5,30.4,4.8,14.1,23.3,9.6,11.6,19.2
36103,Suffolk County,36103146500,5318,0.0152,7.9,0.3,14.5,4.0,1.8,13.1,21.6,0.0,0.9,8.8
36103,Suffolk County,36103146607,2473,0.5512,20.2,2.2,31.4,9.2,1.4,13.7,22.4,2.0,1.5,7.6
36103,Suffolk County,36103146608,2867,0.4655,19.0,3.7,29.5,8.7,2.5,17.2,20.0,0.1,6.4,11.0
36103,Suffolk County,36103146611,3261,0.0876,11.5,1.3,18.1,3.7,1.3,12.2,25.3,1.5,2.3,2.3
36103,Suffolk County,36103146612,5234,0.314,8.8,4.9,11.9,8.1,3.2,16.7,25.1,2.1,7.1,1.3
36103,Suffolk County,36103146613,3754,0.034,2.8,7.7,15.4,3.5,1.8,10.9,26.2,1.6,0.8,3.6
36103,Suffolk County,36103146614,5074,0.0527,5.1,1.3,20.0,2.6,1.5,17.9,24.1,0.3,2.0,2.8
36103,Suffolk County,36103146616,4266,0.0348,8.5,3.1,15.6,4.5,0.3,20.5,23.8,0.0,1.1,5.8
36103,Suffolk County,36103146617,2795,0.1089,2.1,3.5,28.2,5.0,5.0,14.1,18.5,0.0,0.8,2.7
36103,Suffolk County,36103146618,6084,0.2958,6.6,7.9,20.7,2.3,2.7,8.9,26.5,4.5,12.3,4.5
36103,Suffolk County,36103146619,2698,0.1112,6.9,1.4,15.1,9.9,6.1,12.6,17.6,2.5,2.3,1.3
36103,Suffolk County,36103146620,2227,0.1332,2.1,8.1,13.2,17.7,2.8,23.9,11.6,0.0,8.1,0.0
36103,Suffolk County,36103146703,3891,0.5482,14.1,5.6,21.1,17.1,8.7,15.3,21.8,6.3,7.2,9.4
36103,Suffolk County,36103146704,2210,0.0842,4.4,6.6,19.3,5.2,4.6,14.3,13.1,0.0,5.6,0.0
36103,Suffolk County,36103146705,2924,0.015,4.7,3.2,10.1,3.5,1.2,15.4,14.4,0.5,0.0,6.8
36103,Suffolk County,36103146706,2452,0.023,3.1,2.2,16.2,4.9,1.2,12.9,21.5,0.0,1.7,4.2
36103,Suffolk County,36103146800,6356,0.0165,4.8,3.2,13.7,3.9,4.4,13.7,18.4,0.0,0.8,0.8
36103,Suffolk County,36103146901,5187,0.0078,2.3,5.3,12.2,3.2,2.0,10.4,22.7,0.0,2.8,1.3
36103,Suffolk County,36103146902,3877,0.1485,1.6,4.8,14.8,4.7,5.6,19.8,23.2,1.6,1.8,5.6
36103,Suffolk County,36103147001,4635,0.0116,4.9,3.2,18.0,4.6,0.9,13.0,25.2,0.6,0.9,6.1
36103,Suffolk County,36103147003,4472,0.0219,2.6,4.1,16.7,4.7,1.0,22.7,18.7,1.0,0.6,4.5
36103,Suffolk County,36103147004,89,0.0572,0.0,0.0,5.9,0.0,0.0,21.3,16.9,0.0,5.9,11.8
36103,Suffolk County,36103147100,3181,0.0082,3.1,3.1,12.1,1.4,1.5,14.1,28.3,0.0,3.5,2.5
36103,Suffolk County,36103147201,3953,0.3108,11.0,5.1,24.1,7.1,1.0,14.9,19.5,1.2,14.5,18.4
36103,Suffolk County,36103147202,2296,0.5166,10.8,5.2,27.0,10.6,3.5,10.5,18.5,1.7,4.8,4.3
36103,Suffolk County,36103147301,2517,0.4661,16.0,5.0,43.2,17.8,4.8,22.2,13.9,1.4,22.9,36.5
36103,Suffolk County,36103147302,4372,0.3997,8.9,1.6,42.1,3.5,9.8,20.4,20.7,4.0,6.8,4.6
36103,Suffolk County,36103147401,5766,0.6906,10.7,9.0,33.3,16.5,3.9,22.5,16.9,4.0,7.4,17.7
36103,Suffolk County,36103147402,2959,0.1523,0.7,1.5,10.0,7.6,1.8,24.6,17.1,0.7,16.5,20.3
36103,Suffolk County,36103147502,5559,0.0074,3.6,1.9,11.3,3.0,1.9,21.8,19.3,0.0,0.0,0.0
36103,Suffolk County,36103147503,1992,0.0371,7.5,3.2,26.0,2.6,1.0,23.5,13.7,0.0,2.1,8.3
36103,Suffolk County,36103147504,999,0.1051,4.8,5.5,18.0,1.9,1.5,25.5,21.7,0.0,5.9,5.9
36103,Suffolk County,36103147505,7018,0.1935,11.9,2.9,22.5,8.8,2.3,15.5,21.4,0.0,12.7,12.3
36103,Suffolk County,36103147601,2491,0.0017,5.5,0.2,13.2,1.5,0.5,16.2,14.5,0.0,1.6,5.1
36103,Suffolk County,36103147602,4960,0.2541,14.6,7.5,31.3,3.0,2.1,28.0,14.8,0.5,8.3,11.6
36103,Suffolk County,36103147701,3455,0.0677,4.3,3.1,17.1,5.8,0.1,18.8,16.3,0.5,2.3,4.3
36103,Suffolk County,36103147702,4946,0.0194,7.6,3.8,14.8,3.2,1.7,16.6,18.3,0.0,1.2,4.9
36103,Suffolk County,36103147802,3672,0.1479,4.2,0.7,18.2,4.7,3.8,24.0,20.0,0.7,3.7,6.0
36103,Suffolk County,36103147803,3050,0.1939,7.7,3.3,24.5,4.4,0.3,26.6,17.2,1.5,9.7,16.2
36103,Suffolk County,36103147804,5968,0.1825,7.9,1.0,18.2,3.1,1.9,14.8,28.5,1.1,6.1,8.2
36103,Suffolk County,36103147901,4382,0.1956,8.6,2.4,24.1,3.4,2.1,17.9,16.8,0.9,10.7,6.9
36103,Suffolk County,36103147902,4536,0.0443,7.8,1.4,19.2,1.2,0.7,16.1,20.3,2.6,1.9,13.7
36103,Suffolk County,36103158001,3657,0.076,8.0,5.9,13.9,1.8,1.9,20.7,23.3,0.0,2.2,2.2
36103,Suffolk County,36103158009,2259,0.0162,12.3,1.8,15.9,2.5,2.6,15.9,22.2,0.0,4.6,5.8
36103,Suffolk County,36103158010,3454,0.0262,4.2,6.5,5.8,0.4,0.4,15.5,24.4,1.9,0.8,2.7
36103,Suffolk County,36103158011,4308,0.2806,8.3,3.9,18.6,2.9,0.8,20.3,19.0,1.8,11.1,2.9
36103,Suffolk County,36103158012,4277,0.0291,9.5,7.9,12.9,1.8,0.6,18.0,19.8,0.0,11.5,8.9
36103,Suffolk County,36103158013,2476,0.1891,6.6,2.9,11.6,1.3,0.0,32.7,24.2,0.0,5.7,4.6
36103,Suffolk County,36103158014,659,,,6.6,,9.7,0.0,44.8,0.0,,,
36103,Suffolk County,36103158015,8096,,,13.1,,0.0,1.7,0.0,2.1,,,
36103,Suffolk County,36103158016,2299,0.0034,4.0,0.0,5.0,2.7,0.3,10.3,29.5,0.0,0.0,1.9
36103,Suffolk County,36103158017,3639,0.0519,2.7,1.0,20.1,0.7,0.7,24.3,21.0,0.8,0.0,1.0
36103,Suffolk County,36103158102,4951,0.2703,13.4,6.1,19.4,8.0,2.3,15.2,19.5,1.3,3.5,3.7
36103,Suffolk County,36103158103,4933,0.3385,9.1,11.3,18.5,8.9,8.1,10.5,26.0,1.5,4.1,3.4
36103,Suffolk County,36103158107,3589,0.2899,10.5,7.6,18.6,4.7,2.9,24.9,15.0,0.5,14.9,13.1
36103,Suffolk County,36103158108,2953,0.0618,8.2,4.2,13.8,4.1,3.0,11.4,21.3,0.9,3.1,6.6
36103,Suffolk County,36103158111,3431,0.0713,4.3,4.1,15.9,4.7,4.0,9.2,27.7,3.8,0.8,6.3
36103,Suffolk County,36103158112,4300,0.2845,11.2,8.2,22.0,8.6,4.2,13.5,20.3,2.4,0.7,3.2
36103,Suffolk County,36103158114,3229,0.0703,2.7,2.7,20.0,4.9,2.8,18.0,22.2,0.0,3.5,5.6
36103,Suffolk County,36103158116,2017,0.4775,12.8,8.8,25.1,6.9,3.0,15.8,22.7,3.2,2.1,4.8
36103,Suffolk County,36103158117,2623,0.1382,7.8,1.0,34.7,4.1,1.1,34.2,14.9,0.0,4.2,9.1
36103,Suffolk County,36103158118,3700,0.3855,5.1,1.6,25.8,10.3,4.6,23.0,17.8,1.9,14.7,18.6
36103,Suffolk County,36103158119,6405,0.1353,10.3,6.8,18.8,5.2,2.8,11.5,24.1,1.1,2.7,3.2
36103,Suffolk County,36103158120,2751,0.0308,4.1,4.2,17.2,7.8,0.9,15.7,18.8,0.0,0.0,3.8
36103,Suffolk County,36103158205,1547,0.0403,2.0,2.9,9.7,4.0,0.0,14.4,27.1,4.2,9.5,2.6
36103,Suffolk County,36103158206,3880,0.4402,9.3,4.8,22.7,7.2,5.0,20.1,18.4,3.3,5.6,7.2
36103,Suffolk County,36103158207,4921,0.1102,4.9,1.7,16.6,2.0,2.0,26.7,19.7,1.6,4.9,4.3
36103,Suffolk County,36103158208,4571,0.2403,8.5,10.1,16.7,3.7,0.9,14.8,21.9,2.2,1.3,5.3
36103,Suffolk County,36103158209,3581,0.5932,23.8,1.8,36.3,10.1,2.1,10.9,23.1,4.8,10.7,11.0
36103,Suffolk County,36103158304,6882,0.1101,6.8,9.8,27.4,5.3,1.5,21.1,22.4,1.2,2.7,3.5
36103,Suffolk County,36103158306,6080,0.1266,2.3,7.6,19.9,9.1,1.3,26.6,21.9,0.8,3.7,11.8
36103,Suffolk County,36103158309,5082,0.2241,14.5,1.7,28.5,7.4,4.3,19.6,19.3,0.9,9.2,8.5
36103,Suffolk County,36103158310,4872,0.3918,15.6,3.7,25.9,9.2,3.1,31.9,19.8,0.0,7.4,14.1
36103,Suffolk County,36103158315,4122,0.2431,9.2,8.3,30.5,4.0,4.0,20.4,13.2,0.2,7.0,3.8
36103,Suffolk County,36103158317,5549,0.1633,5.4,5.6,18.3,2.7,2.5,10.7,26.2,0.3,2.6,5.3
36103,Suffolk County,36103158318,4923,0.0217,3.0,3.6,13.5,3.2,3.1,14.0,19.8,0.7,3.7,13.3
36103,Suffolk County,36103158319,4134,0.3722,8.0,3.6,21.3,8.1,6.8,21.6,20.6,4.2,2.7,4.8
36103,Suffolk County,36103158320,6235,0.1184,11.4,1.9,25.6,2.8,1.8,16.4,21.4,0.5,4.2,7.1
36103,Suffolk County,36103158322,1974,0.0213,3.5,5.0,24.6,2.7,0.9,32.7,19.4,0.0,1.1,0.0
36103,Suffolk County,36103158324,2551,0.5328,11.0,5.4,34.5,14.5,4.5,33.8,14.0,0.0,7.6,11.6
36103,Suffolk County,36103158325,7966,0.4241,16.2,2.8,26.4,9.8,2.5,9.0,27.2,8.4,9.7,9.5
36103,Suffolk County,36103158326,1317,0.6883,14.4,0.0,42.3,11.2,6.4,24.6,24.0,0.0,13.3,18.8
36103,Suffolk County,36103158327,6344,0.3188,4.4,9.0,17.6,15.7,4.8,12.8,23.7,2.4,5.2,15.4
36103,Suffolk County,36103158328,5268,0.1498,8.5,6.7,23.0,7.1,1.9,16.2,23.8,0.0,1.6,0.9
36103,Suffolk County,36103158329,1560,0.0046,1.8,0.0,12.6,0.0,0.0,24.4,24.6,0.0,4.4,0.0
36103,Suffolk County,36103158401,1250,0.326,13.4,9.4,25.7,6.2,1.6,10.5,25.6,0.0,5.8,12.6
36103,Suffolk County,36103158402,4793,0.0625,5.4,2.8,13.7,6.2,2.3,15.4,27.5,0.8,0.6,2.5
36103,Suffolk County,36103158403,2494,0.2794,13.2,6.4,36.4,6.2,1.4,11.0,18.7,0.0,14.1,9.7
36103,Suffolk County,36103158407,5517,0.1589,5.4,8.0,21.1,8.4,2.0,14.0,26.9,0.0,1.8,5.3
36103,Suffolk County,36103158408,3631,0.0698,7.0,6.4,25.9,3.5,3.1,8.0,21.4,4.1,1.9,5.9
36103,Suffolk County,36103158409,3631,0.2617,11.9,9.2,27.3,4.9,0.9,23.6,17.4,0.4,7.2,13.9
36103,Suffolk County,36103158410,2852,0.1853,13.3,1.5,35.4,9.4,0.0,69.0,3.2,1.0,6.5,19.7
36103,Suffolk County,36103158411,3165,0.0701,1.6,4.6,12.0,5.4,2.6,7.6,22.8,9.4,2.2,0.0
36103,Suffolk County,36103158412,2659,0.0576,5.0,5.4,10.9,5.5,0.9,20.0,20.6,1.1,6.8,10.5
36103,Suffolk County,36103158502,3698,0.6577,16.5,1.8,33.9,9.4,1.4,22.9,23.4,1.8,8.2,15.5
36103,Suffolk County,36103158505,3900,0.2672,20.3,5.3,40.1,2.7,8.2,7.0,25.1,0.2,3.5,3.8
36103,Suffolk County,36103158506,3577,0.158,6.1,2.7,22.5,6.2,3.0,12.1,26.6,0.6,2.6,0.7
36103,Suffolk County,36103158509,5243,0.4193,13.0,2.8,36.0,9.0,7.2,17.2,23.7,5.3,0.8,6.3
36103,Suffolk County,36103158510,7048,0.1781,8.1,2.6,13.3,15.3,6.6,11.2,18.8,1.8,6.0,8.6
36103,Suffolk County,36103158511,6838,0.2505,5.3,4.5,18.5,7.7,3.4,18.5,22.6,2.6,6.5,4.1
36103,Suffolk County,36103158512,2968,0.0534,8.3,6.1,13.7,4.8,4.2,14.1,23.1,0.0,1.6,3.7
36103,Suffolk County,36103158513,2781,0.3235,7.1,4.8,18.6,7.2,3.8,10.3,24.7,5.9,2.8,3.2
36103,Suffolk County,36103158514,8156,0.3957,8.5,5.4,22.7,7.5,4.8,12.4,25.7,1.9,4.2,1.5
36103,Suffolk County,36103158604,5366,0.1123,7.2,4.1,12.3,6.3,7.6,12.8,20.7,4.5,1.5,0.7
36103,Suffolk County,36103158605,5193,0.1327,4.8,5.3,19.7,12.6,3.5,13.0,21.6,1.9,1.2,3.3
36103,Suffolk County,36103158606,5052,0.2678,9.0,5.5,18.9,10.8,2.9,13.0,23.7,1.3,2.1,4.5
36103,Suffolk County,36103158607,3564,0.3011,16.0,3.8,25.2,18.3,10.9,10.0,19.7,1.0,6.1,3.0
36103,Suffolk County,36103158608,3565,0.6331,22.4,7.7,28.9,10.7,6.9,14.6,21.6,3.7,1.1,6.6
36103,Suffolk County,36103158609,4830,0.1426,6.0,8.7,32.6,6.1,4.9,15.3,17.2,0.0,0.7,6.6
36103,Suffolk County,36103158705,4466,0.5374,13.1,4.2,23.7,10.5,11.2,6.4,29.5,4.2,0.0,12.5
36103,Suffolk County,36103158707,2034,0.0848,7.1,2.6,10.3,5.5,4.1,9.6,20.7,4.9,1.1,1.7
36103,Suffolk County,36103158708,3365,0.4476,17.2,3.3,41.4,9.3,2.3,18.7,15.8,0.4,11.4,16.9
36103,Suffolk County,36103158709,3189,0.1388,10.8,3.2,34.6,2.3,4.3,19.3,10.9,2.4,6.2,6.2
36103,Suffolk County,36103158710,3884,0.3881,9.0,1.0,17.2,6.4,5.2,17.6,25.6,9.0,1.2,5.0
36103,Suffolk County,36103158711,6018,0.3368,18.3,6.7,29.1,10.4,1.0,23.9,17.7,0.0,3.5,10.5
36103,Suffolk County,36103158712,6818,0.5066,15.8,10.3,15.4,13.3,3.9,22.6,19.6,0.0,1.6,11.9
36103,Suffolk County,36103158713,3263,0.3821,26.4,0.7,30.1,20.2,0.7,10.5,13.8,1.3,22.4,4.9
36103,Suffolk County,36103158714,2045,0.5824,22.5,17.4,53.1,12.2,0.0,5.5,45.2,14.3,0.0,13.8
36103,Suffolk County,36103158715,4754,0.0983,10.6,1.6,33.2,4.4,0.4,16.4,14.6,0.0,3.2,5.2
36103,Suffolk County,36103158802,4616,0.1602,7.7,8.4,27.9,3.5,0.3,22.7,18.9,0.0,3.1,3.8
36103,Suffolk County,36103158803,5987,0.1021,6.9,1.5,26.6,7.0,3.0,17.2,16.8,0.0,5.3,4.0
36103,Suffolk County,36103158805,3506,0.118,6.0,2.8,11.8,4.8,5.0,12.1,23.8,0.0,2.2,5.0
36103,Suffolk County,36103158806,4294,0.1133,2.1,0.0,30.7,8.8,2.2,8.2,25.7,4.2,0.0,4.9
36103,Suffolk County,36103158901,3266,0.4387,16.1,9.4,38.4,7.7,2.1,14.3,20.4,4.0,5.3,5.3
36103,Suffolk County,36103158902,4460,0.5026,14.8,3.1,29.4,19.7,6.4,6.0,11.9,6.3,6.7,5.4
36103,Suffolk County,36103159000,4617,0.3937,9.7,4.1,24.1,7.1,6.5,12.2,17.5,2.7,9.6,3.3
36103,Suffolk County,36103159103,5353,0.8002,31.2,16.4,30.0,22.4,9.1,8.0,28.1,2.0,9.4,18.7
36103,Suffolk County,36103159106,5776,0.3404,19.8,3.3,28.3,7.5,5.3,11.4,20.5,4.9,1.9,3.2
36103,Suffolk County,36103159107,4620,0.1648,18.9,0.8,20.4,18.4,6.8,10.8,23.5,0.0,2.1,7.4
36103,Suffolk County,36103159108,7282,0.1979,6.5,5.3,16.3,6.8,1.9,22.2,22.9,0.0,1.6,7.4
36103,Suffolk County,36103159109,2700,0.3113,6.0,2.8,26.5,11.9,2.6,19.0,24.4,0.0,5.0,17.2
36103,Suffolk County,36103159110,3412,0.632,21.2,0.8,42.3,8.1,2.5,27.7,14.1,1.1,18.5,12.5
36103,Suffolk County,36103159111,3489,0.2619,5.1,8.6,15.5,19.6,4.4,17.7,20.8,2.5,0.0,6.3
36103,Suffolk County,36103159112,3495,0.3946,13.8,0.8,43.5,5.3,2.3,19.0,20.3,2.1,6.7,11.0
36103,Suffolk County,36103159201,3032,0.1538,9.9,8.2,13.9,16.0,4.4,14.5,18.0,1.9,2.9,5.6
36103,Suffolk County,36103159203,5321,0.0181,1.3,5.6,11.4,3.3,3.3,15.8,16.4,0.0,2.6,1.5
36103,Suffolk County,36103159204,3815,0.4735,14.5,4.6,30.2,7.3,3.9,25.0,15.9,4.3,8.7,11.3
36103,Suffolk County,36103159300,1844,0.0682,6.1,3.0,28.9,2.4,0.7,35.0,14.6,0.0,5.1,5.9
36103,Suffolk County,36103159406,4586,0.3334,13.0,3.2,30.8,6.7,2.5,21.2,20.2,1.1,4.9,10.3
36103,Suffolk County,36103159407,7847,0.1344,4.5,10.7,16.6,6.0,3.2,11.5,24.5,0.0,3.0,3.0
36103,Suffolk County,36103159408,3508,0.4081,14.9,7.9,22.5,11.3,7.0,9.6,19.3,3.9,2.2,1.3
36103,Suffolk County,36103159410,6808,0.1216,18.8,3.3,20.8,5.2,1.4,14.5,18.0,1.6,3.5,6.9
36103,Suffolk County,36103159411,3527,0.2068,11.1,5.4,23.1,9.5,4.4,10.5,25.6,0.0,3.1,3.6
36103,Suffolk County,36103159413,4746,0.3461,12.7,0.6,28.9,3.8,0.3,29.5,21.7,1.7,6.6,10.0
36103,Suffolk County,36103159414,2649,0.1486,9.6,2.5,18.8,3.6,1.4,11.6,18.2,4.0,4.2,4.9
36103,Suffolk County,36103159415,1499,0.6413,22.6,4.8,47.6,7.2,10.1,8.6,19.7,2.4,6.5,14.8
36103,Suffolk County,36103159416,5698,0.5936,28.0,12.1,35.7,21.0,7.6,8.3,23.4,4.5,3.9,9.1
36103,Suffolk County,36103159509,3766,0.1329,31.5,3.9,32.4,11.8,2.4,7.1,26.3,0.0,0.9,5.3
36103,Suffolk County,36103159510,237,0.5565,15.2,0.0,19.2,18.4,5.9,15.6,19.4,4.1,20.5,13.7
36103,Suffolk County,36103159511,6362,0.6208,16.6,8.0,31.4,8.9,6.3,12.5,27.0,1.4,7.1,12.3
36103,Suffolk County,36103159512,2430,0.3279,21.4,4.4,40.1,12.2,2.7,14.7,22.8,1.4,2.4,3.2
36103,Suffolk County,36103159513,4992,0.2188,9.8,2.9,20.9,8.3,4.1,15.2,16.2,3.1,1.4,22.3
36103,Suffolk County,36103159514,2894,0.1464,16.2,2.8,13.7,2.8,0.0,16.8,25.3,4.6,10.8,3.4
36103,Suffolk County,36103159515,2685,0.3037,10.6,1.7,34.2,7.4,2.1,12.6,30.7,0.9,8.6,5.2
36103,Suffolk County,36103159516,6121,0.4514,14.0,10.2,25.6,14.3,2.8,11.0,28.5,3.4,11.1,11.9
36103,Suffolk County,36103159517,3657,0.325,23.8,1.3,23.1,18.7,10.5,10.7,24.7,2.0,2.5,0.0
36103,Suffolk County,36103159518,4787,0.4944,23.8,4.8,30.4,24.9,7.0,17.0,22.7,5.7,5.6,9.7
36103,Suffolk County,36103159602,4183,0.1389,6.5,2.9,20.7,4.7,2.4,20.0,23.5,0.7,0.8,3.5
36103,Suffolk County,36103159603,1127,0.0553,9.8,1.1,16.6,7.0,1.4,51.9,9.8,0.0,6.9,14.3
36103,Suffolk County,36103159604,5583,0.1405,7.2,2.9,14.4,6.5,3.8,13.2,26.1,1.4,2.2,4.4
36103,Suffolk County,36103159700,2232,0.0947,14.1,5.4,32.7,3.8,0.2,18.8,15.5,0.0,1.7,3.1
36103,Suffolk County,36103169701,8100,0.3442,10.3,4.5,18.9,7.7,2.3,19.5,18.1,0.8,4.1,7.7
36103,Suffolk County,36103169703,1867,0.2218,15.5,4.6,20.7,5.8,0.8,27.8,14.6,0.0,0.8,5.3
36103,Suffolk County,36103169705,2173,0.8185,6.9,8.6,40.0,15.4,9.1,25.0,22.1,5.5,7.6,9.7
36103,Suffolk County,36103169706,4972,0.4499,16.1,4.6,40.6,4.5,6.1,48.1,10.7,0.0,4.7,14.3
36103,Suffolk County,36103169800,6769,0.8879,29.1,4.9,28.6,31.0,16.0,14.5,23.7,4.2,12.9,17.2
36103,Suffolk County,36103169903,5041,0.8643,16.8,8.4,35.4,25.2,11.8,40.0,16.5,6.6,8.0,11.3
36103,Suffolk County,36103169904,1437,0.2045,20.6,27.6,29.9,3.2,2.2,20.4,14.3,0.0,5.4,10.0
36103,Suffolk County,36103169905,1634,0.0354,4.2,4.8,27.7,1.3,0.0,44.6,8.3,0.0,0.0,5.2
36103,Suffolk County,36103169906,3766,0.1078,11.9,1.1,14.3,4.4,1.9,24.1,18.6,2.2,3.5,0.0
36103,Suffolk County,36103170003,2440,0.4777,9.3,2.6,16.0,15.7,9.5,25.8,19.2,9.0,2.8,13.6
36103,Suffolk County,36103170004,3340,0.0304,1.6,8.9,15.9,0.2,8.3,27.6,13.3,0.0,2.7,2.5
36103,Suffolk County,36103170005,2299,0.1914,17.5,1.4,27.7,4.1,4.3,40.6,12.9,1.2,5.2,18.2
36103,Suffolk County,36103170006,1591,0.0988,5.4,0.1,30.1,1.9,6.4,28.5,18.7,1.4,0.9,2.2
36103,Suffolk County,36103170101,2569,0.7677,18.6,5.5,38.7,17.1,15.1,26.0,13.8,4.1,9.7,12.3
36103,Suffolk County,36103170203,1925,0.6126,4.1,9.7,30.9,15.3,29.2,20.0,26.0,1.9,4.6,5.1
36103,Suffolk County,36103170204,4461,0.4617,11.2,8.1,17.4,9.4,7.2,27.0,22.0,2.8,11.2,9.1
36103,Suffolk County,36103170205,2230,0.4049,7.0,7.0,26.0,7.3,4.8,39.9,11.4,3.4,5.0,10.7
36103,Suffolk County,36103170206,2837,0.1618,7.1,3.9,19.4,2.3,4.3,46.0,5.6,0.0,2.4,8.3
36103,Suffolk County,36103180300,3620,0.4347,23.4,4.6,23.2,12.0,9.0,30.6,21.3,5.3,0.0,23.1
36103,Suffolk County,36103190402,2732,0.4214,15.2,3.4,22.5,7.0,6.6,31.6,19.4,0.0,5.9,4.5
36103,Suffolk County,36103190403,4683,0.5963,14.3,4.4,26.7,16.3,13.2,23.4,17.9,5.6,7.3,11.7
36103,Suffolk County,36103190404,4350,0.7411,8.9,13.3,40.7,21.6,11.2,11.1,12.3,5.1,8.3,16.7
36103,Suffolk County,36103190405,6411,0.7675,27.3,2.6,25.1,26.2,14.0,16.1,27.5,12.3,8.4,17.6
36103,Suffolk County,36103190502,3131,0.3988,11.6,4.9,19.1,5.2,5.1,25.4,14.5,1.5,1.9,11.4
36103,Suffolk County,36103190503,2638,0.077,10.1,1.5,19.2,3.0,2.9,26.6,18.6,0.0,3.0,13.8
36103,Suffolk County,36103190504,2804,0.0656,2.0,2.6,8.6,5.2,0.6,23.1,26.7,0.0,7.7,10.3
36103,Suffolk County,36103190603,5788,0.6067,7.7,3.0,22.1,12.2,10.8,17.8,18.8,1.9,5.0,6.4
36103,Suffolk County,36103190604,5604,0.273,12.7,1.6,16.0,9.7,9.2,19.8,20.3,2.4,0.6,13.8
36103,Suffolk County,36103190605,640,0.5541,31.1,0.0,27.7,1.8,21.9,32.7,23.1,0.0,5.5,14.6
36103,Suffolk County,36103190606,4075,0.2292,16.4,4.1,18.8,10.3,3.8,23.9,17.3,1.0,1.2,6.3
36103,Suffolk County,36103190706,6111,0.1977,8.1,1.6,23.5,1.5,5.3,25.5,17.2,0.0,6.9,16.2
36103,Suffolk County,36103190708,1976,0.0549,8.2,1.9,21.2,3.4,0.4,38.3,14.4,0.6,1.7,14.5
36103,Suffolk County,36103190709,2357,0.505,3.4,6.1,16.5,10.0,17.3,27.8,17.6,0.0,4.8,9.7
36103,Suffolk County,36103190710,1443,0.127,5.7,9.7,22.1,3.8,1.5,28.1,12.8,0.0,3.7,4.1
36103,Suffolk County,36103190711,4354,0.3826,9.9,3.4,23.3,8.4,9.1,25.0,21.8,0.8,3.3,9.1
36103,Suffolk County,36103190712,940,0.0937,11.8,6.1,19.8,4.2,5.1,28.2,4.7,0.0,0.0,13.9
36103,Suffolk County,36103190713,2129,0.0314,5.6,8.2,6.5,2.9,3.1,18.3,16.9,0.0,2.3,12.2
36103,Suffolk County,36103190714,2016,0.2863,12.5,5.1,17.3,7.2,3.6,22.0,19.4,1.5,2.1,29.6
36103,Suffolk County,36103190801,2180,0.1274,9.4,2.9,20.3,1.1,3.0,35.1,11.3,0.0,0.0,6.5
36103,Suffolk County,36103190802,2301,0.495,4.7,14.4,13.4,1.3,4.7,28.8,22.2,5.4,3.1,13.9
36103,Suffolk County,36103200901,1270,0.242,13.0,1.1,32.4,4.2,0.9,35.9,14.0,1.5,7.1,19.5
36103,Suffolk County,36103200903,2109,0.288,11.0,1.9,19.3,2.7,9.8,24.5,19.4,0.0,3.7,22.8
36103,Suffolk County,36103200904,2670,0.5666,23.2,0.0,17.5,21.5,10.1,11.0,24.5,4.9,10.7,0.0
36103,Suffolk County,36103200905,1523,0.4009,7.5,5.6,25.9,6.9,8.3,29.7,7.1,0.0,6.7,13.3
36103,Suffolk County,36103200906,3248,0.3617,35.1,7.9,41.3,0.6,7.1,23.4,22.4,0.9,2.6,6.7
36103,Suffolk County,36103201005,2917,0.4659,6.7,0.6,21.0,9.1,10.2,13.2,25.1,12.9,9.4,6.4
36103,Suffolk County,36103201006,832,0.0441,4.4,0.0,14.8,0.3,0.5,39.4,7.9,0.0,0.0,30.1
36103,Suffolk County,36103201007,2203,0.2992,3.1,2.3,12.6,3.0,15.2,18.7,22.8,0.0,2.2,6.3
36103,Suffolk County,36103201008,2119,0.3241,6.5,7.9,15.8,5.2,8.0,24.5,11.3,0.8,5.5,4.6
36103,Suffolk County,36103201009,6259,0.4087,21.5,1.9,31.5,13.2,4.0,18.1,19.9,1.3,3.3,16.6
36103,Suffolk County,36103201010,2903,0.0369,5.1,0.8,17.8,0.0,9.1,29.2,13.8,2.9,0.0,1.1
36103,Suffolk County,36103201200,587,,75.3,10.3,,28.9,0.0,22.3,2.7,,,
36105,Sullivan County,36105950100,3388,0.2731,21.8,7.3,20.2,5.1,2.4,16.0,17.9,0.3,2.7,16.7
36105,Sullivan County,36105950201,1915,0.3651,17.9,0.0,26.8,7.9,4.3,25.6,19.7,0.0,6.1,28.6
36105,Sullivan County,36105950202,1402,0.268,21.7,0.0,22.4,9.6,6.3,35.7,14.3,0.0,0.0,14.7
36105,Sullivan County,36105950300,1234,0.486,15.8,5.3,30.3,1.1,2.9,28.5,14.9,5.3,2.3,14.7
36105,Sullivan County,36105950400,3006,0.4587,14.3,6.9,20.2,9.9,11.7,26.1,18.7,0.0,1.6,16.9
36105,Sullivan County,36105950500,3485,0.9451,32.7,17.2,42.7,18.2,14.4,17.7,21.5,4.0,18.3,15.5
36105,Sullivan County,36105950600,1704,0.4744,16.0,0.0,32.7,10.1,1.3,23.3,22.4,1.2,8.6,10.9
36105,Sullivan County,36105950701,3361,0.9354,35.6,5.9,42.4,16.1,24.4,5.5,35.7,4.2,24.0,12.3
36105,Sullivan County,36105950702,1653,0.6411,31.7,0.0,19.3,4.3,10.4,17.5,22.5,4.3,24.7,7.0
36105,Sullivan County,36105950801,2297,0.6801,44.6,12.7,33.1,11.6,1.2,6.4,32.2,0.0,7.7,10.3
36105,Sullivan County,36105950802,1943,0.5522,16.9,2.5,30.0,13.8,3.7,20.3,20.7,0.0,0.0,5.2
36105,Sullivan County,36105950900,3640,0.9019,44.9,4.8,34.0,15.7,5.7,17.8,30.8,14.0,7.5,8.4
36105,Sullivan County,36105951000,2535,0.7691,24.3,15.8,28.9,12.3,2.8,15.8,19.3,3.8,10.3,5.6
36105,Sullivan County,36105951100,3789,0.6849,16.6,3.0,25.6,31.8,8.5,10.2,11.4,2.2,6.8,6.8
36105,Sullivan County,36105951201,4719,0.5275,17.5,6.5,30.8,9.6,5.5,12.8,23.5,1.4,3.1,15.1
36105,Sullivan County,36105951202,3936,0.5999,29.5,5.5,33.1,9.0,0.4,9.1,32.3,8.6,22.2,31.1
36105,Sullivan County,36105951301,1912,0.1279,4.4,3.8,13.5,10.2,0.3,18.4,14.0,0.0,1.4,3.8
36105,Sullivan County,36105951302,2044,0.4569,19.2,12.0,24.0,9.4,2.3,26.5,12.7,2.0,3.6,7.5
36105,Sullivan County,36105951500,3037,0.95,40.6,11.0,34.1,21.1,8.3,23.6,23.0,3.1,17.1,26.7
36105,Sullivan County,36105951600,4117,0.9186,34.0,7.1,28.4,17.4,9.5,18.6,27.0,3.6,22.4,12.7
36105,Sullivan County,36105951701,3316,0.3003,3.5,6.7,11.8,7.4,3.9,26.9,20.4,1.3,1.0,3.9
36105,Sullivan County,36105951702,884,0.3157,12.9,7.8,14.1,9.6,5.6,31.9,10.2,0.0,5.8,7.7
36105,Sullivan County,36105951801,2907,0.8955,26.9,13.4,36.5,26.7,2.4,16.5,12.8,1.7,30.3,13.6
36105,Sullivan County,36105951802,3130,0.8453,32.9,6.4,56.4,32.9,1.0,16.9,20.9,11.6,24.3,30.0
36105,Sullivan County,36105951900,1976,0.6881,22.5,4.5,23.5,8.1,7.5,14.2,24.7,3.9,17.5,12.4
36105,Sullivan County,36105952000,2003,0.4492,12.8,2.5,27.7,8.9,0.0,42.8,18.1,3.3,6.1,12.2
36105,Sullivan County,36105952100,2314,0.5554,26.1,6.6,31.9,5.4,4.4,22.2,14.5,1.5,5.8,16.1
36105,Sullivan County,36105952200,1341,0.2296,10.6,8.8,33.6,4.2,2.0,26.2,11.7,0.6,1.8,15.1
36105,Sullivan County,36105952300,1460,0.655,26.5,12.3,34.2,14.2,2.8,21.1,13.2,0.4,1.6,9.3
36105,Sullivan County,36105952400,2194,0.3876,12.0,8.6,32.2,9.6,2.0,27.6,9.8,0.0,2.4,19.6
36105,Sullivan County,36105952500,2083,0.2395,18.9,3.1,16.4,6.7,2.5,15.8,20.8,1.0,1.6,8.8
36107,Tioga County,36107020101,2255,0.3912,20.8,6.7,21.2,13.6,5.9,20.6,22.0,1.3,5.2,17.9
36107,Tioga County,36107020102,3631,0.2308,13.9,4.7,15.0,8.8,2.4,20.6,23.1,0.1,4.8,9.6
36107,Tioga County,36107020200,5114,0.3942,30.1,6.9,22.1,10.1,4.2,21.6,17.6,0.0,5.1,8.8
36107,Tioga County,36107020300,6518,0.2996,14.1,7.2,11.6,6.1,0.8,25.2,20.0,1.0,1.2,4.3
36107,Tioga County,36107020401,4563,0.2754,12.1,3.4,19.3,4.2,8.7,16.2,20.8,1.4,5.4,9.4
36107,Tioga County,36107020402,3973,0.0694,13.6,2.9,17.8,1.3,2.0,19.0,22.0,0.0,1.7,7.0
36107,Tioga County,36107020500,3740,0.6311,32.1,3.1,41.4,8.7,3.0,20.2,23.0,0.8,16.8,15.0
36107,Tioga County,36107020600,7038,0.2984,13.6,9.0,13.9,11.0,2.4,23.4,16.3,0.9,6.2,20.3
36107,Tioga County,36107020701,2965,0.409,18.9,1.9,24.7,8.5,4.5,16.1,22.6,0.3,5.0,12.8
36107,Tioga County,36107020702,4194,0.2845,15.1,4.0,22.5,7.2,3.5,17.0,22.4,0.0,3.9,7.7
36107,Tioga County,36107020703,4353,0.6919,27.2,7.4,32.9,9.5,2.3,23.5,19.8,0.0,17.1,17.1
36109,Tompkins County,36109000100,1884,0.3326,33.3,4.9,55.6,4.3,3.8,12.0,2.5,0.0,38.8,18.5
36109,Tompkins County,36109000201,3010,0.4592,72.0,0.0,65.4,20.9,1.5,0.0,0.1,7.2,47.4,22.2
36109,Tompkins County,36109000202,1735,0.1416,69.3,2.4,54.3,0.0,0.3,3.9,0.5,0.0,24.7,7.4
36109,Tompkins County,36109000300,3069,0.5946,59.0,7.5,61.2,2.8,8.9,1.4,1.4,4.7,39.7,5.6
36109,Tompkins County,36109000400,4474,0.5816,26.4,1.0,43.2,0.7,6.4,1.1,6.1,9.4,28.2,41.5
36109,Tompkins County,36109000500,4439,0.2117,9.5,3.1,24.7,2.3,3.1,21.3,15.7,0.5,10.9,7.3
36109,Tompkins County,36109000600,5035,0.2526,13.4,3.2,30.0,3.0,2.1,22.5,12.4,0.0,17.1,14.6
36109,Tompkins County,36109000700,4015,0.3602,28.5,3.4,43.3,2.0,1.0,10.6,11.8,0.8,19.9,17.7
36109,Tompkins County,36109000800,2627,0.5387,22.4,5.2,45.9,5.7,6.9,12.4,12.4,2.8,23.7,2.1
36109,Tompkins County,36109000900,4387,0.357,16.2,4.9,25.5,3.9,1.0,28.9,17.2,0.0,9.5,8.7
36109,Tompkins County,36109001000,4859,0.5919,28.2,5.1,34.5,8.3,0.9,16.6,20.3,0.0,25.0,8.7
36109,Tompkins County,36109001100,5930,0.3112,40.1,11.4,46.8,1.0,4.9,10.2,6.8,0.0,15.0,3.7
36109,Tompkins County,36109001200,3168,0.1734,15.7,0.3,0.0,0.0,10.0,0.4,2.9,0.0,24.4,0.0
36109,Tompkins County,36109001301,3408,0.2201,27.5,2.7,34.7,0.0,0.9,7.3,9.0,2.1,18.9,24.9
36109,Tompkins County,36109001302,3020,0.1994,17.0,2.5,25.5,1.3,0.9,20.2,13.8,0.0,12.5,6.9
36109,Tompkins County,36109001400,3269,0.3294,23.1,6.3,28.7,1.7,2.9,21.8,13.3,1.4,1.9,3.3
36109,Tompkins County,36109001500,5878,0.4265,14.8,4.2,29.2,4.0,0.2,16.2,16.0,1.8,2.4,9.6
36109,Tompkins County,36109001600,4392,0.319,11.1,8.3,24.5,2.7,2.0,26.9,13.9,0.6,1.7,7.4
36109,Tompkins County,36109001700,3667,0.521,15.2,1.6,22.0,12.4,5.9,20.1,24.7,0.7,8.8,9.2
36109,Tompkins County,36109001800,4879,0.3197,16.5,4.8,20.8,5.4,3.3,21.2,21.2,0.0,5.3,11.3
36109,Tompkins County,36109001901,2857,0.2948,10.0,1.8,22.5,2.3,2.7,20.5,18.3,0.7,10.0,6.7
36109,Tompkins County,36109001902,3330,0.1625,9.9,4.2,14.4,2.4,2.0,20.5,24.0,0.0,0.0,9.0
36109,Tompkins County,36109002000,4380,0.5786,26.4,5.2,24.7,4.9,4.0,18.4,19.1,0.2,11.6,10.4
36109,Tompkins County,36109002100,4609,0.4127,18.5,10.0,17.6,8.9,5.4,15.6,17.0,0.1,11.9,6.9
36109,Tompkins County,36109002200,4423,0.4566,23.5,2.4,25.2,6.7,2.8,17.7,25.5,1.0,8.2,21.8
36109,Tompkins County,36109002300,5811,0.3332,19.1,4.0,15.6,4.7,4.4,19.4,24.5,0.0,0.0,12.8
36111,Ulster County,36111950100,4509,0.3644,7.3,5.3,28.2,7.5,2.9,23.2,18.1,2.6,1.3,10.6
36111,Ulster County,36111950200,3892,0.6432,25.4,3.4,41.6,13.6,2.7,24.5,20.2,2.7,15.3,21.0
36111,Ulster County,36111950300,4469,0.5372,20.0,3.8,37.3,7.4,2.5,25.7,17.0,0.0,5.4,9.4
36111,Ulster County,36111950400,4399,0.2254,9.9,2.9,27.5,6.5,7.3,19.3,13.0,0.6,6.2,7.3
36111,Ulster County,36111950500,3241,0.4132,21.7,8.8,32.6,5.1,2.9,39.6,13.1,4.2,5.0,3.3
36111,Ulster County,36111950600,3024,0.4727,17.6,7.1,26.3,2.1,3.6,39.6,11.8,1.9,2.1,14.9
36111,Ulster County,36111950900,1317,0.472,19.6,4.0,20.9,5.6,5.0,29.8,13.4,0.0,2.9,16.1
36111,Ulster County,36111951000,4250,0.6164,12.2,19.3,24.3,7.0,10.3,32.1,12.1,7.5,2.2,13.7
36111,Ulster County,36111951100,2130,0.265,20.4,3.2,38.7,0.9,2.1,28.4,17.4,0.0,2.8,7.9
36111,Ulster County,36111951200,4046,0.149,18.2,1.1,14.7,4.4,2.3,18.0,19.6,0.0,4.1,6.6
36111,Ulster County,36111951300,4168,0.597,11.1,1.6,22.9,12.7,8.0,23.9,16.6,0.9,4.5,9.3
36111,Ulster County,36111951400,3756,0.8664,30.0,10.9,37.6,14.2,3.6,28.4,20.1,1.0,14.5,12.8
36111,Ulster County,36111951500,3560,0.3256,12.9,5.4,21.6,4.4,4.5,13.8,19.2,2.1,3.5,5.8
36111,Ulster County,36111951600,2087,0.2159,18.2,1.2,32.9,9.4,5.2,25.3,15.0,0.0,1.0,4.7
36111,Ulster County,36111951700,4516,0.6168,36.3,8.7,46.8,15.3,5.1,10.7,19.3,0.8,16.9,7.9
36111,Ulster County,36111951800,1656,0.805,54.2,1.3,42.2,9.5,5.7,18.2,31.2,5.8,14.6,17.2
36111,Ulster County,36111951900,3295,0.7689,20.2,6.6,32.2,11.8,6.1,12.5,32.5,0.8,13.4,7.0
36111,Ulster County,36111952000,2741,0.8379,23.4,7.3,43.8,21.7,8.6,7.9,27.9,5.4,10.3,8.5
36111,Ulster County,36111952100,3758,0.7586,27.0,5.2,39.5,11.4,16.6,9.7,20.3,2.7,13.5,14.4
36111,Ulster County,36111952200,3964,0.5727,21.1,4.0,25.4,8.7,3.7,28.1,17.5,2.2,3.3,10.8
36111,Ulster County,36111952300,1510,0.196,10.3,5.2,30.0,5.1,6.8,20.7,9.6,2.4,4.3,10.4
36111,Ulster County,36111952400,2578,0.5972,32.8,5.6,50.4,11.6,8.7,16.0,13.8,0.0,16.7,13.0
36111,Ulster County,36111952500,3375,0.629,18.7,2.0,34.6,6.7,7.5,25.7,21.0,0.9,5.1,13.0
36111,Ulster County,36111952600,6149,0.3591,30.5,0.5,15.7,2.6,10.1,23.8,13.2,3.0,4.7,2.7
36111,Ulster County,36111952700,2879,0.6586,16.6,13.9,37.2,7.9,7.4,17.5,16.7,2.0,6.7,7.4
36111,Ulster County,36111952800,2920,0.2509,15.8,0.7,33.2,2.6,0.5,34.5,15.0,0.3,1.7,1.7
36111,Ulster County,36111952901,2820,0.4085,15.8,6.9,14.9,1.1,3.4,27.6,21.1,1.5,0.9,0.0
36111,Ulster County,36111952902,2854,0.3975,23.1,14.7,33.7,2.0,0.7,26.2,18.5,2.9,13.2,8.3
36111,Ulster County,36111953000,2145,0.5244,20.2,4.0,27.0,11.9,3.4,24.5,15.3,0.5,6.6,12.8
36111,Ulster County,36111953300,4679,0.4018,16.0,8.1,25.0,3.4,2.5,22.7,19.5,2.3,0.8,3.6
36111,Ulster County,36111953400,5055,0.4058,38.5,1.7,42.0,0.9,1.9,21.9,13.2,1.3,17.6,5.3
36111,Ulster County,36111953500,5053,0.5096,35.5,13.7,39.5,3.9,3.6,7.0,7.5,1.0,20.5,4.7
36111,Ulster County,36111953600,5962,0.3727,8.7,4.7,29.5,4.7,5.2,22.1,17.8,1.8,5.0,6.2
36111,Ulster County,36111953700,5179,0.4457,16.2,6.6,28.8,3.6,4.3,15.9,19.7,0.0,8.1,9.5
36111,Ulster County,36111953800,4051,0.3271,11.4,1.0,20.4,5.6,3.5,19.5,20.7,3.1,4.2,9.5
36111,Ulster County,36111953900,4697,0.3773,14.4,1.5,29.0,5.9,6.8,17.8,20.2,1.3,4.7,7.7
36111,Ulster County,36111954000,4905,0.4199,6.4,5.5,31.5,11.7,1.8,22.1,16.2,1.1,7.4,15.2
36111,Ulster County,36111954100,5527,0.4691,16.0,1.0,28.7,11.9,4.7,12.1,21.7,1.8,4.0,9.7
36111,Ulster County,36111954200,5629,0.3207,54.6,6.0,20.8,3.1,32.6,15.6,11.0,0.0,2.5,11.0
36111,Ulster County,36111954401,3707,0.0597,19.5,1.9,11.5,7.5,20.6,15.3,11.8,0.0,3.0,3.4
36111,Ulster County,36111954402,5241,0.1435,12.9,0.8,22.2,4.7,6.3,12.4,20.6,0.4,0.3,4.0
36111,Ulster County,36111954500,3862,0.6561,17.0,2.4,37.3,27.7,8.6,15.3,13.7,1.8,5.8,6.6
36111,Ulster County,36111954600,1577,0.5474,21.3,3.2,27.2,7.7,5.8,25.0,13.1,1.0,5.8,24.2
36111,Ulster County,36111954700,1802,0.5178,29.6,10.4,14.0,8.2,1.4,19.6,13.9,5.3,0.0,13.9
36111,Ulster County,36111954800,5442,0.7827,29.2,3.2,39.2,20.4,2.4,25.0,19.8,0.0,27.5,19.6
36111,Ulster County,36111954900,1818,0.2659,7.3,3.4,27.0,6.2,3.4,16.1,22.4,0.0,4.1,4.4
36111,Ulster County,36111955001,2245,0.2718,24.8,0.0,29.2,14.8,0.9,21.4,16.2,0.0,0.0,17.8
36111,Ulster County,36111955002,2915,0.2705,15.6,5.4,26.5,12.3,3.4,12.3,23.1,4.4,1.6,3.8
36111,Ulster County,36111955300,2254,0.5596,30.0,3.4,29.6,6.9,10.4,23.8,8.3,2.7,10.3,11.4
36111,Ulster County,36111955400,4545,0.3663,5.7,3.5,15.5,23.7,5.2,13.4,17.5,0.2,2.8,0.8
36113,Warren County,36113070100,2828,0.4244,22.5,3.3,21.4,19.2,14.1,13.6,18.0,2.7,7.3,15.9
36113,Warren County,36113070200,2043,0.5908,38.4,6.5,32.4,16.1,1.9,12.0,26.1,0.0,17.4,19.0
36113,Warren County,36113070300,3670,0.3399,15.8,3.6,32.1,6.0,4.3,14.2,22.0,1.0,12.6,10.9
36113,Warren County,36113070400,3826,0.5951,19.1,10.7,36.1,6.9,4.3,16.5,19.2,2.1,14.0,10.9
36113,Warren County,36113070500,2376,0.5868,25.7,3.0,35.9,12.1,10.6,19.8,15.8,2.5,26.4,17.6
36113,Warren County,36113070602,1544,0.0072,4.4,1.0,11.5,1.6,0.0,32.3,17.7,0.7,1.1,1.4
36113,Warren County,36113070603,4101,0.2653,18.4,2.5,34.2,2.0,2.7,42.2,8.3,1.5,13.9,26.7
36113,Warren County,36113070604,2230,0.2456,8.5,0.0,18.5,8.7,3.0,31.7,14.8,1.3,7.2,14.6
36113,Warren County,36113070701,3953,0.3564,10.0,4.6,30.9,6.6,2.0,21.4,15.2,0.0,4.3,2.8
36113,Warren County,36113070702,4896,0.4484,15.0,5.5,20.9,5.4,1.9,26.0,18.5,1.5,8.6,6.5
36113,Warren County,36113070801,3901,0.2216,10.0,3.6,21.8,2.6,0.9,19.2,21.5,0.0,2.9,3.7
36113,Warren County,36113070802,3603,0.1063,10.9,2.3,18.2,14.5,0.8,9.0,22.9,0.0,2.3,11.0
36113,Warren County,36113070900,4912,0.1823,6.1,7.8,12.5,6.4,3.9,17.9,21.2,0.0,1.4,3.8
36113,Warren County,36113071000,3090,0.2281,18.5,1.2,26.9,12.4,2.7,22.0,11.7,0.0,6.9,20.3
36113,Warren County,36113072001,1741,0.2749,20.0,1.1,24.8,6.2,2.0,28.1,11.2,0.5,6.3,14.7
36113,Warren County,36113072002,1766,0.2579,16.9,2.4,15.8,3.9,8.7,28.7,24.9,0.0,1.2,8.8
36113,Warren County,36113073000,3957,0.5393,25.3,1.4,21.0,15.1,2.4,19.4,21.6,3.1,15.8,19.8
36113,Warren County,36113073500,1804,0.4444,22.7,4.2,25.4,15.4,2.3,29.2,20.4,1.6,6.9,16.5
36113,Warren County,36113074000,2319,0.3881,19.4,3.2,16.8,7.0,3.3,28.3,15.5,0.0,11.1,13.3
36113,Warren County,36113075001,1925,0.2524,14.4,11.0,19.0,8.1,3.9,28.7,13.9,0.0,2.2,8.9
36113,Warren County,36113075002,1175,0.5917,26.3,0.0,22.2,13.4,8.9,25.8,24.1,2.2,12.7,18.3
36113,Warren County,36113076000,2124,0.1846,14.1,5.2,22.2,6.6,3.3,34.9,10.1,1.3,2.6,10.4
36113,Warren County,36113078000,1900,0.2652,15.1,3.9,19.0,3.9,8.9,34.2,10.3,0.8,2.7,10.4
36115,Washington County,36115080100,5060,0.5138,25.1,5.9,30.9,8.4,6.7,22.6,16.7,1.3,21.2,26.2
36115,Washington County,36115080200,2366,0.3302,13.9,5.6,31.3,6.1,1.2,20.3,21.7,0.0,12.3,15.1
36115,Washington County,36115080301,3317,0.6082,23.0,11.5,24.1,16.0,6.7,14.1,19.9,0.0,15.0,8.4
36115,Washington County,36115080302,2215,0.119,12.5,5.7,11.3,13.1,0.5,20.7,14.0,0.0,3.6,14.3
36115,Washington County,36115081001,1996,0.0928,11.7,0.8,17.0,6.1,1.7,24.6,18.4,0.0,1.7,10.3
36115,Washington County,36115081002,3729,0.3906,23.1,0.8,29.4,29.0,2.2,11.9,8.0,0.0,2.2,19.8
36115,Washington County,36115082001,5131,0.7907,27.8,9.8,28.4,14.4,17.8,16.1,25.1,5.0,9.7,19.8
36115,Washington County,36115082002,1079,0.2855,14.4,7.9,20.3,5.1,4.1,28.2,16.2,2.9,3.3,19.1
36115,Washington County,36115084001,2981,0.3081,11.9,1.0,18.2,17.2,3.0,22.8,17.0,0.6,4.7,8.5
36115,Washington County,36115084002,3245,0.522,34.2,3.3,23.7,5.4,3.3,22.9,20.1,1.3,10.4,15.2
36115,Washington County,36115085000,2035,0.25,13.2,7.3,22.9,5.2,4.7,20.6,21.1,0.0,5.9,5.3
36115,Washington County,36115086000,1772,0.4845,24.2,7.8,27.0,14.1,4.2,20.0,16.6,3.9,7.2,20.0
36115,Washington County,36115087000,3648,0.6288,17.8,4.2,26.0,8.8,7.6,22.2,20.7,3.8,7.9,18.0
36115,Washington County,36115088001,2809,0.5881,16.3,5.9,36.5,15.0,5.2,26.7,18.2,0.0,14.9,9.6
36115,Washington County,36115088002,3211,0.2192,18.4,1.7,17.8,6.6,2.1,15.9,17.5,0.0,3.6,8.8
36115,Washington County,36115089000,4867,0.2712,12.2,0.6,19.6,9.4,5.3,20.4,18.3,0.6,5.8,8.5
36115,Washington County,36115090000,2622,0.3085,19.6,9.1,24.4,4.3,2.7,19.7,16.1,0.0,7.0,13.9
36115,Washington County,36115091000,1809,0.3788,19.3,1.7,22.5,7.6,4.9,25.5,21.5,2.0,4.0,13.7
36115,Washington County,36115092000,3281,0.625,18.6,6.6,26.2,7.7,5.5,22.8,19.1,2.6,6.5,16.6
36115,Washington County,36115093000,1876,0.2382,17.8,3.4,27.9,5.7,3.1,23.2,20.5,1.2,2.5,17.4
36115,Washington County,36115094000,2261,0.2271,5.9,4.4,18.4,8.3,4.1,21.1,17.8,3.0,8.3,16.6
36117,Wayne County,36117020103,2653,0.0106,7.0,3.3,13.7,2.7,0.2,30.9,20.4,0.0,1.7,8.1
36117,Wayne County,36117020104,2785,0.0709,12.4,1.3,19.7,2.8,0.8,16.8,26.9,0.6,1.2,3.1
36117,Wayne County,36117020105,2874,0.1619,9.2,2.3,20.1,2.1,3.9,19.2,21.5,0.0,6.8,9.8
36117,Wayne County,36117020106,2165,0.3967,25.8,1.9,29.9,10.3,0.8,15.7,21.3,0.0,18.7,15.0
36117,Wayne County,36117020201,4294,0.1091,13.8,2.8,18.7,3.1,3.0,18.4,18.2,0.0,0.6,6.4
36117,Wayne County,36117020202,4968,0.0903,5.5,2.6,25.7,6.3,0.2,12.7,27.1,0.8,3.9,5.6
36117,Wayne County,36117020302,5497,0.3127,8.4,1.7,19.0,6.6,6.4,18.3,23.7,0.8,6.2,7.4
36117,Wayne County,36117020303,3767,0.4262,15.0,7.4,25.4,6.3,3.1,16.5,21.3,1.1,2.9,7.6
36117,Wayne County,36117020401,2815,0.2365,9.8,6.0,10.3,4.6,1.5,18.2,20.7,1.3,2.6,7.2
36117,Wayne County,36117020402,4041,0.7054,20.6,5.5,25.1,9.3,3.4,15.6,23.8,3.8,16.1,9.7
36117,Wayne County,36117020500,4571,0.2916,12.1,2.1,16.2,7.9,3.3,17.5,17.8,2.3,12.1,9.0
36117,Wayne County,36117020601,1776,0.2199,14.4,0.4,20.4,9.2,4.7,31.3,14.9,0.0,0.7,17.4
36117,Wayne County,36117020602,2179,0.1178,11.9,4.6,14.1,6.7,2.0,19.7,19.6,0.6,1.1,11.7
36117,Wayne County,36117020700,3451,0.1821,17.6,0.5,28.3,6.0,2.9,21.3,14.4,0.0,5.9,13.1
36117,Wayne County,36117020800,3451,0.1962,20.3,2.1,19.5,5.6,1.3,31.8,13.4,0.0,3.1,9.5
36117,Wayne County,36117020900,4591,0.5425,30.2,7.4,21.6,12.1,1.6,19.9,15.6,0.0,4.7,15.4
36117,Wayne County,36117021000,6298,0.6128,13.3,1.2,25.7,10.3,16.4,20.9,20.5,4.8,4.5,21.7
36117,Wayne County,36117021100,5151,0.7177,28.5,2.5,35.0,12.6,6.3,25.2,22.3,1.1,11.3,16.8
36117,Wayne County,36117021200,4658,0.7341,24.9,3.2,33.1,19.1,5.7,18.1,19.0,0.0,15.1,14.4
36117,Wayne County,36117021400,3269,0.7582,29.7,17.3,32.0,12.8,5.4,18.1,21.7,0.0,16.5,11.6
36117,Wayne County,36117021501,2241,0.6558,28.9,4.8,25.7,12.9,6.6,19.7,21.4,2.1,1.9,8.4
36117,Wayne County,36117021502,4020,0.6957,25.7,4.5,23.6,14.9,12.1,21.7,24.1,0.0,6.8,23.4
36117,Wayne County,36117021600,3955,0.7605,23.0,11.2,17.0,11.2,11.4,20.9,23.2,10.2,12.1,30.6
36117,Wayne County,36117021700,3899,0.6784,30.3,5.2,25.1,22.5,22.6,15.3,29.6,4.1,7.1,15.6
36117,Wayne County,36117021800,1955,0.6803,26.5,11.2,26.2,16.6,7.1,16.3,20.8,0.6,14.6,16.2
36119,Westchester County,36119000101,4676,0.943,31.9,12.3,62.1,24.8,13.2,13.0,27.9,2.1,50.9,11.5
36119,Westchester County,36119000103,5602,0.9388,43.3,5.0,59.4,16.7,12.0,9.4,32.0,13.8,44.5,17.7
36119,Westchester County,36119000104,1469,0.3254,0.0,1.4,29.1,4.1,0.0,13.2,16.2,8.2,63.2,0.0
36119,Westchester County,36119000202,4412,0.7542,32.0,10.4,32.5,23.6,3.0,16.2,20.0,2.0,35.1,6.6
36119,Westchester County,36119000203,3750,0.8698,17.0,5.0,37.1,16.5,3.3,21.7,22.3,6.6,37.6,16.2
36119,Westchester County,36119000204,2597,0.7253,24.5,0.0,36.5,30.9,18.4,15.8,14.0,5.1,58.8,41.2
36119,Westchester County,36119000205,3252,0.8898,18.8,1.6,53.3,29.8,11.3,16.9,24.6,9.9,47.9,27.9
36119,Westchester County,36119000300,4021,0.981,48.2,14.0,55.6,26.8,15.3,23.0,20.2,6.7,39.2,20.2
36119,Westchester County,36119000401,5529,0.8822,41.1,5.7,39.4,18.7,10.6,8.2,18.1,21.8,44.4,19.1
36119,Westchester County,36119000403,3888,0.9202,35.5,12.9,28.5,25.1,16.4,10.5,23.2,18.7,48.6,4.7
36119,Westchester County,36119000404,3075,0.9411,55.9,15.2,49.2,17.5,2.0,11.3,34.2,18.8,59.2,10.6
36119,Westchester County,36119000501,3022,0.8472,54.6,7.6,34.6,42.5,5.6,9.8,23.3,5.9,42.4,14.8
36119,Westchester County,36119000502,1822,0.9686,72.2,2.0,59.3,36.4,4.8,32.1,21.8,2.7,72.9,45.3
36119,Westchester County,36119000601,2741,0.7478,39.2,1.7,55.4,18.0,1.4,23.1,30.0,28.3,61.5,26.8
36119,Westchester County,36119000602,4374,0.8173,22.1,2.8,40.7,20.2,2.5,16.6,14.1,9.3,23.0,14.2
36119,Westchester County,36119000701,4020,0.6235,14.1,5.5,26.9,11.9,3.8,17.2,15.4,1.8,16.7,7.7
36119,Westchester County,36119000702,5476,0.4822,6.7,6.9,30.7,3.6,4.7,14.6,17.6,8.9,9.5,5.7
36119,Westchester County,36119000801,6069,0.3693,9.3,3.8,14.5,11.4,4.1,24.7,15.3,3.5,7.3,10.7
36119,Westchester County,36119000802,2460,0.5018,35.9,6.5,27.1,19.8,3.7,8.7,19.1,0.6,13.8,18.3
36119,Westchester County,36119000803,5889,0.8126,16.8,3.8,31.6,17.6,5.1,12.9,26.3,5.9,17.8,6.9
36119,Westchester County,36119000900,3419,0.296,5.0,3.1,22.2,11.0,4.1,19.0,14.1,7.0,3.9,4.6
36119,Westchester County,36119001000,2111,0.9856,70.4,23.0,76.1,38.9,6.3,13.4,30.6,11.2,61.4,24.6
36119,Westchester County,36119001101,3609,0.9071,42.9,15.3,71.1,42.6,8.6,4.3,36.9,23.2,40.1,18.3
36119,Westchester County,36119001102,5771,0.7457,15.5,15.4,33.0,21.3,4.7,8.7,25.8,8.8,24.3,16.3
36119,Westchester County,36119001200,4792,0.9449,38.5,10.8,43.9,35.8,14.0,6.1,30.7,23.2,38.7,12.2
36119,Westchester County,36119001301,4365,0.6676,18.0,9.5,22.9,18.0,2.8,22.8,24.1,3.9,18.4,5.6
36119,Westchester County,36119001302,3923,0.8515,31.3,3.8,49.6,32.8,15.2,10.7,26.0,6.7,41.6,25.4
36119,Westchester County,36119001304,3950,0.8599,47.0,4.0,36.2,27.9,7.4,4.9,24.2,21.3,21.9,20.7
36119,Westchester County,36119001305,3836,0.9017,39.4,8.8,42.5,20.2,7.7,9.6,23.3,20.3,47.2,23.6
36119,Westchester County,36119001401,4241,0.5552,16.6,5.0,36.8,15.1,2.5,22.2,19.8,0.0,5.7,11.8
36119,Westchester County,36119001402,1494,0.1448,7.9,1.5,24.3,11.7,1.3,33.1,11.7,0.0,6.4,10.6
36119,Westchester County,36119001403,2966,0.701,29.7,7.3,34.2,14.4,10.0,17.4,17.2,1.3,17.7,12.4
36119,Westchester County,36119001502,3317,0.3486,10.5,1.2,31.2,8.3,3.1,14.6,19.5,3.2,16.9,8.4
36119,Westchester County,36119001503,2453,0.5476,9.7,5.0,29.3,11.2,8.1,21.3,15.3,6.3,24.2,10.1
36119,Westchester County,36119001504,5446,0.8293,20.3,4.0,26.7,28.3,4.7,25.4,19.1,20.2,15.0,10.7
36119,Westchester County,36119001505,2020,0.31,9.1,10.9,20.5,1.0,5.9,13.4,10.4,11.1,20.0,1.3
36119,Westchester County,36119001600,4574,0.7966,16.4,10.9,53.1,23.6,6.1,10.1,20.0,8.1,12.7,8.9
36119,Westchester County,36119001701,3384,0.6615,19.5,1.1,36.0,26.3,3.4,18.4,18.5,9.7,8.9,10.2
36119,Westchester County,36119001702,2837,0.2349,11.1,0.9,30.3,7.0,4.1,29.3,16.6,3.0,5.6,15.3
36119,Westchester County,36119001800,1608,0.2876,7.3,11.3,16.4,13.9,4.1,16.2,15.0,0.0,15.4,9.2
36119,Westchester County,36119001900,1544,0.1806,8.4,1.0,25.0,12.7,4.6,25.7,10.3,0.0,10.7,17.2
36119,Westchester County,36119002000,4292,0.1169,4.6,3.1,23.8,6.5,2.8,26.2,19.2,0.0,5.3,3.9
36119,Westchester County,36119002101,4256,0.5689,5.0,5.6,23.9,7.5,5.1,22.4,22.7,1.1,9.9,4.4
36119,Westchester County,36119002103,2907,0.1036,3.6,4.1,24.6,2.1,5.5,15.4,24.1,0.0,11.2,1.9
36119,Westchester County,36119002104,5923,0.2882,19.2,1.2,26.1,6.5,1.3,19.3,23.4,4.8,6.3,3.9
36119,Westchester County,36119002105,1618,0.3477,4.7,1.1,19.4,3.5,4.4,36.1,17.1,0.8,15.2,9.5
36119,Westchester County,36119002106,2432,0.6856,14.1,2.1,34.5,10.5,12.3,13.7,23.1,17.7,12.9,6.8
36119,Westchester County,36119002107,1759,0.6945,13.9,4.0,28.9,7.9,5.7,14.0,22.5,12.6,15.2,9.6
36119,Westchester County,36119002201,2425,0.1211,8.8,1.8,18.5,5.1,3.0,25.7,13.5,5.4,7.6,12.1
36119,Westchester County,36119002202,4751,0.137,7.6,8.0,14.5,3.7,2.0,32.8,13.6,2.3,7.4,5.8
36119,Westchester County,36119002203,1633,0.5182,19.4,0.0,18.1,12.6,6.3,35.5,12.2,3.4,20.8,20.3
36119,Westchester County,36119002204,5396,0.4286,12.9,10.6,18.5,8.2,1.5,22.5,10.2,1.0,12.6,3.9
36119,Westchester County,36119002300,4069,0.425,8.8,2.8,25.3,9.1,3.4,13.8,15.5,5.7,13.3,10.0
36119,Westchester County,36119002401,1989,0.5651,14.3,8.4,30.4,10.4,3.1,14.7,19.0,3.0,7.5,6.4
36119,Westchester County,36119002402,3822,0.4887,6.4,5.7,21.8,6.6,12.6,21.7,8.4,2.3,14.3,8.6
36119,Westchester County,36119002403,4996,0.7242,22.0,14.8,34.0,5.4,7.1,14.4,19.4,4.1,8.3,13.8
36119,Westchester County,36119002404,4341,0.4868,9.1,7.1,29.3,10.4,1.5,11.3,24.3,6.4,10.5,9.2
36119,Westchester County,36119002405,3367,0.5098,17.8,4.9,24.3,9.5,11.3,16.5,28.3,1.9,6.5,9.2
36119,Westchester County,36119002600,4845,0.7191,12.2,8.6,22.7,20.7,3.8,19.3,22.5,5.0,10.1,17.5
36119,Westchester County,36119002700,5074,0.7193,19.4,5.3,53.2,14.1,5.6,7.2,23.6,10.1,25.7,27.2
36119,Westchester County,36119002800,2531,0.8863,28.1,6.3,41.5,17.0,3.9,16.5,26.8,6.5,34.3,26.7
36119,Westchester County,36119002900,4131,0.9593,53.0,10.1,63.8,20.6,6.9,27.4,23.2,4.1,68.3,42.4
36119,Westchester County,36119003000,2911,0.8168,12.0,10.8,30.5,18.1,10.0,10.5,18.7,10.9,32.0,20.8
36119,Westchester County,36119003100,3048,0.9633,37.0,25.7,58.4,23.6,4.0,17.6,19.2,8.9,66.0,28.3
36119,Westchester County,36119003200,3098,0.9439,30.9,3.9,45.0,14.4,10.1,13.0,28.7,21.4,35.2,16.8
36119,Westchester County,36119003300,3249,0.4727,11.6,3.0,21.2,17.6,5.2,20.2,11.1,0.3,23.5,19.8
36119,Westchester County,36119003400,4781,0.6719,9.5,6.2,29.7,16.9,10.8,13.4,16.1,6.7,17.8,21.3
36119,Westchester County,36119003500,1870,0.8548,43.1,16.4,61.6,15.1,15.6,9.9,18.5,5.1,48.2,29.3
36119,Westchester County,36119003600,3952,0.8476,28.8,11.4,34.6,20.2,9.6,19.7,15.3,7.8,50.5,41.0
36119,Westchester County,36119003700,3660,0.8082,26.9,3.5,39.2,32.1,13.7,16.0,21.1,4.4,34.5,12.5
36119,Westchester County,36119003800,3757,0.444,7.9,2.7,25.2,3.9,3.1,14.2,14.1,3.1,40.5,19.6
36119,Westchester County,36119003900,3530,0.4663,8.8,8.2,27.1,15.2,5.0,11.5,19.9,1.8,11.5,13.6
36119,Westchester County,36119004001,3908,0.8563,34.4,12.9,36.8,15.2,11.8,13.8,19.6,11.7,33.4,19.2
36119,Westchester County,36119004002,2655,0.6037,10.8,3.1,25.3,10.6,3.1,16.6,23.2,3.5,42.3,13.7
36119,Westchester County,36119004100,4169,0.5847,12.8,3.8,28.9,14.7,2.5,14.9,19.2,11.4,14.8,18.3
36119,Westchester County,36119004200,4848,0.437,13.1,14.9,26.1,6.5,4.5,19.3,13.2,1.1,25.0,16.1
36119,Westchester County,36119004500,1751,0.3296,11.9,0.9,22.0,3.6,2.6,20.3,18.9,3.7,20.5,7.9
36119,Westchester County,36119004600,3143,0.2986,12.3,3.8,22.8,0.3,0.5,23.8,19.8,1.1,20.4,4.0
36119,Westchester County,36119004700,3427,0.0544,2.1,3.0,4.0,0.2,0.6,9.4,37.9,0.8,1.3,0.0
36119,Westchester County,36119004801,2986,0.3406,10.0,1.6,32.0,4.4,0.9,28.3,15.7,0.9,15.1,15.1
36119,Westchester County,36119004802,4009,0.4465,9.4,2.6,35.6,9.1,4.5,16.8,20.1,4.2,5.1,3.3
36119,Westchester County,36119004900,3005,0.1741,9.0,1.8,11.1,0.8,1.8,33.0,14.8,3.0,12.9,7.0
36119,Westchester County,36119005001,4235,0.1159,6.1,4.0,25.4,1.9,4.1,15.1,20.1,0.0,6.6,8.5
36119,Westchester County,36119005002,4251,0.0962,4.0,1.3,17.8,4.7,2.1,22.6,24.1,2.5,3.7,5.7
36119,Westchester County,36119005100,4466,0.3792,9.3,3.7,31.9,7.7,1.6,21.7,23.6,3.0,10.8,12.3
36119,Westchester County,36119005200,4676,0.0483,3.1,4.7,13.5,3.8,1.2,17.8,24.1,0.8,0.0,2.2
36119,Westchester County,36119005300,5390,0.2517,5.0,6.3,17.2,2.7,1.2,12.7,28.4,2.3,7.0,5.2
36119,Westchester County,36119005400,1871,0.0817,8.4,5.7,17.7,3.3,1.2,10.5,34.3,4.6,1.7,2.4
36119,Westchester County,36119005500,5682,0.0992,2.4,5.2,7.6,3.2,0.6,15.5,29.4,0.5,3.7,7.1
36119,Westchester County,36119005600,0,,,,,,,,,,,
36119,Westchester County,36119005702,3897,0.8612,17.6,12.9,25.2,17.6,5.5,24.9,18.8,8.7,23.3,16.8
36119,Westchester County,36119005703,3340,0.582,17.2,13.2,42.3,12.7,1.3,24.8,8.8,0.0,3.1,8.6
36119,Westchester County,36119005704,2915,0.7491,21.5,1.4,41.9,12.8,9.5,29.3,12.1,0.0,12.2,19.4
36119,Westchester County,36119005800,4826,0.8443,26.4,5.1,35.1,32.7,17.8,20.7,22.9,18.4,24.0,19.5
36119,Westchester County,36119005901,4866,0.8063,16.0,4.8,34.1,28.2,13.5,19.0,18.3,2.9,18.5,22.7
36119,Westchester County,36119005902,6243,0.4184,4.8,11.7,24.7,10.5,2.5,17.6,12.7,4.7,14.8,14.8
36119,Westchester County,36119006000,4411,0.5105,9.7,4.1,26.8,7.4,6.1,12.2,20.7,3.6,21.3,3.2
36119,Westchester County,36119006100,5237,0.6759,20.1,1.7,25.3,15.5,12.8,10.6,17.7,18.3,11.2,5.6
36119,Westchester County,36119006200,5592,0.8725,26.4,14.3,57.6,22.8,15.7,15.2,24.5,10.1,32.0,18.1
36119,Westchester County,36119006301,3105,0.7596,18.2,6.8,42.3,16.8,4.9,20.3,17.0,3.8,29.6,8.6
36119,Westchester County,36119006302,2783,0.8704,28.2,3.1,37.5,20.9,7.5,27.5,6.3,0.0,31.9,13.7
36119,Westchester County,36119006400,5995,0.874,27.7,7.1,39.1,8.3,6.4,12.2,30.2,3.6,26.0,11.7
36119,Westchester County,36119006500,5049,0.7997,20.5,8.7,34.1,26.7,13.5,9.1,25.8,8.9,12.5,14.2
36119,Westchester County,36119006600,6551,0.4588,15.7,10.4,20.0,5.6,5.9,14.2,19.3,0.0,4.2,11.0
36119,Westchester County,36119006700,5160,0.0192,2.2,4.8,11.4,5.0,0.6,16.8,25.0,0.0,0.5,0.5
36119,Westchester County,36119006801,5061,0.0278,3.1,0.8,15.4,1.6,0.2,20.4,29.8,0.0,3.0,3.3
36119,Westchester County,36119006802,5797,0.1483,4.1,3.5,13.1,1.7,0.3,24.2,24.8,0.3,1.8,6.7
36119,Westchester County,36119006900,6373,0.038,1.8,5.1,8.2,1.6,0.6,11.9,28.5,3.1,2.5,2.1
36119,Westchester County,36119007000,6269,0.2671,8.9,1.0,12.3,3.3,4.9,17.4,26.5,1.2,8.7,7.8
36119,Westchester County,36119007100,6549,0.227,13.1,10.3,23.9,0.6,2.8,8.1,31.6,1.8,7.1,0.6
36119,Westchester County,36119007200,7169,0.6641,14.9,3.5,28.0,16.2,5.4,23.1,22.1,0.3,17.8,5.7
36119,Westchester County,36119007300,4980,0.3568,4.5,0.7,15.4,17.7,14.8,14.1,18.5,4.5,14.3,1.4
36119,Westchester County,36119007401,4724,0.5145,14.3,4.5,29.0,6.0,4.1,13.4,27.3,5.3,10.6,7.0
36119,Westchester County,36119007402,3057,0.1792,4.2,8.4,7.3,3.8,0.0,14.4,26.4,7.1,1.5,4.1
36119,Westchester County,36119007500,4918,0.1526,4.0,3.9,19.2,3.5,0.1,20.5,30.8,0.0,5.9,7.5
36119,Westchester County,36119007600,6017,0.0139,5.1,7.4,8.9,0.8,1.9,12.2,31.6,0.0,0.4,2.3
36119,Westchester County,36119007700,5512,0.2121,2.5,3.9,9.8,0.4,2.4,12.5,25.4,1.8,3.6,2.1
36119,Westchester County,36119007800,4892,0.8341,36.5,8.4,35.6,23.1,9.3,8.8,29.1,8.8,13.1,8.6
36119,Westchester County,36119007901,3390,0.9006,36.9,7.1,37.8,27.0,7.9,15.0,26.7,26.3,23.9,10.4
36119,Westchester County,36119007902,4756,0.7223,15.1,7.3,32.5,21.6,15.7,9.8,18.1,7.3,16.8,3.2
36119,Westchester County,36119008000,5441,0.8865,40.0,6.4,45.3,35.6,14.2,8.6,19.6,19.1,21.5,7.8
36119,Westchester County,36119008100,4831,0.6183,7.7,13.0,28.8,17.8,11.8,15.2,16.0,10.9,10.3,10.0
36119,Westchester County,36119008200,8154,0.1863,3.6,2.5,6.0,10.5,3.9,14.9,17.1,2.4,3.2,0.9
36119,Westchester County,36119008301,2339,0.4921,8.8,7.2,32.5,9.3,5.9,20.4,19.1,2.6,13.7,5.1
36119,Westchester County,36119008302,7405,0.2975,6.6,10.6,14.3,2.3,2.5,20.4,23.4,1.7,5.6,4.3
36119,Westchester County,36119008401,2080,0.0447,2.7,0.4,12.5,4.9,4.3,18.3,25.2,0.8,5.5,0.9
36119,Westchester County,36119008403,3794,0.2203,11.1,5.1,19.1,6.3,0.9,13.4,31.9,0.0,6.6,4.0
36119,Westchester County,36119008404,5636,0.2384,8.5,4.7,17.7,1.5,6.1,12.1,21.1,2.0,13.9,3.8
36119,Westchester County,36119008500,3601,0.0044,2.5,1.9,6.0,1.6,0.3,12.8,30.7,0.0,1.2,0.0
36119,Westchester County,36119008602,5450,0.1042,1.6,7.2,10.4,2.4,3.4,12.0,22.5,1.3,0.0,6.1
36119,Westchester County,36119008700,6015,0.4748,16.6,5.5,28.8,14.6,8.8,14.3,28.2,1.4,4.9,5.8
36119,Westchester County,36119008801,1623,0.4636,27.2,4.0,36.8,4.8,11.9,11.2,17.1,9.0,9.8,4.2
36119,Westchester County,36119008802,2532,0.292,16.0,5.7,16.8,8.3,2.1,18.6,6.3,3.4,24.9,3.8
36119,Westchester County,36119008901,6227,0.6214,19.6,4.9,26.9,5.2,5.2,27.6,15.7,8.0,16.7,11.0
36119,Westchester County,36119008902,3940,0.5775,7.3,6.0,23.8,9.1,5.3,12.6,25.6,1.4,19.7,8.6
36119,Westchester County,36119009000,4287,0.7388,11.6,6.8,23.0,17.0,7.1,13.1,12.9,7.7,12.1,3.4
36119,Westchester County,36119009100,5609,0.7155,24.7,3.1,33.1,12.1,12.6,14.0,22.7,10.1,23.0,3.9
36119,Westchester County,36119009201,4043,0.5623,10.3,4.1,19.6,10.6,10.6,13.8,16.7,12.6,8.4,1.0
36119,Westchester County,36119009202,2930,0.8534,32.0,4.7,68.4,31.7,16.4,16.6,19.6,14.6,21.8,6.5
36119,Westchester County,36119009300,3630,0.9567,32.4,7.0,44.6,21.2,8.2,28.4,20.5,4.8,34.5,10.2
36119,Westchester County,36119009400,3591,0.8926,24.9,7.7,36.4,14.2,15.4,21.4,16.8,6.9,27.9,4.0
36119,Westchester County,36119009500,6340,0.4615,6.6,2.0,22.3,14.5,4.3,15.3,15.2,5.2,11.0,4.2
36119,Westchester County,36119009600,4832,0.1576,2.5,7.2,15.4,3.3,0.3,21.4,23.9,0.9,5.4,1.8
36119,Westchester County,36119009701,3072,0.1637,1.8,3.6,12.0,1.6,1.4,27.4,17.2,0.0,9.1,8.5
36119,Westchester County,36119009702,2699,0.4512,21.6,13.9,28.8,10.1,0.9,28.3,18.7,0.0,9.9,9.0
36119,Westchester County,36119009703,4066,0.0922,9.6,6.6,17.1,1.3,1.2,31.1,18.2,1.3,2.5,4.2
36119,Westchester County,36119009800,4744,0.0289,6.8,3.4,9.2,2.0,1.7,16.3,29.9,0.0,0.0,0.0
36119,Westchester County,36119009900,2906,0.0238,4.5,5.0,5.0,2.2,1.1,12.5,34.1,0.0,0.2,0.2
36119,Westchester County,36119010000,5600,0.0431,7.2,5.8,7.5,2.3,0.0,14.4,33.7,0.7,0.0,0.7
36119,Westchester County,36119010100,4811,0.1397,3.1,3.9,4.3,3.1,2.1,14.2,31.8,2.0,4.1,0.0
36119,Westchester County,36119010200,4998,0.0416,4.4,2.8,8.9,2.4,1.0,18.8,24.0,0.0,2.3,6.2
36119,Westchester County,36119010300,3458,0.3598,6.9,1.2,18.3,7.8,2.8,26.6,18.8,3.1,7.9,8.6
36119,Westchester County,36119010400,4265,0.5235,14.1,10.1,23.5,9.0,2.7,17.9,20.0,1.6,7.8,3.2
36119,Westchester County,36119010500,7166,0.3822,9.7,3.2,23.5,3.0,3.8,15.5,25.9,3.2,5.5,2.3
36119,Westchester County,36119010600,5013,0.2024,2.2,8.7,13.1,3.0,0.8,20.6,26.8,0.6,8.3,6.6
36119,Westchester County,36119010701,5736,0.0823,2.8,4.2,12.5,0.8,1.4,16.1,25.9,0.0,5.4,2.8
36119,Westchester County,36119010702,5794,0.2416,8.6,5.4,21.9,4.8,0.6,21.5,16.6,0.5,18.9,6.5
36119,Westchester County,36119010801,3585,0.1722,7.7,4.0,19.8,3.6,2.1,20.3,20.2,0.0,7.9,4.6
36119,Westchester County,36119010803,3831,0.5277,11.0,4.1,27.3,7.4,2.5,36.5,12.9,1.1,11.3,6.1
36119,Westchester County,36119010804,2305,0.2277,4.0,2.2,18.7,3.5,2.3,27.9,12.6,0.0,9.3,5.2
36119,Westchester County,36119010901,2332,0.6522,23.8,6.6,31.3,5.4,2.0,23.4,22.3,4.9,14.5,5.5
36119,Westchester County,36119010902,6241,0.3072,5.1,6.6,14.1,11.8,5.4,14.7,20.0,0.5,2.8,3.0
36119,Westchester County,36119010903,4897,0.5872,11.1,7.0,22.1,12.0,7.5,13.8,20.2,3.3,12.0,5.4
36119,Westchester County,36119011000,2586,0.2804,8.0,12.7,18.0,8.3,2.7,14.8,19.9,0.5,7.4,8.0
36119,Westchester County,36119011101,6007,0.1703,6.0,2.7,12.9,2.4,2.1,14.3,21.3,4.3,4.2,6.4
36119,Westchester County,36119011102,2930,0.0547,2.2,4.9,11.1,2.5,4.0,18.7,24.5,0.7,1.6,2.5
36119,Westchester County,36119011200,4749,0.6071,10.9,6.0,23.1,13.1,9.2,10.6,23.6,3.2,7.2,4.4
36119,Westchester County,36119011300,6590,0.0623,3.9,3.1,15.3,1.9,1.3,12.9,29.3,0.0,3.5,2.0
36119,Westchester County,36119011401,3975,0.1028,5.7,1.7,22.5,1.0,2.4,32.6,13.4,0.0,2.8,2.1
36119,Westchester County,36119011402,1748,0.0899,12.5,6.6,24.4,1.5,0.7,15.8,25.4,1.2,3.6,2.2
36119,Westchester County,36119011500,6053,0.4315,16.1,2.5,32.0,12.1,3.0,16.6,16.4,1.1,6.0,2.1
36119,Westchester County,36119011601,3390,0.924,33.4,14.9,52.1,50.3,4.7,15.5,27.8,19.9,27.5,13.3
36119,Westchester County,36119011602,3728,0.8158,19.2,9.0,35.9,24.0,7.7,13.5,22.3,6.1,7.1,1.1
36119,Westchester County,36119011700,3070,0.0582,8.4,0.4,9.9,9.7,1.5,19.9,20.9,0.0,3.0,2.7
36119,Westchester County,36119011800,6149,0.1287,1.5,4.4,10.6,3.5,0.4,14.8,22.8,3.6,6.5,5.4
36119,Westchester County,36119011902,4293,0.3087,7.5,6.0,23.6,6.7,3.0,26.0,18.4,0.3,4.1,10.5
36119,Westchester County,36119012000,4686,0.3024,5.7,7.1,23.5,9.7,0.9,23.8,19.0,2.2,7.5,9.7
36119,Westchester County,36119012101,5332,0.0777,4.0,7.1,18.0,3.2,0.2,19.7,23.7,0.5,5.7,1.0
36119,Westchester County,36119012102,4807,0.0511,5.0,1.2,19.8,5.3,1.9,15.4,21.9,0.0,3.9,3.0
36119,Westchester County,36119012201,3193,0.1357,3.6,6.4,11.7,0.4,1.9,19.3,24.1,0.0,7.5,0.0
36119,Westchester County,36119012202,4237,0.4153,13.7,5.2,22.3,10.4,4.2,14.4,26.5,4.6,5.8,5.8
36119,Westchester County,36119012301,2486,0.3321,7.7,5.5,34.6,15.4,6.1,12.9,21.0,2.4,5.1,1.8
36119,Westchester County,36119012303,4908,0.0667,5.2,2.6,13.5,1.7,0.5,13.8,25.0,1.2,3.0,5.5
36119,Westchester County,36119012304,4920,0.0215,2.6,2.4,8.0,2.5,1.1,12.6,29.5,0.7,0.0,2.1
36119,Westchester County,36119012400,5030,0.0067,2.9,2.5,7.4,0.3,2.3,25.6,18.0,0.0,3.8,1.6
36119,Westchester County,36119012501,2963,0.0285,5.6,1.8,6.9,2.9,2.3,16.9,23.1,0.0,0.9,0.0
36119,Westchester County,36119012502,5404,0.004,5.0,2.1,13.4,1.4,1.5,20.0,23.1,0.0,0.8,1.9
36119,Westchester County,36119012503,3828,0.2089,5.6,6.1,16.0,2.6,4.9,18.0,20.9,1.9,2.6,5.3
36119,Westchester County,36119012600,4597,0.0745,13.5,1.3,15.4,1.2,1.5,15.9,28.9,0.0,5.1,2.7
36119,Westchester County,36119012700,4695,0.0264,6.0,3.0,10.8,1.0,0.0,16.4,23.6,0.9,0.6,3.9
36119,Westchester County,36119012803,2813,0.0616,8.9,8.3,21.2,3.1,2.0,14.4,22.5,0.0,6.8,9.0
36119,Westchester County,36119012804,4037,0.7001,12.4,4.5,29.2,21.9,4.0,22.6,26.6,2.6,6.6,3.7
36119,Westchester County,36119012900,4514,0.7616,23.5,6.0,26.7,14.8,11.5,17.9,20.3,11.0,12.4,7.1
36119,Westchester County,36119013000,6321,0.3418,8.0,4.0,27.5,13.2,2.0,17.1,24.3,7.1,5.6,7.1
36119,Westchester County,36119013102,6687,0.0764,4.2,5.5,9.9,1.2,1.5,15.2,24.6,0.0,0.7,1.4
36119,Westchester County,36119013103,5805,0.0186,1.9,0.6,9.3,2.0,1.3,12.9,25.4,0.5,0.0,0.6
36119,Westchester County,36119013104,5633,0.0084,3.4,3.3,8.1,4.4,0.8,15.8,27.3,0.0,0.0,1.7
36119,Westchester County,36119013201,3731,0.1205,10.7,2.5,16.2,4.7,0.8,26.5,21.3,0.0,10.9,6.3
36119,Westchester County,36119013202,3096,0.5655,8.1,5.4,23.4,4.2,1.8,22.5,21.4,2.4,14.6,11.9
36119,Westchester County,36119013301,4012,0.8462,15.4,7.1,20.5,27.4,18.0,8.0,25.0,5.5,15.5,3.7
36119,Westchester County,36119013304,5050,0.7567,14.1,5.0,38.8,17.0,9.6,18.1,25.5,4.6,8.4,12.8
36119,Westchester County,36119013401,2960,0.5134,18.7,4.1,36.2,13.5,1.6,12.0,20.3,7.2,9.3,6.7
36119,Westchester County,36119013402,4337,0.4277,12.0,2.7,27.9,9.8,17.0,18.1,16.9,0.7,5.7,5.5
36119,Westchester County,36119013500,4460,0.2834,3.3,3.3,18.8,9.3,4.5,19.5,17.3,0.0,7.8,2.1
36119,Westchester County,36119013600,4786,0.6898,7.1,4.0,24.2,8.4,3.6,19.8,20.2,3.1,12.9,12.0
36119,Westchester County,36119013700,5597,0.2897,12.6,7.1,17.9,5.4,3.6,33.9,13.3,0.8,0.8,3.0
36119,Westchester County,36119013800,3460,0.0321,3.2,6.9,10.7,2.4,1.4,16.6,23.3,0.8,2.0,0.0
36119,Westchester County,36119013900,4777,0.4155,7.1,8.3,17.3,5.9,4.2,20.3,23.0,1.8,5.2,7.5
36119,Westchester County,36119014000,2272,0.1988,9.4,2.6,15.4,3.5,1.7,18.1,19.6,3.4,5.2,9.1
36119,Westchester County,36119014100,6535,0.6029,11.8,11.1,36.5,16.7,2.3,13.2,16.4,0.5,31.3,19.2
36119,Westchester County,36119014200,4110,0.7367,15.6,6.4,32.8,22.8,14.3,8.2,20.1,11.8,7.7,9.0
36119,Westchester County,36119014300,3903,0.8234,25.0,9.8,34.9,19.0,4.9,13.7,21.2,6.2,15.6,14.6
36119,Westchester County,36119014400,6510,0.5634,11.6,7.6,22.4,8.0,5.2,19.9,14.8,9.7,8.0,4.0
36119,Westchester County,36119014500,4343,0.4248,11.4,10.6,29.9,3.2,2.9,26.3,12.5,0.0,8.3,4.9
36119,Westchester County,36119014604,4515,0.3745,18.5,17.3,21.9,5.4,4.0,13.8,18.4,2.1,4.1,13.2
36119,Westchester County,36119014605,3111,0.6868,25.3,5.9,40.2,7.0,1.2,26.3,18.3,0.6,11.0,12.4
36119,Westchester County,36119014606,5644,0.0426,4.2,3.1,7.0,1.4,0.1,21.6,19.6,0.0,1.6,2.8
36119,Westchester County,36119014607,4665,0.0785,1.0,3.1,14.7,2.2,4.3,14.7,22.8,1.0,1.4,0.0
36119,Westchester County,36119014701,5058,0.5045,8.0,18.7,15.9,11.6,9.3,18.8,17.2,1.7,3.5,8.9
36119,Westchester County,36119014703,5954,0.4231,14.9,5.6,12.6,6.0,5.8,14.5,25.3,9.8,3.1,7.7
36119,Westchester County,36119014704,2094,0.3908,8.7,4.4,25.1,9.9,5.4,16.2,21.8,2.7,3.7,0.9
36119,Westchester County,36119014805,3873,0.1002,2.5,8.1,9.3,4.9,1.6,25.6,18.3,0.0,3.3,3.6
36119,Westchester County,36119014806,6469,0.2243,12.0,13.5,21.0,5.4,1.7,15.0,22.9,1.6,5.2,2.8
36119,Westchester County,36119014808,3506,0.257,4.7,3.4,12.9,13.4,0.5,16.0,18.5,0.9,6.1,6.6
36119,Westchester County,36119014809,5834,0.2011,18.0,5.3,20.2,4.2,2.1,20.5,20.6,1.5,5.3,7.3
36119,Westchester County,36119014810,1908,0.2366,14.2,11.9,31.9,8.8,1.4,50.1,11.0,0.0,14.5,10.9
36119,Westchester County,36119014811,5695,0.0175,2.3,3.2,10.6,2.9,2.4,14.6,23.4,0.0,0.0,1.8
36119,Westchester County,36119014812,4747,0.2452,13.1,7.8,14.8,6.9,4.4,20.7,21.2,0.0,5.6,15.6
36119,Westchester County,36119014813,4193,0.2498,5.4,3.6,27.6,5.3,2.3,16.0,20.7,0.0,3.5,3.1
36119,Westchester County,36119014901,7017,0.1642,3.1,3.0,7.4,2.7,1.7,17.2,24.9,2.4,1.6,1.9
36119,Westchester County,36119014903,3801,0.1676,6.2,5.7,27.9,5.3,3.1,50.3,10.3,0.0,6.2,8.7
36119,Westchester County,36119014907,3987,0.0359,1.8,3.1,10.8,4.8,2.3,12.0,18.7,0.0,3.8,2.8
36119,Westchester County,36119014908,3883,0.0815,6.1,4.9,15.7,3.1,0.3,16.1,20.2,0.0,6.5,6.4
36119,Westchester County,36119014909,2645,0.1965,7.8,12.2,22.8,1.2,3.6,37.8,18.2,0.0,1.7,5.1
36119,Westchester County,36119015000,5172,0.1186,4.8,6.0,14.2,2.8,1.2,22.2,23.9,0.5,2.5,6.7
36119,Westchester County,36119015100,5049,0.8044,2.7,6.3,22.8,11.4,5.9,32.0,17.3,7.0,14.9,13.1
36119,Westchester County,36119981000,1784,0.6989,85.9,33.9,28.4,23.1,3.2,1.9,8.1,5.1,48.9,8.6
36119,Westchester County,36119982000,1471,,,,,41.8,,1.6,0.0,,,
36119,Westchester County,36119983000,1037,,69.4,0.0,,48.4,0.0,0.0,0.0,,,
36119,Westchester County,36119984000,572,0.8246,59.2,17.2,93.1,20.5,0.0,58.9,1.6,0.0,20.8,19.4
36119,Westchester County,36119985000,2145,,,12.9,,0.0,5.0,0.0,0.6,,,
36121,Wyoming County,36121970100,2555,0.3534,15.5,3.8,19.6,10.2,7.9,17.9,22.6,1.2,6.7,10.7
36121,Wyoming County,36121970201,2112,,,,,72.2,,3.0,0.0,,,
36121,Wyoming County,36121970202,3560,0.1975,7.3,4.6,16.1,5.0,1.3,19.2,22.1,0.3,3.4,18.0
36121,Wyoming County,36121970300,3235,0.0466,13.2,0.5,12.7,6.1,0.2,19.6,19.9,2.6,1.0,12.1
36121,Wyoming County,36121970400,3742,0.2425,13.6,6.6,12.6,6.0,3.9,19.3,17.5,2.3,3.5,16.8
36121,Wyoming County,36121970500,5288,0.5176,26.2,4.9,28.6,8.4,5.3,22.7,13.9,0.0,18.7,17.2
36121,Wyoming County,36121970600,5762,0.6495,23.6,4.3,23.1,13.4,6.7,20.5,24.7,0.7,9.8,17.0
36121,Wyoming County,36121970700,2708,0.5174,24.5,8.4,23.4,6.7,5.2,22.2,21.7,2.6,3.9,10.9
36121,Wyoming County,36121970800,2571,0.4079,22.2,3.0,26.6,8.8,3.2,18.0,22.4,0.5,5.8,19.2
36121,Wyoming County,36121970900,2166,0.0574,10.4,1.8,11.3,7.5,2.0,18.4,24.4,1.0,0.1,15.5
36121,Wyoming County,36121971000,4171,0.3079,16.6,2.8,20.5,4.7,6.1,19.4,20.1,0.0,8.7,15.9
36121,Wyoming County,36121971100,2468,0.4636,23.3,3.2,21.9,11.5,3.2,20.4,25.2,2.7,9.3,27.1
36123,Yates County,36123150101,3475,0.6677,39.8,3.3,21.9,16.3,8.0,14.1,28.3,5.4,5.4,16.1
36123,Yates County,36123150102,2309,0.5955,20.0,5.0,25.2,18.7,32.0,22.0,23.6,1.5,17.3,27.2
36123,Yates County,36123150200,5672,0.771,20.3,3.5,29.0,18.4,22.2,22.2,23.5,1.4,17.4,27.6
36123,Yates County,36123150301,2724,0.5609,16.7,2.9,22.9,11.5,14.9,19.5,21.7,1.3,8.2,21.4
36123,Yates County,36123150302,1957,0.4647,19.0,3.1,25.6,14.1,13.1,23.0,19.4,1.6,14.6,12.9
36123,Yates County,36123150400,3656,0.3868,18.9,3.4,22.3,15.3,10.3,18.1,16.1,1.4,13.2,18.0
36123,Yates County,36123150501,2333,0.2494,20.1,1.6,15.5,12.1,11.6,33.0,17.8,0.0,12.0,29.2
36123,Yates County,36123150502,2587,0.4176,18.0,2.9,11.1,15.9,30.3,24.7,23.2,4.4,14.0,22.0
